permit_number,duracion_dias,duracion_log,tipo_permiso,agente,inspector,n_segmentos,lag_aprob_inicio,anio_aprobacion,mes_inicio,largo_proposito,tiene_proposito,particion,distrito,cruza_distrito,analysis_neighborhood,cruza_analysis_neighborhood,permit_zipcode,cruza_permit_zipcode,Latitude,Longitude
26EXC-01641,180.0,5.198497031265826,Excavation,Ronan Construction Inc.,Sin asignar,0.0367606292529663,0.2524578627009549,0.5436811197885065,-0.6284037333297915,0.5850915883411051,1,test,3,1,South of Market,1,94103,1,37.784743161532276,-122.41411284023842
25EXC-01889,587.0,6.376726947898627,Excavation,"Cratus, Inc.",Don Doan,0.3801695618214877,0.1987264703282337,0.247534501480716,0.0470617434801031,3.1980946165851813,1,test,10,1,Bayview Hunters Point,1,94134,1,37.7162022864887,-122.39931519724793
26EXC-01027,165.0,5.111987788356544,Excavation,Michael O'Shaugnessy Construction Inc.,David Barajas,-0.6672276825125026,0.306189255073676,0.5436811197885065,-0.9661364717347388,1.1490490764513377,1,test,1,0,Inner Richmond,0,94118,1,37.78470349568813,-122.46733288690062
24WR-00016,3940.0,8.279189777195004,Wireless,Otros,Jeffrey Ramirez,-0.9247843819388938,0.1863269182422211,-0.0486121168270745,-0.6284037333297915,-0.8811978807454991,0,test,11,0,Outer Mission,0,94112,0,37.709907441,-122.45664481769
26EXC-03591,57.0,4.060443010546419,Excavation,Pacific Gas & Electric,Mario Novoa,-0.9247843819388938,0.2069928383855754,0.5436811197885065,0.0470617434801031,-0.2044488950132202,1,train,7,0,Twin Peaks,0,94131,0,37.74754002362,-122.45065105656
26EXC-03674,11.0,2.4849066497880004,Excavation,Otros,Otros,-0.9247843819388938,0.2400583106149423,0.5436811197885065,0.3847944818850504,-0.3172403926352667,1,train,7,0,Inner Sunset,0,94116,0,37.75258396076,-122.46535611947
26EXC-01294,28.0,3.367295829986474,Excavation,Pacific Gas & Electric,Jeffrey Ramirez,-0.9247843819388938,0.5004489044212064,0.5436811197885065,0.7225272202899977,-0.223247477950228,1,train,1,0,Golden Gate Park,0,94121,0,37.77274091918,-122.48044167341
26VDR-00028,304.0,5.720311776607412,Referral,Otros,Sin asignar,-0.9247843819388938,-0.3179215332556236,0.5436811197885065,-1.303869210139686,-0.148053146202197,1,train,9,0,Mission,0,94110,0,37.751200352,-122.4181599552
26S-00036,88.0,4.48863636973214,Otros,Otros,Otros,-0.9247843819388938,0.1945932862995628,0.5436811197885065,0.7225272202899977,-0.0916573973911737,1,train,5,0,Pacific Heights,0,94115,0,37.78684950697,-122.43565833468
25EXC-05457,419.0,6.040254711277414,Excavation,Otros,Eduard Rizal Salvador,-0.5813754493703723,0.2028596543569046,0.247534501480716,1.7357254355048397,0.7730774177111825,1,train,5,1,Western Addition,1,94102,1,37.77723010042333,-122.42666881350763
25EXC-03925,438.0,6.084499413075172,Excavation,"Precision Engineering, Inc.",Sin asignar,1.4619076994123303,-1.0205628181296698,0.5436811197885065,0.7225272202899977,0.1715227637269346,1,train,6,1,South of Market,1,94103,1,37.77400513456043,-122.4243051118515
26EXC-01206,564.0,6.336825731146441,Excavation,"Esquivel Grading & Paving, Inc.",Garland Wong,1.0669874269585309,0.2937897029876635,0.5436811197885065,-0.2906709949248441,0.3595085930970121,1,train,5,1,Tenderloin,1,94109,1,37.7858128799,-122.41499317090401
24EXC-04070,165.0,5.111987788356544,Excavation,Pacific Gas & Electric,Jeffrey Ramirez,-0.6328867892556506,1.508945807416896,0.5436811197885065,-1.9793346869495807,-0.3360389755722744,1,train,6,0,Financial District/South Beach,1,94107,1,37.78593264655555,-122.39265216137944
18WR-0384,3946.0,8.280711075662847,Wireless,Otros,Sin asignar,-0.9247843819388938,0.1863269182422211,-1.529345208366027,-0.2906709949248441,-0.8811978807454991,0,train,9,0,Mission,0,94110,0,37.76341371979,-122.41958063079
25EXC-04312,478.0,6.171700597410915,Excavation,Michael O'Shaugnessy Construction Inc.,Joyce Bulatao,1.5992712724397389,0.2028596543569046,0.247534501480716,1.060259958694945,0.0587312661048881,1,train,2,1,Marina,1,94123,1,37.77793638006608,-122.43925720185628
24IE-00460,1187.0,7.080026499922591,StrtImprov,Otros,Otros,-0.9076139353104676,0.1615278140701959,0.247534501480716,1.060259958694945,1.2618405740733838,1,train,7,0,West of Twin Peaks,0,94112,0,37.724715028635,-122.4532162681
25IE-00515,1005.0,6.913737350659685,StrtImprov,Otros,Sin asignar,-0.9247843819388938,0.1821937342135502,0.5436811197885065,-0.9661364717347388,1.4122292375694456,1,train,6,0,Treasure Island,0,Desconocido,0,37.81675051466,-122.3719151297
25EXC-06100,81.0,4.406719247264253,Excavation,Pacific Gas & Electric,Don Doan,-0.7187390223977809,0.2235255745002588,0.5436811197885065,0.3847944818850504,-0.2420460608872357,1,train,7,0,West of Twin Peaks,0,94127,1,37.736042208828465,-122.45401707960308
26EXC-01110,304.0,5.720311776607412,Excavation,Otros,Jeffrey Ramirez,-0.7015685757693548,0.219392390471588,0.5436811197885065,-0.9661364717347388,-0.223247477950228,1,train,10,0,Bayview Hunters Point,1,Desconocido,1,37.751879488536424,-122.39099238992571
25VDR-00075,437.0,6.082218910376446,Referral,Otros,Sin asignar,-0.9247843819388938,0.1863269182422211,0.247534501480716,0.7225272202899977,-0.599219136690383,1,test,6,0,South of Market,0,94103,0,37.77708254123,-122.41363229606
25EXC-05123,1100.0,7.00397413672268,Excavation,"Esquivel Grading & Paving, Inc.",Otros,-0.1864551769165726,-0.1153955158507515,0.5436811197885065,-1.9793346869495807,-0.223247477950228,1,test,6,0,Financial District/South Beach,1,94105,1,37.78797176717864,-122.3967625954759
26IE-00001,153.0,5.0369526024136295,StrtImprov,Otros,Otros,-0.9247843819388938,0.1863269182422211,0.5436811197885065,0.0470617434801031,0.3219114272229966,1,train,11,0,Excelsior,0,94112,0,37.72104616137,-122.42686064086
26EXC-02624,776.0,6.655440350367647,Excavation,"Cratus, Inc.",Otros,0.2428059887940792,0.2028596543569046,0.5436811197885065,0.7225272202899977,1.7318051474985774,1,train,7,0,Inner Sunset,1,94122,1,37.75493204030652,-122.4661994674784
24IE-00475,184.0,5.220355825078324,StrtImprov,Otros,Otros,-0.9247843819388938,0.1987264703282337,0.5436811197885065,-1.303869210139686,2.784525791971011,1,train,10,0,Bayview Hunters Point,0,94124,0,37.74533436217,-122.38689787403
26EXC-00031,634.0,6.453624998892692,Excavation,"Esquivel Grading & Paving, Inc.",Alastair Johns,2.577986730260025,0.2111260224142463,0.5436811197885065,-0.9661364717347388,0.3595085930970121,1,test,5,1,Marina,1,94115,1,37.787459499972194,-122.4332028156168
26VDR-00034,240.0,5.484796933490655,Referral,Otros,Sin asignar,-0.9247843819388938,0.1573946300415251,0.5436811197885065,-1.303869210139686,-0.1856503120762125,1,test,6,0,South of Market,0,94103,0,37.78075327118,-122.40843473241
26EXC-01561,28.0,3.367295829986474,Excavation,Pacific Gas & Electric,Jeffrey Ramirez,-0.9247843819388938,0.5004489044212064,0.5436811197885065,0.7225272202899977,-0.1292545632651892,1,train,1,0,Inner Richmond,0,94118,0,37.77787102743,-122.47050029018
26EXC-01553,28.0,3.367295829986474,Excavation,Pacific Gas & Electric,Jeffrey Ramirez,-0.9247843819388938,0.8228372586575333,0.5436811197885065,0.3847944818850504,-0.1292545632651892,1,train,9,0,Mission,0,94110,0,37.75373638496,-122.42025879187
25EXC-04464,452.0,6.115892125483034,Excavation,Otros,Otros,-0.1177733904028683,-0.0285986512486635,0.247534501480716,0.7225272202899977,0.1903213466639423,1,test,8,1,Mission,1,94110,1,37.76041633714271,-122.42619198727147
24EXC-00699,470.0,6.154858094016418,Excavation,Pacific Gas & Electric,Don Doan,-0.3753300898292594,0.2111260224142463,0.5436811197885065,-0.9661364717347388,0.0399326831678804,1,test,11,1,Oceanview/Merced/Ingleside,1,94132,1,37.72192542518424,-122.46472816415879
25IE-00357,184.0,5.220355825078324,StrtImprov,Otros,Otros,-0.9247843819388938,0.190460102270892,0.5436811197885065,-1.303869210139686,9.270036905238683,1,train,2,0,Pacific Heights,0,94115,0,37.78947193295,-122.44510208241
26EXC-01672,28.0,3.367295829986474,Excavation,Pacific Gas & Electric,Jeffrey Ramirez,-0.9247843819388938,0.5004489044212064,0.5436811197885065,0.7225272202899977,-0.6556148855014061,1,train,1,0,Inner Richmond,0,94118,0,37.77787102743,-122.47050029018
26IE-00159,1005.0,6.913737350659685,StrtImprov,Otros,Sin asignar,-0.7874208089114852,0.0995300536401331,0.5436811197885065,-0.9661364717347388,7.615761606782002,1,train,6,0,Treasure Island,0,Desconocido,1,37.81099945962333,-122.36886192290889
26EXC-00852,325.0,5.786897381366708,Excavation,Ronan Construction Inc.,David Barajas,0.7750898342752874,0.2069928383855754,0.5436811197885065,-0.9661364717347388,0.3783071760340198,1,train,5,1,Hayes Valley,1,94117,1,37.7744470874683,-122.4439928958714
26ADS-00018,184.0,5.220355825078324,AddlStSpac,Otros,Sin asignar,-0.9247843819388938,0.2359251265862714,0.5436811197885065,-0.6284037333297915,0.6414873371521282,1,train,6,0,South of Market,0,94103,0,37.78110781521,-122.40743598448
25EXC-02300,521.0,6.257667587882639,Excavation,Otros,Mario Novoa,-0.1349438370312944,-0.9874973459003028,0.5436811197885065,-0.2906709949248441,1.900992393931647,1,train,8,0,Noe Valley,1,94114,1,37.752274749278506,-122.44117777205106
25IE-00440,182.0,5.209486152841421,StrtImprov,Otros,Mario Novoa,-0.9247843819388938,0.2111260224142463,0.5436811197885065,-0.9661364717347388,-0.223247477950228,1,test,8,0,Noe Valley,0,94131,0,37.74246348615,-122.43181056399
25VDR-00077,429.0,6.063785208687608,Referral,Otros,Sin asignar,-0.9247843819388938,0.1697941821275377,0.247534501480716,0.7225272202899977,-0.6368163025643984,1,train,6,0,Financial District/South Beach,0,94108,0,37.7862683123,-122.40524599954
26EXC-02866,487.0,6.190315405853148,Excavation,"Esquivel Grading & Paving, Inc.",Garland Wong,1.1356692134722348,0.2028596543569046,0.5436811197885065,0.3847944818850504,0.3595085930970121,1,train,7,1,West of Twin Peaks,1,94127,1,37.73920039381735,-122.46683687096439
26VDR-00041,220.0,5.3981627015177525,Referral,Otros,Sin asignar,-0.5470345561135201,0.1284623418408291,0.5436811197885065,-0.9661364717347388,-0.3360389755722744,1,train,6,0,South of Market,0,94103,0,37.77637808405,-122.40952433067392
26S-00070,28.0,3.367295829986474,Otros,Otros,Otros,-0.9247843819388938,0.1945932862995628,0.5436811197885065,0.3847944818850504,0.735480251837167,1,train,9,0,Mission,0,94103,0,37.76555787532,-122.41915166933
26EXC-03639,122.0,4.812184355372417,Excavation,Pacific Gas & Electric,Mario Novoa,-0.4783527695998159,0.2524578627009549,0.5436811197885065,0.0470617434801031,-0.223247477950228,1,test,8,1,Haight Ashbury,1,94117,1,37.76453357111926,-122.45202891748556
25EXC-00676,570.0,6.3473892096560105,Excavation,Otros,Gabriel Howell,0.208465095537227,-1.8761319120645372,0.5436811197885065,-1.303869210139686,2.427352716167864,1,train,7,1,Inner Sunset,0,94122,1,37.76013764298731,-122.46391486128492
26EXC-01818,28.0,3.367295829986474,Excavation,Pacific Gas & Electric,Jeffrey Ramirez,-0.9247843819388938,0.5293811926219024,0.5436811197885065,1.060259958694945,-0.3360389755722744,1,train,11,0,Oceanview/Merced/Ingleside,0,94112,0,37.71489614762,-122.46082698178
24IE-00041,122.0,4.812184355372417,StrtImprov,Otros,Otros,-0.9247843819388938,0.0457986612674119,0.5436811197885065,0.0470617434801031,0.8482717494592135,1,train,4,0,Sunset/Parkside,0,94122,0,37.76228464508,-122.48577448467
26VDR-00042,214.0,5.3706380281276624,Referral,Otros,Sin asignar,-0.9247843819388938,0.1863269182422211,0.5436811197885065,-0.9661364717347388,0.885868915333229,1,train,6,0,South of Market,0,94103,0,37.77708254123,-122.41363229606
25WR-00028,3930.0,8.27664912542186,Wireless,Otros,Sin asignar,-0.9247843819388938,0.1863269182422211,0.5436811197885065,-1.6416019485446334,-0.8811978807454991,0,test,4,0,Sunset/Parkside,0,94122,0,37.75685818936,-122.50191234645
26EXC-01925,226.0,5.424950017481403,Excavation,Otros,Otros,-0.8732730420536156,0.2400583106149423,0.5436811197885065,-0.6284037333297915,-0.0164630656431428,1,train,9,0,Bernal Heights,0,94110,0,37.7448698772,-122.4058060105075
25EXC-05850,284.0,5.652489180268651,Excavation,Ronan Construction Inc.,David Barajas,-0.3066483033155551,-0.2600569568542316,0.5436811197885065,-1.9793346869495807,-0.072858814454166,1,train,9,1,Mission,1,94110,1,37.7534654718773,-122.41572429573566
26EXC-01852,227.0,5.429345628954441,Excavation,"Esquivel Grading & Paving, Inc.",Otros,-0.8389321487967634,0.2607242307582966,0.5436811197885065,-0.6284037333297915,-0.1292545632651892,1,train,6,0,Financial District/South Beach,0,94105,1,37.78982069920333,-122.39414580988334
25IE-00070,365.0,5.902633333401366,StrtImprov,Otros,Otros,-0.9247843819388938,0.190460102270892,0.5436811197885065,-0.9661364717347388,3.686857772947383,1,test,8,0,Mission,0,94110,0,37.75762466152,-122.42465128244
26ADS-00041,163.0,5.099866427824199,AddlStSpac,Otros,Sin asignar,-0.9247843819388938,0.2235255745002588,0.5436811197885065,-0.2906709949248441,0.1903213466639423,1,train,6,0,South of Market,0,94103,0,37.77629708112,-122.40699457981
26EXC-01969,28.0,3.367295829986474,Excavation,Pacific Gas & Electric,Jeffrey Ramirez,-0.9247843819388938,0.7112412898834202,0.5436811197885065,0.3847944818850504,-0.3360389755722744,1,train,8,0,Noe Valley,0,94110,0,37.7446973882,-122.42344902795
26EXC-02030,28.0,3.367295829986474,Excavation,Pacific Gas & Electric,Jeffrey Ramirez,-0.9247843819388938,0.8517695468582294,0.5436811197885065,0.7225272202899977,-0.1292545632651892,1,train,9,0,Mission,0,94110,0,37.76227945629,-122.41211179865
26ADS-00025,184.0,5.220355825078324,AddlStSpac,Otros,Sin asignar,-0.9247843819388938,0.1945932862995628,0.5436811197885065,-0.6284037333297915,-0.599219136690383,1,train,8,0,Haight Ashbury,0,94117,0,37.76494747007,-122.44743695757
26EXC-02037,88.0,4.48863636973214,Excavation,Otros,Otros,-0.8217617021683373,0.2069928383855754,0.5436811197885065,0.3847944818850504,0.1151270149159114,1,test,8,0,Glen Park,1,94131,0,37.736421897424286,-122.43433449228999
26EXC-02056,28.0,3.367295829986474,Excavation,Pacific Gas & Electric,Jeffrey Ramirez,-0.9247843819388938,0.5831125849946236,0.5436811197885065,0.7225272202899977,-0.148053146202197,1,train,1,0,Inner Richmond,0,94118,0,37.78506224306,-122.46403758633
26EXC-02187,548.0,6.3080984415095305,Excavation,"Esquivel Grading & Paving, Inc.",Sin asignar,1.7366348454671474,0.1739273661562085,0.5436811197885065,0.0470617434801031,0.3595085930970121,1,train,2,1,Marina,1,94123,1,37.78564722198679,-122.44717604512218
26EXC-02076,160.0,5.081404364984463,Excavation,Pacific Gas & Electric,Mario Novoa,-0.4096709830861116,0.306189255073676,0.5436811197885065,-0.6284037333297915,-0.1292545632651892,1,test,8,1,Twin Peaks,1,94114,1,37.75779115410226,-122.44914013036161
26ADS-00040,183.0,5.214935757608986,AddlStSpac,Otros,Sin asignar,-0.9247843819388938,0.190460102270892,0.5436811197885065,-0.2906709949248441,0.2091199296009501,1,train,8,0,Mission,0,94110,0,37.75176713869,-122.42082586406
15WR-0473,3945.0,8.28045768658256,Wireless,Verizon Wireless,Sin asignar,-0.9247843819388938,0.1863269182422211,-2.417785063289399,-1.9793346869495807,-0.8811978807454991,0,train,6,0,Financial District/South Beach,0,94105,0,37.78813945633,-122.39257954045
26EXC-00980,779.0,6.659293919683638,Excavation,M Squared Construction,Otros,0.2771468820509313,0.1780605501848794,0.5436811197885065,-0.2906709949248441,0.9798618300182677,1,train,10,0,Bayview Hunters Point,0,94124,1,37.72934722103028,-122.38442612314944
26EXC-02989,557.0,6.324358962381311,Excavation,LC General Engineering & Construction,Nick Haase,0.6377262612478789,0.1449950779555125,0.5436811197885065,-0.2906709949248441,-0.148053146202197,1,train,10,1,Visitacion Valley,1,94134,1,37.716692984566954,-122.40768235214445
26E-00320,30.0,3.4339872044851463,ExcStreet,Otros,Otros,-0.9247843819388938,0.2028596543569046,0.5436811197885065,0.3847944818850504,-0.3360389755722744,1,test,2,0,Western Addition,0,94109,0,37.78998825347,-122.42415914367
26EXC-02972,58.0,4.07753744390572,Excavation,Pacific Gas & Electric,Gabriel Howell,-0.9247843819388938,0.3516542793890555,0.5436811197885065,0.0470617434801031,-0.1104559803281815,1,train,4,0,Sunset/Parkside,0,94122,0,37.76139364518,-122.4839596377
26EXC-03013,28.0,3.367295829986474,Excavation,Pacific Gas & Electric,Don Doan,-0.9247843819388938,0.4508506960771561,0.5436811197885065,0.3847944818850504,-0.6368163025643984,1,train,4,0,Sunset/Parkside,0,94116,0,37.74700283433,-122.49209138454
26PKT-00018,138.0,4.934473933130692,Otros,Otros,Sin asignar,-0.9247843819388938,0.1863269182422211,0.5436811197885065,-0.2906709949248441,9.326432654049707,1,train,2,0,Marina,0,94123,0,37.79984371626,-122.4377891845
26EXC-02554,1049.0,6.956545443151569,Excavation,Otros,Eduard Rizal Salvador,0.5003626882204703,0.2028596543569046,0.5436811197885065,0.3847944818850504,0.4910986736560663,1,train,1,1,Outer Richmond,1,Desconocido,1,37.76160770052143,-122.44844116362607
26E-00403,29.0,3.4011973816621555,ExcStreet,Otros,Otros,-0.9247843819388938,0.2111260224142463,0.5436811197885065,0.3847944818850504,0.1151270149159114,1,train,8,0,Castro/Upper Market,0,94114,0,37.75774311528,-122.43180581306
26EXC-03638,11.0,2.4849066497880004,Excavation,Otros,Otros,-0.9247843819388938,0.2400583106149423,0.5436811197885065,0.3847944818850504,-0.2420460608872357,1,test,7,0,Lakeshore,0,94132,0,37.71436302387,-122.49198854667
26EXC-03057,89.0,4.499809670330265,Excavation,"Precision Engineering, Inc.",Eduard Rizal Salvador,-0.4440118763429637,0.2896565189589926,0.5436811197885065,0.3847944818850504,-0.2420460608872357,1,test,7,1,Sunset/Parkside,1,94122,1,37.75208539044207,-122.45056649146862
26EXC-03025,58.0,4.07753744390572,Excavation,Pacific Gas & Electric,Don Doan,-0.9247843819388938,0.3723201995324098,0.5436811197885065,0.0470617434801031,0.0023355172938649,1,train,10,0,Bayview Hunters Point,0,94124,0,37.73824915441,-122.38208347549
25VDR-00086,364.0,5.899897353582492,Referral,Otros,Sin asignar,-0.9247843819388938,0.3475210953603846,0.247534501480716,1.3979926970998924,-0.4864276390683364,1,train,3,0,Financial District/South Beach,0,Desconocido,0,37.79447970475,-122.39474757939
25WR-00034,3945.0,8.28045768658256,Wireless,Otros,Sin asignar,-0.9247843819388938,0.1863269182422211,0.5436811197885065,-1.6416019485446334,-0.8811978807454991,0,train,9,0,Portola,0,94134,0,37.71933465213,-122.4109482573
26EXC-03680,46.0,3.8501476017100575,Excavation,Otros,Otros,-0.9247843819388938,0.2069928383855754,0.5436811197885065,0.3847944818850504,-0.2420460608872357,1,train,7,0,West of Twin Peaks,0,94127,0,37.72652139409,-122.47072123546
26EXC-03676,11.0,2.4849066497880004,Excavation,Otros,Otros,-0.9247843819388938,0.2607242307582966,0.5436811197885065,0.3847944818850504,-0.298441809698259,1,train,4,0,Sunset/Parkside,0,94122,0,37.75768598455,-122.48653062797
26EXC-03049,57.0,4.060443010546419,Excavation,Pacific Gas & Electric,Don Doan,-0.9247843819388938,0.3888529356470932,0.5436811197885065,0.3847944818850504,-0.223247477950228,1,train,7,0,West of Twin Peaks,0,94127,0,37.72565916268,-122.46805671063
26EXC-03076,57.0,4.060443010546419,Excavation,Pacific Gas & Electric,Mario Novoa,-0.9247843819388938,0.3888529356470932,0.5436811197885065,0.3847944818850504,-0.2044488950132202,1,train,8,0,Haight Ashbury,0,94117,0,37.7674123656,-122.45232602843
26EXC-03072,57.0,4.060443010546419,Excavation,Pacific Gas & Electric,Otros,-0.9247843819388938,0.3888529356470932,0.5436811197885065,0.3847944818850504,-0.2044488950132202,1,test,4,0,Sunset/Parkside,0,94122,0,37.76240111299,-122.49085584506
26ADS-00043,61.0,4.127134385045092,AddlStSpac,Otros,Sin asignar,-0.9247843819388938,0.190460102270892,0.5436811197885065,0.7225272202899977,0.7918760006481902,1,train,2,0,Marina,0,94123,0,37.80198172821,-122.43910603823
26VDR-00059,156.0,5.056245805348308,Referral,Otros,Sin asignar,-0.9247843819388938,0.1739273661562085,0.5436811197885065,-0.2906709949248441,0.4723000907190586,1,test,9,0,Mission,0,94110,0,37.75594066974,-122.41886531632
26EXC-03045,57.0,4.060443010546419,Excavation,Pacific Gas & Electric,Don Doan,-0.9247843819388938,0.3888529356470932,0.5436811197885065,0.3847944818850504,0.0211341002308726,1,train,10,0,Bayview Hunters Point,0,94124,0,37.72045169612,-122.39038276031
26EXC-03015,30.0,3.4339872044851463,Excavation,Pacific Gas & Electric,Jeffrey Ramirez,-0.9247843819388938,0.3103224391023469,0.5436811197885065,0.3847944818850504,-0.1292545632651892,1,train,6,0,Financial District/South Beach,0,94105,0,37.7898998513,-122.39598552662
26EXC-03082,57.0,4.060443010546419,Excavation,Pacific Gas & Electric,Mario Novoa,-0.9247843819388938,0.3847197516184223,0.5436811197885065,0.3847944818850504,-0.2420460608872357,1,train,5,0,Haight Ashbury,0,94117,0,37.76933122658,-122.44848425067
25MFF-00045,340.0,5.831882477283517,FoodFac,Otros,Sin asignar,-0.5298641094850941,0.1863269182422211,0.247534501480716,1.7357254355048397,-0.8811978807454991,0,test,10,1,Bayview Hunters Point,1,94124,1,37.7380973335125,-122.39110775483915
25MFF-00044,317.0,5.762051382780177,FoodFac,Otros,Sin asignar,-0.9076139353104676,0.1863269182422211,0.5436811197885065,-1.9793346869495807,-0.8811978807454991,0,train,10,0,Bayview Hunters Point,0,94124,0,37.744465305145,-122.39064569801499
25MFF-00034,152.0,5.030437921392435,FoodFac,Otros,Sin asignar,-0.9076139353104676,0.1863269182422211,0.5436811197885065,-0.2906709949248441,-0.8811978807454991,0,train,9,0,Mission,0,94103,0,37.7678993733,-122.41571385207
25EXC-03741,653.0,6.483107351457199,Excavation,Otros,Gabriel Howell,-0.9247843819388938,-0.5824453110905586,0.5436811197885065,0.7225272202899977,0.4535015077820508,1,test,1,0,Seacliff,0,94121,0,37.78852105908,-122.48672722357
26EXC-03017,32.0,3.49650756146648,Excavation,Pacific Gas & Electric,Jeffrey Ramirez,-0.9247843819388938,0.3103224391023469,0.5436811197885065,0.3847944818850504,-0.1292545632651892,1,train,6,0,Financial District/South Beach,0,94105,0,37.7898998513,-122.39598552662
26EXC-02082,28.0,3.367295829986474,Excavation,Pacific Gas & Electric,Jeffrey Ramirez,-0.9247843819388938,0.2607242307582966,0.5436811197885065,0.3847944818850504,-0.3360389755722744,1,test,1,0,Outer Richmond,0,94121,0,37.77699028573,-122.4898832365
25EXC-05476,28.0,3.367295829986474,Excavation,Pacific Gas & Electric,Jeffrey Ramirez,-0.9076139353104676,0.6409771613960156,0.5436811197885065,0.7225272202899977,-0.37363614144629,1,train,10,0,Bayview Hunters Point,0,94124,0,37.730589021214996,-122.38618046364
26EXC-03125,59.0,4.0943445622221,Excavation,Pacific Gas & Electric,Jeffrey Ramirez,-0.8904434886820416,0.3805865675897515,0.5436811197885065,0.3847944818850504,0.0963284319789036,1,test,5,0,Tenderloin,0,94109,1,37.785399592206666,-122.41654516880334
26EXC-03139,28.0,3.367295829986474,Excavation,Pacific Gas & Electric,Gabriel Howell,-0.9247843819388938,0.426051591905131,0.5436811197885065,0.3847944818850504,-0.5240248049423519,1,test,2,0,Pacific Heights,0,94115,0,37.78790094512,-122.44549541637
26EXC-03142,59.0,4.0943445622221,Excavation,Pacific Gas & Electric,Gabriel Howell,-0.9247843819388938,0.3805865675897515,0.5436811197885065,0.3847944818850504,0.0963284319789036,1,train,4,0,Sunset/Parkside,0,94122,0,37.75297767516,-122.48390905853
26EXC-03121,59.0,4.0943445622221,Excavation,Pacific Gas & Electric,Mario Novoa,-0.9247843819388938,0.3805865675897515,0.5436811197885065,0.3847944818850504,-0.0540602315171583,1,train,8,0,Inner Sunset,0,94117,0,37.76056526536,-122.45049853854
26EXC-03169,28.0,3.367295829986474,Excavation,Pacific Gas & Electric,Gabriel Howell,-0.9247843819388938,0.4219184078764601,0.5436811197885065,0.3847944818850504,-0.1292545632651892,1,train,2,0,Presidio Heights,0,94115,0,37.79091114755,-122.44680915254
26EXC-03148,28.0,3.367295829986474,Excavation,Pacific Gas & Electric,Gabriel Howell,-0.9247843819388938,0.426051591905131,0.5436811197885065,0.3847944818850504,-0.1292545632651892,1,train,2,0,Presidio Heights,0,94118,0,37.78819237002,-122.45022992783
26N-00280,50.0,3.9318256327243257,NightNoise,Otros,Sin asignar,-0.9076139353104676,0.1863269182422211,0.5436811197885065,0.3847944818850504,-0.072858814454166,1,train,3,0,Financial District/South Beach,0,94104,0,37.79049756102,-122.40117582422
26EXC-03177,59.0,4.0943445622221,Excavation,Pacific Gas & Electric,Mario Novoa,-0.9247843819388938,0.3764533835610806,0.5436811197885065,0.3847944818850504,0.0963284319789036,1,train,8,0,Noe Valley,0,94131,0,37.74802974564,-122.43487944585
25S-00080,30.0,3.4339872044851463,Otros,Otros,Otros,-0.9247843819388938,0.219392390471588,0.5436811197885065,0.3847944818850504,0.3219114272229966,1,train,9,0,Mission,0,94110,0,37.75301437942,-122.42017050727
26EXC-02052,28.0,3.367295829986474,Excavation,Pacific Gas & Electric,Sin asignar,-0.9247843819388938,0.4673834321918395,0.5436811197885065,0.3847944818850504,-0.3172403926352667,1,train,8,0,Noe Valley,0,94114,0,37.75396914466,-122.43415836681
26EXC-03134,59.0,4.0943445622221,Excavation,Pacific Gas & Electric,Otros,-0.9247843819388938,0.3764533835610806,0.5436811197885065,0.3847944818850504,0.0399326831678804,1,train,5,0,Hayes Valley,0,94102,0,37.77652077202,-122.42205907713
26EXC-03199,28.0,3.367295829986474,Excavation,Pacific Gas & Electric,Gabriel Howell,-0.9247843819388938,0.4343179599624727,0.5436811197885065,0.3847944818850504,-0.1292545632651892,1,test,5,0,Western Addition,0,94115,0,37.77867881142,-122.43514670042
26EXC-03192,28.0,3.367295829986474,Excavation,Pacific Gas & Electric,Gabriel Howell,-0.9247843819388938,0.4219184078764601,0.5436811197885065,0.3847944818850504,-0.5804205537533752,1,train,2,0,Presidio Heights,0,94115,0,37.79038191294,-122.44741591432
26EXC-03077,57.0,4.060443010546419,Excavation,Pacific Gas & Electric,Mario Novoa,-0.9247843819388938,0.3764533835610806,0.5436811197885065,0.3847944818850504,-0.2044488950132202,1,test,8,0,Inner Sunset,0,94117,0,37.7608920339,-122.44829213057
26EXC-03178,28.0,3.367295829986474,Excavation,Pacific Gas & Electric,Gabriel Howell,-0.9247843819388938,0.426051591905131,0.5436811197885065,0.3847944818850504,-0.1292545632651892,1,train,2,0,Presidio Heights,0,94118,0,37.79071555532,-122.4483455415
26EXC-03228,59.0,4.0943445622221,Excavation,Pacific Gas & Electric,Don Doan,-0.9247843819388938,0.5252480085932316,0.5436811197885065,0.7225272202899977,-0.1104559803281815,1,train,10,0,Visitacion Valley,0,94134,0,37.71322589885,-122.42099050137
26EXC-03236,28.0,3.367295829986474,Excavation,Pacific Gas & Electric,Gabriel Howell,-0.9247843819388938,0.4012524877331058,0.5436811197885065,0.3847944818850504,-0.2044488950132202,1,test,2,0,Presidio Heights,0,94118,0,37.78966528604,-122.45659264023
26EXC-03226,28.0,3.367295829986474,Excavation,Pacific Gas & Electric,Jeffrey Ramirez,-0.9247843819388938,0.4797829842778521,0.5436811197885065,0.7225272202899977,-0.3172403926352667,1,train,11,0,Excelsior,0,94112,0,37.7163800668,-122.43513175369
23PKT-00233,101.0,4.624972813284271,Otros,Otros,Sin asignar,-0.9247843819388938,0.1863269182422211,0.5436811197885065,0.3847944818850504,5.71710473014422,1,test,10,0,Potrero Hill,0,94107,0,37.76250541234,-122.3970719832
25VDR-00098,364.0,5.899897353582492,Referral,Otros,Sin asignar,-0.9247843819388938,0.2937897029876635,0.247534501480716,1.3979926970998924,0.5850915883411051,1,train,6,0,Financial District/South Beach,0,94107,0,37.78325709208,-122.3879974279
26N-00314,1.0,0.6931471805599453,NightNoise,Pacific Gas & Electric,Sin asignar,-0.8904434886820416,0.4756498002491813,0.5436811197885065,1.060259958694945,1.318236322884407,1,train,1,0,Outer Richmond,1,94121,0,37.783329206430004,-122.49034179057666
26EXC-02834,353.0,5.869296913133774,Excavation,Otros,Otros,-0.8389321487967634,0.2069928383855754,0.5436811197885065,0.3847944818850504,0.2843142613489811,1,train,3,0,Financial District/South Beach,1,Desconocido,1,37.78628973114,-122.40714022345333
26EXC-03258,59.0,4.0943445622221,Excavation,Pacific Gas & Electric,Gabriel Howell,-0.9247843819388938,0.3557874634177264,0.5436811197885065,0.3847944818850504,0.0587312661048881,1,train,4,0,Sunset/Parkside,0,94122,0,37.76045455622,-122.50207211305
26EXC-03262,61.0,4.127134385045092,Excavation,Pacific Gas & Electric,Jeffrey Ramirez,-0.7530799156546331,0.2069928383855754,0.5436811197885065,0.3847944818850504,0.0399326831678804,1,test,2,0,Russian Hill,1,94109,1,37.80407164779364,-122.42499986708545
26EXC-03254,59.0,4.0943445622221,Excavation,Pacific Gas & Electric,Don Doan,-0.9247843819388938,0.3557874634177264,0.5436811197885065,0.3847944818850504,0.1151270149159114,1,train,4,0,Sunset/Parkside,0,94132,0,37.73177038168,-122.48270752197
25VDR-00104,364.0,5.899897353582492,Referral,Otros,Sin asignar,-0.9247843819388938,0.2979228870163343,0.247534501480716,1.3979926970998924,0.0775298490418959,1,test,8,0,Castro/Upper Market,0,94114,0,37.7690653501,-122.42909088546
26EXC-03259,59.0,4.0943445622221,Excavation,Pacific Gas & Electric,Don Doan,-0.9247843819388938,0.3557874634177264,0.5436811197885065,0.3847944818850504,0.0587312661048881,1,train,4,0,Sunset/Parkside,0,94116,0,37.73839961239,-122.48273242435
26EXC-03260,28.0,3.367295829986474,Excavation,Pacific Gas & Electric,Jeffrey Ramirez,-0.9247843819388938,0.2731237828443091,0.5436811197885065,0.3847944818850504,-0.1292545632651892,1,train,1,0,Inner Richmond,0,94118,0,37.7840221472,-122.46127193431
25VDR-00101,364.0,5.899897353582492,Referral,Otros,Sin asignar,-0.9247843819388938,0.3103224391023469,0.247534501480716,1.3979926970998924,-0.4864276390683364,1,train,6,0,Financial District/South Beach,0,Desconocido,0,37.7817982215,-122.38830606777
15WR-0047,3941.0,8.279443487712665,Wireless,"ExteNet Systems, Inc.",Sin asignar,-0.9247843819388938,0.1863269182422211,-2.713931681597189,1.7357254355048397,-0.8811978807454991,0,train,6,0,Tenderloin,0,94102,0,37.77780108968,-122.41622434675
26EXC-03238,28.0,3.367295829986474,Excavation,Pacific Gas & Electric,Gabriel Howell,-0.9247843819388938,0.4177852238477892,0.5436811197885065,0.3847944818850504,-0.5240248049423519,1,train,5,0,Western Addition,0,94115,0,37.77852724607,-122.4325852791
26EXC-03281,57.0,4.060443010546419,Excavation,Pacific Gas & Electric,Don Doan,-0.9247843819388938,0.3227219911883595,0.5436811197885065,0.0470617434801031,-0.2044488950132202,1,train,11,0,Excelsior,0,94112,0,37.72629808314,-122.4270939851
26EXC-03243,25.0,3.258096538021482,Excavation,Otros,Don Doan,-0.9247843819388938,0.2400583106149423,0.5436811197885065,0.3847944818850504,-0.7496078001864449,1,train,10,0,Visitacion Valley,0,94134,0,37.70872413935,-122.4197541813
26EXC-03227,59.0,4.0943445622221,Excavation,Pacific Gas & Electric,Don Doan,-0.9247843819388938,0.3805865675897515,0.5436811197885065,0.7225272202899977,-0.1292545632651892,1,test,10,0,Visitacion Valley,0,94134,0,37.71214196208,-122.42085229193
26EXC-03305,28.0,3.367295829986474,Excavation,Pacific Gas & Electric,Jeffrey Ramirez,-0.9247843819388938,0.5872457690232944,0.5436811197885065,1.060259958694945,-0.1292545632651892,1,test,1,0,Seacliff,0,94121,0,37.78361567352,-122.49090045136
26E-00344,23.0,3.1780538303479458,ExcStreet,Otros,Otros,-0.9247843819388938,0.190460102270892,0.5436811197885065,0.7225272202899977,0.8482717494592135,1,test,4,0,Sunset/Parkside,0,94122,0,37.76457429728,-122.48563705991
26EXC-03304,91.0,4.5217885770490405,Excavation,Otros,Karl Johnson,0.0367606292529663,0.248324678672284,0.5436811197885065,0.3847944818850504,0.0587312661048881,1,test,11,1,Excelsior,1,94112,1,37.739429200142105,-122.44631714665034
26EXC-03289,185.0,5.225746673713202,Excavation,Otros,Gabriel Howell,-0.8561025954251895,0.2069928383855754,0.5436811197885065,0.0470617434801031,-0.298441809698259,1,train,5,0,Hayes Valley,0,94102,0,37.77798033645,-122.42842861036999
26EXC-03119,74.0,4.31748811353631,Excavation,Otros,Otros,-0.8389321487967634,0.1987264703282337,0.5436811197885065,0.3847944818850504,-0.0164630656431428,1,train,10,0,Potrero Hill,0,94107,1,37.757382885426665,-122.40275194334333
25VDR-00110,364.0,5.899897353582492,Referral,Otros,Sin asignar,-0.9247843819388938,0.2855233349303218,0.247534501480716,1.3979926970998924,-0.3172403926352667,1,train,9,0,Mission,0,94110,0,37.76158688404,-122.42138628181
26EXC-03324,28.0,3.367295829986474,Excavation,Pacific Gas & Electric,Gabriel Howell,-0.9247843819388938,0.2896565189589926,0.5436811197885065,0.3847944818850504,-0.1292545632651892,1,train,5,0,Hayes Valley,0,94102,0,37.77770854361,-122.42398721595
26EXC-03292,11.0,2.4849066497880004,Excavation,Otros,Jeffrey Ramirez,-0.9247843819388938,0.2111260224142463,0.5436811197885065,0.7225272202899977,-0.4864276390683364,1,train,6,0,Financial District/South Beach,0,94105,0,37.78751657981,-122.3895494533
25VDR-00106,364.0,5.899897353582492,Referral,Otros,Sin asignar,-0.9247843819388938,0.2896565189589926,0.247534501480716,1.3979926970998924,-0.6556148855014061,1,train,9,0,Mission,0,94110,0,37.75274319615,-122.4122040962
26EXC-03309,28.0,3.367295829986474,Excavation,Pacific Gas & Electric,Jeffrey Ramirez,-0.9247843819388938,0.4591170641344978,0.5436811197885065,0.7225272202899977,-0.6368163025643984,1,train,3,0,Nob Hill,0,94109,0,37.79150722476,-122.41605913912
25VDR-00097,364.0,5.899897353582492,Referral,Otros,Sin asignar,-0.9247843819388938,0.2937897029876635,0.247534501480716,1.3979926970998924,-0.4864276390683364,1,train,6,0,Financial District/South Beach,0,94107,0,37.78330703901,-122.38831079724
26EXC-03355,28.0,3.367295829986474,Excavation,Pacific Gas & Electric,Gabriel Howell,-0.9247843819388938,0.2607242307582966,0.5436811197885065,0.3847944818850504,-0.1292545632651892,1,train,5,0,Western Addition,0,94115,0,37.78355584566,-122.42783765406
26EXC-03336,59.0,4.0943445622221,Excavation,Pacific Gas & Electric,Mario Novoa,-0.9247843819388938,0.3309883592457012,0.5436811197885065,0.3847944818850504,-0.3924347243832977,1,test,8,0,Mission,0,94110,0,37.75124823875,-122.42151636808
26EXC-03356,28.0,3.367295829986474,Excavation,Pacific Gas & Electric,Jeffrey Ramirez,-0.9247843819388938,0.6823090016827241,0.5436811197885065,1.3979926970998924,-0.0916573973911737,1,train,9,0,Excelsior,0,94134,0,37.72908594506,-122.4189328606
26N-00293,1.0,0.6931471805599453,NightNoise,Pacific Gas & Electric,Sin asignar,-0.9247843819388938,0.5583134808225984,0.5436811197885065,0.7225272202899977,0.7542788347741748,1,train,1,0,Inner Richmond,0,94118,0,37.78506224306,-122.46403758633
26EXC-03342,28.0,3.367295829986474,Excavation,Pacific Gas & Electric,Gabriel Howell,-0.9247843819388938,0.4136520398191184,0.5436811197885065,0.3847944818850504,-0.148053146202197,1,train,2,0,Lone Mountain/USF,0,94115,0,37.77914101377,-122.44287621065
26EXC-03329,59.0,4.0943445622221,Excavation,Pacific Gas & Electric,Gabriel Howell,-0.9247843819388938,0.3020560710450052,0.5436811197885065,0.0470617434801031,-0.3360389755722744,1,train,2,0,Presidio Heights,0,94118,0,37.78504178585,-122.45578822
26E-00355,57.0,4.060443010546419,ExcStreet,Otros,Otros,-0.9247843819388938,0.2648574147869674,0.5436811197885065,0.0470617434801031,0.6978830859631515,1,train,1,0,Outer Richmond,0,94121,0,37.78111189049,-122.49540096224
26EXC-03382,57.0,4.060443010546419,Excavation,Pacific Gas & Electric,Don Doan,-0.9076139353104676,0.2152592064429171,0.5436811197885065,0.0470617434801031,-0.1292545632651892,1,train,10,0,Bayview Hunters Point,0,94124,0,37.733820077035006,-122.392294320295
26EXC-03387,57.0,4.060443010546419,Excavation,Pacific Gas & Electric,Mario Novoa,-0.9247843819388938,0.2937897029876635,0.5436811197885065,0.0470617434801031,-0.1668517291392047,1,train,8,0,Glen Park,0,94131,0,37.74211923717,-122.42616589633
26EXC-03353,59.0,4.0943445622221,Excavation,Pacific Gas & Electric,Mario Novoa,-0.9247843819388938,0.2979228870163343,0.5436811197885065,0.0470617434801031,-0.3924347243832977,1,test,9,0,Bernal Heights,0,94110,0,37.7391525385,-122.41745895004
26EXC-03365,57.0,4.060443010546419,Excavation,Pacific Gas & Electric,Jeffrey Ramirez,-0.9247843819388938,0.3185888071596886,0.5436811197885065,0.3847944818850504,0.5662930054040973,1,test,10,0,Potrero Hill,0,94107,0,37.75535974075,-122.38850129022
26EXC-03331,28.0,3.367295829986474,Excavation,Pacific Gas & Electric,Mario Novoa,-0.9247843819388938,0.4012524877331058,0.5436811197885065,0.3847944818850504,-0.1292545632651892,1,train,5,0,Western Addition,0,94115,0,37.78117153948,-122.43059999255
26EXC-03363,28.0,3.367295829986474,Excavation,Pacific Gas & Electric,Gabriel Howell,-0.9247843819388938,0.2937897029876635,0.5436811197885065,0.3847944818850504,-0.1292545632651892,1,test,2,0,Western Addition,0,94102,0,37.78145237437,-122.42257584638
26EXC-03385,57.0,4.060443010546419,Excavation,Pacific Gas & Electric,Mario Novoa,-0.9247843819388938,0.3020560710450052,0.5436811197885065,0.3847944818850504,-0.2044488950132202,1,train,8,0,Inner Sunset,0,94117,0,37.76047527067,-122.45175542525
25EXC-03545,785.0,6.666956792429207,Excavation,Ronan Construction Inc.,Otros,0.3458286685646356,-0.3385874533989779,0.5436811197885065,0.3847944818850504,0.3407100101600043,1,train,7,1,West of Twin Peaks,1,Desconocido,1,37.7541769689932,-122.45282763378505
26EXC-03358,28.0,3.367295829986474,Excavation,Pacific Gas & Electric,Jeffrey Ramirez,-0.9247843819388938,0.4508506960771561,0.5436811197885065,0.7225272202899977,-0.148053146202197,1,train,8,0,Noe Valley,0,94114,0,37.74904815898,-122.44273081604
26EXC-03370,57.0,4.060443010546419,Excavation,Pacific Gas & Electric,Gabriel Howell,-0.9247843819388938,0.2689905988156383,0.5436811197885065,0.0470617434801031,-0.1104559803281815,1,test,5,0,Western Addition,0,94115,0,37.77831761332,-122.4342298639
26EXC-03381,57.0,4.060443010546419,Excavation,Pacific Gas & Electric,Jeffrey Ramirez,-0.9247843819388938,0.2152592064429171,0.5436811197885065,0.0470617434801031,-0.0352616485801505,1,test,10,0,Potrero Hill,0,94107,0,37.76260877451,-122.39604406706
26EXC-03392,28.0,3.367295829986474,Excavation,Pacific Gas & Electric,Jeffrey Ramirez,-0.9247843819388938,0.3805865675897515,0.5436811197885065,0.3847944818850504,-0.0540602315171583,1,train,11,0,Oceanview/Merced/Ingleside,0,94112,0,37.7176688952,-122.45131600211
25VDR-00114,364.0,5.899897353582492,Referral,Otros,Sin asignar,-0.9247843819388938,0.2813901509016509,0.247534501480716,1.3979926970998924,-0.4864276390683364,1,test,6,0,Financial District/South Beach,0,94107,0,37.78330703901,-122.38831079724
26ads-00045,122.0,4.812184355372417,AddlStSpac,Otros,Otros,-0.9247843819388938,0.1945932862995628,0.5436811197885065,0.0470617434801031,0.5850915883411051,1,train,9,0,Bernal Heights,0,94110,0,37.74431648566,-122.41729481334
26EXC-03400,28.0,3.367295829986474,Excavation,Pacific Gas & Electric,Jeffrey Ramirez,-0.9247843819388938,0.6699094495967116,0.5436811197885065,1.060259958694945,-0.4488304731943209,1,train,11,0,Excelsior,0,94112,0,37.72077011535,-122.42924678145
26EXC-03440,90.0,4.51085950651685,Excavation,Otros,Karl Johnson,-0.2207960701734247,0.2400583106149423,0.5436811197885065,0.7225272202899977,0.0587312661048881,1,train,10,1,Bayview Hunters Point,1,Desconocido,1,37.735883912969044,-122.40612221645452
26EXC-03397,29.0,3.4011973816621555,Excavation,Otros,Don Doan,-0.9247843819388938,0.3557874634177264,0.5436811197885065,0.3847944818850504,0.1151270149159114,1,test,11,0,Outer Mission,0,94122,0,37.71240166577,-122.44547919063
26EXC-03406,59.0,4.0943445622221,Excavation,Pacific Gas & Electric,Mario Novoa,-0.9247843819388938,0.2979228870163343,0.5436811197885065,0.0470617434801031,-0.4488304731943209,1,train,8,0,Castro/Upper Market,0,94114,0,37.75829167325,-122.43803573415
26EXC-03442,28.0,3.367295829986474,Excavation,Pacific Gas & Electric,Jeffrey Ramirez,-0.9076139353104676,0.5252480085932316,0.5436811197885065,0.7225272202899977,-0.1292545632651892,1,train,1,0,Inner Richmond,0,94118,0,37.77739401421,-122.470734885165
25VDR-00115,364.0,5.899897353582492,Referral,Otros,Sin asignar,-0.9247843819388938,0.2689905988156383,0.247534501480716,1.3979926970998924,-0.4864276390683364,1,test,6,0,Financial District/South Beach,0,94107,0,37.78330703901,-122.38831079724
25VDR-00112,364.0,5.899897353582492,Referral,Otros,Sin asignar,-0.9247843819388938,0.2689905988156383,0.247534501480716,1.3979926970998924,-0.3360389755722744,1,train,9,0,Mission,0,94110,0,37.75241573693,-122.41706395034
25VDR-00111,364.0,5.899897353582492,Referral,Otros,Sin asignar,-0.9247843819388938,0.2689905988156383,0.247534501480716,1.3979926970998924,0.4910986736560663,1,train,11,0,Excelsior,0,94112,0,37.72362858913,-122.4353845902
26EXC-03419,59.0,4.0943445622221,Excavation,Pacific Gas & Electric,Gabriel Howell,-0.9247843819388938,0.3185888071596886,0.5436811197885065,0.3847944818850504,-0.4676290561313287,1,train,1,0,Outer Richmond,0,94118,0,37.78338835046,-122.47530317709
26EXC-03354,62.0,4.143134726391533,Excavation,Pacific Gas & Electric,Don Doan,-0.9247843819388938,0.2400583106149423,0.5436811197885065,0.0470617434801031,-0.072858814454166,1,train,4,0,Sunset/Parkside,0,94116,0,37.73926167944,-122.4979936214
26EXC-03452,59.0,4.0943445622221,Excavation,Pacific Gas & Electric,Mario Novoa,-0.9247843819388938,0.3103224391023469,0.5436811197885065,0.3847944818850504,-0.2044488950132202,1,train,8,0,Glen Park,0,94131,0,37.73639752171,-122.43887969894
26EXC-03475,28.0,3.367295829986474,Excavation,Pacific Gas & Electric,Don Doan,-0.9076139353104676,0.4136520398191184,0.5436811197885065,0.3847944818850504,-0.0540602315171583,1,train,10,0,Bayview Hunters Point,0,94124,0,37.72805142953,-122.382125705475
26TOC-02822,2.0,1.0986122886681098,TempOccup,Pacific Gas & Electric,Sin asignar,-0.8904434886820416,0.248324678672284,0.5436811197885065,0.7225272202899977,-0.8811978807454991,0,test,5,0,Hayes Valley,0,94102,0,37.7745155179,-122.42557425964999
26EXC-03448,28.0,3.367295829986474,Excavation,Pacific Gas & Electric,Jeffrey Ramirez,-0.9247843819388938,0.5459139287365858,0.5436811197885065,1.060259958694945,-0.148053146202197,1,train,10,0,Potrero Hill,0,94107,0,37.76052060264,-122.38806259174
26EXC-03451,28.0,3.367295829986474,Excavation,Pacific Gas & Electric,Jeffrey Ramirez,-0.9247843819388938,0.3433879113317138,0.5436811197885065,0.3847944818850504,0.0023355172938649,1,test,9,0,Portola,0,Desconocido,0,37.72102673191,-122.40852406742
26EXC-03447,28.0,3.367295829986474,Excavation,Pacific Gas & Electric,Jeffrey Ramirez,-0.9247843819388938,0.5541802967939276,0.5436811197885065,1.060259958694945,-0.1292545632651892,1,test,1,0,Outer Richmond,0,94121,0,37.77674499503,-122.49524264504
26EXC-03432,59.0,4.0943445622221,Excavation,Pacific Gas & Electric,Mario Novoa,-0.9247843819388938,0.3103224391023469,0.5436811197885065,0.3847944818850504,-0.4300318902573132,1,test,8,0,Glen Park,0,94131,0,37.73949893812,-122.42912421983
26EXC-03414,28.0,3.367295829986474,Excavation,Pacific Gas & Electric,Mario Novoa,-0.9247843819388938,0.5417807447079149,0.5436811197885065,0.7225272202899977,-0.5240248049423519,1,test,8,0,Inner Sunset,0,94117,0,37.7656991847,-122.45449847179
26EXC-03437,59.0,4.0943445622221,Excavation,Pacific Gas & Electric,Mario Novoa,-0.9247843819388938,0.3144556231310177,0.5436811197885065,0.3847944818850504,-0.3172403926352667,1,train,9,0,Bernal Heights,0,94110,0,37.74816357832,-122.41538532862
26EXC-03449,28.0,3.367295829986474,Excavation,Pacific Gas & Electric,Sin asignar,-0.9247843819388938,0.426051591905131,0.5436811197885065,0.7225272202899977,-0.3172403926352667,1,train,8,0,Castro/Upper Market,0,94114,0,37.75989247316,-122.43818886749
26PKT-00112,124.0,4.8283137373023015,Otros,Otros,Sin asignar,-0.9247843819388938,0.1863269182422211,0.5436811197885065,0.0470617434801031,5.773500478955243,1,train,2,0,Marina,0,94123,0,37.80065692614,-122.43836022125
25VDR-00120,364.0,5.899897353582492,Referral,Otros,Sin asignar,-0.9247843819388938,0.1987264703282337,0.247534501480716,1.3979926970998924,-0.148053146202197,1,train,2,0,Pacific Heights,0,94115,0,37.78847607866,-122.43392963311
25VDR-00116,364.0,5.899897353582492,Referral,Otros,Sin asignar,-0.9247843819388938,0.2607242307582966,0.247534501480716,1.3979926970998924,-0.4864276390683364,1,train,6,0,Financial District/South Beach,0,Desconocido,0,37.7817982215,-122.38830606777
26N-00306,1.0,0.6931471805599453,NightNoise,Pacific Gas & Electric,Sin asignar,-0.9076139353104676,0.4384511439911435,0.5436811197885065,0.7225272202899977,3.3296846971442355,1,train,1,0,Inner Richmond,0,94118,0,37.77739401421,-122.470734885165
26EXC-03658,59.0,4.0943445622221,Excavation,Pacific Gas & Electric,Jeffrey Ramirez,-0.9247843819388938,0.2813901509016509,0.5436811197885065,0.3847944818850504,-0.3924347243832977,1,train,3,0,Russian Hill,0,94133,0,37.8018421349,-122.41325989592
26EXC-03685,67.0,4.219507705176107,Excavation,Otros,Otros,-0.9247843819388938,0.1697941821275377,0.5436811197885065,0.0470617434801031,-0.3360389755722744,1,train,1,0,Inner Richmond,0,94118,0,37.78160190166,-122.46523974768
26EXC-02705,39.0,3.688879454113936,Excavation,"Cratus, Inc.",Don Doan,0.0711015225098184,0.2028596543569046,0.5436811197885065,0.3847944818850504,1.0550561617662986,1,train,10,1,Bayview Hunters Point,1,94124,1,37.729242246477796,-122.39981096318695
25VDR-00126,364.0,5.899897353582492,Referral,Otros,Sin asignar,-0.9247843819388938,0.2565910467296257,0.247534501480716,1.3979926970998924,0.1527241807899269,1,train,5,0,Tenderloin,0,94102,0,37.78232887919,-122.41395968367
26EXC-03652,57.0,4.060443010546419,Excavation,Pacific Gas & Electric,Don Doan,-0.9247843819388938,0.3516542793890555,0.5436811197885065,0.3847944818850504,-0.3172403926352667,1,train,4,0,Sunset/Parkside,0,94122,0,37.762064589,-122.48991860897
26EXC-03655,67.0,4.219507705176107,Excavation,Otros,Otros,-0.9247843819388938,0.1532614460128542,0.5436811197885065,0.0470617434801031,-0.2796432267612512,1,test,9,0,Portola,0,94134,0,37.72674326509,-122.41647312488
26EXC-03477,28.0,3.367295829986474,Excavation,Pacific Gas & Electric,Jeffrey Ramirez,-0.8732730420536156,0.4136520398191184,0.5436811197885065,0.3847944818850504,-0.4300318902573132,1,train,8,0,Glen Park,0,94131,0,37.7369180478675,-122.4295243003525
26EXC-03499,67.0,4.219507705176107,Excavation,Otros,Otros,-0.9247843819388938,0.1739273661562085,0.5436811197885065,0.0470617434801031,-0.3548375585092822,1,train,8,0,Castro/Upper Market,0,94114,0,37.76221934525,-122.43291026591
26PKT-00107,131.0,4.882801922586371,Otros,Otros,Sin asignar,-0.9247843819388938,0.1863269182422211,0.5436811197885065,0.0470617434801031,6.337457967065475,1,test,5,0,Hayes Valley,0,94102,0,37.7762781001,-122.42649358602
26EXC-03453,59.0,4.0943445622221,Excavation,Pacific Gas & Electric,Mario Novoa,-0.9247843819388938,0.306189255073676,0.5436811197885065,0.3847944818850504,-0.37363614144629,1,train,8,0,Haight Ashbury,0,94117,0,37.76220543296,-122.44787749038
26EXC-03470,28.0,3.367295829986474,Excavation,Pacific Gas & Electric,Jeffrey Ramirez,-0.9247843819388938,0.7897717864281665,0.5436811197885065,1.3979926970998924,-0.2420460608872357,1,train,7,0,Inner Sunset,0,94122,0,37.76272495366,-122.47492006191
26EXC-03444,59.0,4.0943445622221,Excavation,Pacific Gas & Electric,Gabriel Howell,-0.9247843819388938,0.3557874634177264,0.5436811197885065,0.3847944818850504,-0.3360389755722744,1,test,2,0,Presidio Heights,0,94118,0,37.78765899789,-122.45112455075
26EXC-03456,28.0,3.367295829986474,Excavation,Pacific Gas & Electric,Don Doan,-0.9247843819388938,0.3516542793890555,0.5436811197885065,0.7225272202899977,-0.4300318902573132,1,train,7,0,West of Twin Peaks,0,94116,0,37.74216542976,-122.47455902559
26EXC-03671,67.0,4.219507705176107,Excavation,Otros,Otros,-0.9247843819388938,0.2152592064429171,0.5436811197885065,0.3847944818850504,-0.2044488950132202,1,train,5,0,Western Addition,0,"94102, 94115",0,37.77895020354,-122.42926230897
26EXC-03515,57.0,4.060443010546419,Excavation,Pacific Gas & Electric,Don Doan,-0.9247843819388938,0.2028596543569046,0.5436811197885065,0.0470617434801031,-0.2044488950132202,1,train,7,0,West of Twin Peaks,0,94112,0,37.72242442454,-122.46226814415
26EXC-03559,28.0,3.367295829986474,Excavation,Pacific Gas & Electric,Don Doan,-0.9247843819388938,0.4963157203925356,0.5436811197885065,0.7225272202899977,-0.37363614144629,1,train,11,0,Outer Mission,0,94112,0,37.71447822435,-122.44649588635
26EXC-03500,28.0,3.367295829986474,Excavation,Pacific Gas & Electric,Jeffrey Ramirez,-0.9247843819388938,0.7360403940554453,0.5436811197885065,1.3979926970998924,-0.148053146202197,1,train,1,0,Outer Richmond,0,94121,0,37.77770103546,-122.49477497916
26EXC-03490,28.0,3.367295829986474,Excavation,Pacific Gas & Electric,Jeffrey Ramirez,-0.9076139353104676,0.5252480085932316,0.5436811197885065,0.7225272202899977,-0.148053146202197,1,train,9,0,Mission,0,94103,1,37.768060895614994,-122.412653389195
26EXC-03484,28.0,3.367295829986474,Excavation,Pacific Gas & Electric,Don Doan,-0.9247843819388938,0.5087152724785482,0.5436811197885065,0.7225272202899977,-0.3548375585092822,1,train,11,0,Excelsior,0,94112,0,37.71138527832,-122.43561534824
26EXC-03486,28.0,3.367295829986474,Excavation,Pacific Gas & Electric,Gabriel Howell,-0.9247843819388938,0.7856386023994957,0.5436811197885065,1.3979926970998924,-0.2796432267612512,1,train,1,0,Outer Richmond,0,94121,0,37.77640334407,-122.50273879548
26EXC-03488,28.0,3.367295829986474,Excavation,Pacific Gas & Electric,Jeffrey Ramirez,-0.9247843819388938,0.7153744739120911,0.5436811197885065,1.3979926970998924,-0.2796432267612512,1,train,1,0,Inner Richmond,0,94118,0,37.78387174362,-122.46556235031
26EXC-03549,71.0,4.276666119016055,Excavation,Pacific Gas & Electric,Jeffrey Ramirez,-0.9247843819388938,0.1201959737834874,0.5436811197885065,0.0470617434801031,0.1151270149159114,1,train,10,0,Potrero Hill,0,94107,0,37.7552420114,-122.39045526613
26EXC-03491,59.0,4.0943445622221,Excavation,Pacific Gas & Electric,Mario Novoa,-0.9247843819388938,0.3309883592457012,0.5436811197885065,0.3847944818850504,-0.3548375585092822,1,train,6,0,South of Market,0,94103,0,37.7782447994,-122.40749802311
26EXC-03457,28.0,3.367295829986474,Excavation,Pacific Gas & Electric,Jeffrey Ramirez,-0.9247843819388938,0.2111260224142463,0.5436811197885065,0.3847944818850504,-0.1292545632651892,1,train,4,0,Sunset/Parkside,0,94116,0,37.739639684,-122.48942338759
25EXC-05825,914.0,6.818924065275521,Excavation,Otros,Jeffrey Ramirez,-0.8561025954251895,0.3185888071596886,0.247534501480716,-1.9793346869495807,-0.2796432267612512,1,train,6,0,Financial District/South Beach,0,94105,1,37.791845219660004,-122.394942687868
26EXC-03501,28.0,3.367295829986474,Excavation,Pacific Gas & Electric,Don Doan,-0.9247843819388938,0.5045820884498773,0.5436811197885065,0.7225272202899977,-0.4300318902573132,1,train,10,0,Bayview Hunters Point,0,94124,0,37.72920777246,-122.38249779244
26E-00384,1187.0,7.080026499922591,ExcStreet,Otros,Otros,-0.9247843819388938,-0.9750977938142904,0.5436811197885065,1.060259958694945,-0.8811978807454991,0,train,7,0,West of Twin Peaks,0,94112,0,37.72460147647,-122.45438533956
26EXC-03519,28.0,3.367295829986474,Excavation,Pacific Gas & Electric,Jeffrey Ramirez,-0.9247843819388938,0.4177852238477892,0.5436811197885065,0.7225272202899977,-0.2608446438242435,1,train,2,0,Marina,0,94123,0,37.80148841246,-122.42996907247
25WR-00018,3930.0,8.27664912542186,Wireless,Otros,Sin asignar,-0.9247843819388938,0.1863269182422211,0.5436811197885065,-1.6416019485446334,-0.8811978807454991,0,train,10,0,Bayview Hunters Point,0,94124,0,37.7504579657,-122.38346648033
26S-00076,84.0,4.442651256490317,Otros,Otros,Otros,-0.9247843819388938,0.0829973175254496,0.5436811197885065,0.0470617434801031,3.1980946165851813,1,train,10,0,Bayview Hunters Point,0,94124,0,37.74301207505,-122.40158476723
26EXC-03597,57.0,4.060443010546419,Excavation,Pacific Gas & Electric,Mario Novoa,-0.9247843819388938,0.2648574147869674,0.5436811197885065,0.3847944818850504,-0.2044488950132202,1,train,8,0,Haight Ashbury,0,94117,0,37.76540945691,-122.44685193892
26EXC-03627,57.0,4.060443010546419,Excavation,Pacific Gas & Electric,Gabriel Howell,-0.9247843819388938,0.3227219911883595,0.5436811197885065,0.3847944818850504,-0.223247477950228,1,train,1,0,Outer Richmond,0,94121,0,37.77556496453,-122.48010768073
26EXC-03617,57.0,4.060443010546419,Excavation,Pacific Gas & Electric,Jeffrey Ramirez,-0.9247843819388938,0.2855233349303218,0.5436811197885065,0.3847944818850504,-0.2044488950132202,1,train,3,0,Chinatown,0,94108,0,37.79558459378,-122.40656395105
26EXC-03271,1.0,0.6931471805599453,Excavation,Pacific Gas & Electric,Jeffrey Ramirez,-0.9247843819388938,0.5169816405358899,0.5436811197885065,1.060259958694945,-0.148053146202197,1,train,1,0,Outer Richmond,0,94121,0,37.78347633262,-122.49014098992
26EXC-03672,11.0,2.4849066497880004,Excavation,Otros,Otros,-0.9247843819388938,0.2441914946436131,0.5436811197885065,0.3847944818850504,-0.2044488950132202,1,train,7,0,West of Twin Peaks,0,94127,0,37.73794968512,-122.4656950999
25ASC-00001,365.0,5.902633333401366,Otros,Otros,Sin asignar,-0.9247843819388938,0.3020560710450052,0.247534501480716,-1.9793346869495807,-0.8811978807454991,0,train,6,0,South of Market,0,94103,0,37.77936600611,-122.41357941291
26EXC-03686,59.0,4.0943445622221,Excavation,Otros,Otros,-0.9247843819388938,0.2069928383855754,0.5436811197885065,0.0470617434801031,-0.3172403926352667,1,train,2,0,Pacific Heights,0,94115,0,37.78816604439,-122.43305140967
26EXC-03566,59.0,4.0943445622221,Excavation,Pacific Gas & Electric,Gabriel Howell,-0.9247843819388938,0.3888529356470932,0.5436811197885065,0.7225272202899977,-0.4488304731943209,1,train,1,0,Outer Richmond,0,94121,0,37.7804382429,-122.50518046661
26EXC-03564,28.0,3.367295829986474,Excavation,Pacific Gas & Electric,Don Doan,-0.9247843819388938,0.335121543274372,0.5436811197885065,1.060259958694945,-0.4300318902573132,1,train,4,0,Sunset/Parkside,0,94116,0,37.75077907627,-122.4912783836
26EXC-03571,28.0,3.367295829986474,Excavation,Otros,Otros,-0.9247843819388938,0.2152592064429171,0.5436811197885065,0.7225272202899977,-0.6932120513754216,1,train,6,0,South of Market,0,94103,0,37.78154993516,-122.4097442508
26EXC-03697,28.0,3.367295829986474,Excavation,Pacific Gas & Electric,Don Doan,-0.9247843819388938,0.4343179599624727,0.5436811197885065,0.7225272202899977,-0.148053146202197,1,test,7,0,West of Twin Peaks,0,94112,0,37.72653722421,-122.46072136208
26ADS-00050,61.0,4.127134385045092,AddlStSpac,Otros,Sin asignar,-0.9076139353104676,0.190460102270892,0.5436811197885065,0.3847944818850504,-0.7496078001864449,1,train,6,0,Tenderloin,0,94102,0,37.77593858348,-122.41915722031
26ADS-00047,55.0,4.02535169073515,AddlStSpac,Otros,Sin asignar,-0.9247843819388938,0.190460102270892,0.5436811197885065,0.0470617434801031,3.7996492705694296,1,test,8,0,Castro/Upper Market,0,94114,0,37.75681821976,-122.43558953269
26EXC-03640,11.0,2.4849066497880004,Excavation,Otros,Otros,-0.9247843819388938,0.2400583106149423,0.5436811197885065,0.3847944818850504,-0.1668517291392047,1,train,7,0,Sunset/Parkside,0,94132,0,37.73144621764,-122.49852016278
26ADS-00049,153.0,5.0369526024136295,AddlStSpac,Otros,Sin asignar,-0.9247843819388938,0.3227219911883595,0.5436811197885065,0.3847944818850504,1.5626179010655077,1,train,5,0,Tenderloin,0,94102,0,37.78169734919,-122.41417225758
25MFF-00015,363.0,5.8971538676367405,FoodFac,Otros,Sin asignar,-0.9247843819388938,0.1863269182422211,0.247534501480716,1.3979926970998924,-0.8811978807454991,0,train,10,0,Bayview Hunters Point,0,94107,0,37.75282845336,-122.387685051
25VDR-00130,364.0,5.899897353582492,Referral,Otros,Sin asignar,-0.9247843819388938,0.1987264703282337,0.247534501480716,1.3979926970998924,0.4347029248450431,1,test,9,0,Mission,0,94110,0,37.7523213904,-122.41709195352
26EXC-04542,57.0,4.060443010546419,Excavation,Pacific Gas & Electric,Jeffrey Ramirez,-0.9247843819388938,0.2111260224142463,0.5436811197885065,0.7225272202899977,-0.2420460608872357,1,test,3,0,North Beach,0,94133,0,37.80159159603,-122.40871439126
26E-00409,25.0,3.258096538021482,ExcStreet,Otros,Otros,-0.9247843819388938,0.3723201995324098,0.5436811197885065,0.3847944818850504,0.885868915333229,1,train,1,0,Inner Richmond,0,94118,0,37.78488423351,-122.4593612692
26EXC-03710,58.0,4.07753744390572,Excavation,Pacific Gas & Electric,Don Doan,-0.9247843819388938,0.4012524877331058,0.5436811197885065,0.7225272202899977,-0.0540602315171583,1,train,10,0,Bayview Hunters Point,0,94124,0,37.74414141551,-122.38883028132
26EXC-04559,28.0,3.367295829986474,Excavation,Pacific Gas & Electric,Jeffrey Ramirez,-0.8904434886820416,0.1821937342135502,0.5436811197885065,0.3847944818850504,-0.6556148855014061,1,train,9,0,Mission,0,94110,1,37.74954194158334,-122.41426721689
26EXC-03715,57.0,4.060443010546419,Excavation,Pacific Gas & Electric,Jeffrey Ramirez,-0.9247843819388938,0.2855233349303218,0.5436811197885065,0.3847944818850504,-0.1856503120762125,1,train,3,0,Russian Hill,0,94109,0,37.79779919098,-122.41876577123
26EXC-03709,28.0,3.367295829986474,Excavation,Pacific Gas & Electric,Jeffrey Ramirez,-0.9076139353104676,0.4177852238477892,0.5436811197885065,0.7225272202899977,-0.6556148855014061,1,train,7,0,Inner Sunset,0,94116,1,37.752492982305,-122.46736089978
26EXC-03702,28.0,3.367295829986474,Excavation,Otros,Mario Novoa,-0.9247843819388938,0.3433879113317138,0.5436811197885065,0.3847944818850504,-0.7496078001864449,1,train,8,0,Inner Sunset,0,94117,0,37.76359756336,-122.45429582448
26EXC-03366,28.0,3.367295829986474,Excavation,Pacific Gas & Electric,Mario Novoa,-0.9247843819388938,0.3185888071596886,0.5436811197885065,0.3847944818850504,-0.1292545632651892,1,train,9,0,Mission,0,94110,0,37.74940755607,-122.40771841332
26EXC-03706,28.0,3.367295829986474,Excavation,Pacific Gas & Electric,Don Doan,-0.9247843819388938,0.5169816405358899,0.5436811197885065,1.060259958694945,-0.148053146202197,1,train,4,0,Sunset/Parkside,0,94116,0,37.74843266601,-122.48090432891
26EXC-04564,13.0,2.6390573296152584,Excavation,Otros,Otros,-0.8045912555399113,0.2400583106149423,0.5436811197885065,0.7225272202899977,0.6978830859631515,1,test,4,0,Sunset/Parkside,0,94132,0,37.73423128653,-122.49104713832
25VDR-00139,364.0,5.899897353582492,Referral,Otros,Sin asignar,-0.9247843819388938,0.1945932862995628,0.247534501480716,1.3979926970998924,2.220568303860779,1,train,10,0,Bayview Hunters Point,0,94124,0,37.73005002922,-122.39914226298
26EXC-03727,59.0,4.0943445622221,Excavation,Pacific Gas & Electric,Mario Novoa,-0.9247843819388938,0.3516542793890555,0.5436811197885065,0.7225272202899977,-0.4300318902573132,1,train,8,0,Glen Park,0,94131,0,37.73819604367,-122.42801462451
26EXC-04547,28.0,3.367295829986474,Excavation,Otros,Mario Novoa,-0.9247843819388938,0.2400583106149423,0.5436811197885065,0.7225272202899977,-0.599219136690383,1,test,6,0,South of Market,0,94103,0,37.78063531908,-122.41192021532
26EXC-04544,28.0,3.367295829986474,Excavation,Otros,Mario Novoa,-0.9076139353104676,0.2400583106149423,0.5436811197885065,0.7225272202899977,-0.5804205537533752,1,test,9,0,Mission,0,94103,0,37.76744889743,-122.41971841809
26EXC-04565,13.0,2.6390573296152584,Excavation,Otros,Otros,-0.9247843819388938,0.2400583106149423,0.5436811197885065,0.7225272202899977,1.0550561617662986,1,train,4,0,Sunset/Parkside,0,94132,0,37.73054117854,-122.48863988907
26EXC-03739,28.0,3.367295829986474,Excavation,Pacific Gas & Electric,Gabriel Howell,-0.8904434886820416,0.248324678672284,0.5436811197885065,0.3847944818850504,-0.2044488950132202,1,train,1,0,Inner Richmond,0,94118,0,37.78237269403667,-122.46276808981999
26ADS-00053,184.0,5.220355825078324,AddlStSpac,Otros,Sin asignar,-0.9247843819388938,0.190460102270892,0.5436811197885065,0.3847944818850504,1.243041991136376,1,test,8,0,Inner Sunset,0,94117,0,37.76408925788,-122.45331202456
26EXC-03740,28.0,3.367295829986474,Excavation,Pacific Gas & Electric,Jeffrey Ramirez,-0.9076139353104676,0.3599206474463972,0.5436811197885065,0.3847944818850504,0.0023355172938649,1,train,9,0,Portola,0,94134,1,37.72526970814,-122.41787205776
26EXC-03726,59.0,4.0943445622221,Excavation,Pacific Gas & Electric,Mario Novoa,-0.9247843819388938,0.3227219911883595,0.5436811197885065,0.7225272202899977,-0.3360389755722744,1,train,8,0,Castro/Upper Market,0,94117,0,37.76851389272,-122.43872994199
26EXC-03745,59.0,4.0943445622221,Excavation,Pacific Gas & Electric,Jeffrey Ramirez,-0.9247843819388938,0.3805865675897515,0.5436811197885065,1.060259958694945,-0.3924347243832977,1,train,6,0,Financial District/South Beach,0,94105,0,37.79146749849,-122.39592757698
25MFF-00019,361.0,5.891644211825772,FoodFac,Otros,Sin asignar,-0.9076139353104676,0.1863269182422211,0.247534501480716,1.3979926970998924,-0.8811978807454991,0,train,6,0,Financial District/South Beach,1,94107,0,37.779321715509994,-122.39527172036
25VDR-00142,364.0,5.899897353582492,Referral,Otros,Sin asignar,-0.9247843819388938,0.0209995570953867,0.247534501480716,1.3979926970998924,-0.4864276390683364,1,test,3,0,Financial District/South Beach,0,Desconocido,0,37.79447970475,-122.39474757939
26EXC-03722,45.0,3.828641396489095,Excavation,Otros,Otros,-0.9247843819388938,0.2152592064429171,0.5436811197885065,0.0470617434801031,-0.5616219708163674,1,train,5,0,Haight Ashbury,0,94117,0,37.77249552017,-122.43710810664
25VDR-00143,364.0,5.899897353582492,Referral,Otros,Sin asignar,-0.9247843819388938,0.1821937342135502,0.247534501480716,1.3979926970998924,-0.4864276390683364,1,train,3,0,Financial District/South Beach,0,Desconocido,0,37.79447970475,-122.39474757939
26EXC-03733,57.0,4.060443010546419,Excavation,Pacific Gas & Electric,Jeffrey Ramirez,-0.9247843819388938,0.2441914946436131,0.5436811197885065,0.3847944818850504,-0.1292545632651892,1,train,2,0,Russian Hill,0,94109,0,37.80549708157,-122.42286432656
26EXC-03738,59.0,4.0943445622221,Excavation,Pacific Gas & Electric,Gabriel Howell,-0.9247843819388938,0.5252480085932316,0.5436811197885065,1.3979926970998924,-0.3548375585092822,1,test,2,0,Pacific Heights,0,94115,0,37.79142411675,-122.43392409478
26EXC-04570,13.0,2.6390573296152584,Excavation,Otros,Otros,-0.9247843819388938,0.2400583106149423,0.5436811197885065,0.7225272202899977,0.9798618300182677,1,train,3,0,Nob Hill,0,94108,0,37.79200742301,-122.41338236601
26EXC-03716,59.0,4.0943445622221,Excavation,Pacific Gas & Electric,Gabriel Howell,-0.9076139353104676,0.2235255745002588,0.5436811197885065,0.0470617434801031,-0.1856503120762125,1,train,5,0,Japantown,0,94115,1,37.785798836685004,-122.42983167727999
26EXC-03730,28.0,3.367295829986474,Excavation,Pacific Gas & Electric,Don Doan,-0.9247843819388938,0.6823090016827241,0.5436811197885065,1.7357254355048397,-0.0916573973911737,1,train,7,0,Inner Sunset,0,94122,0,37.76100771557,-122.4714730893
26EXC-03728,44.0,3.80666248977032,Excavation,Otros,Otros,-0.9247843819388938,0.2028596543569046,0.5436811197885065,0.0470617434801031,-0.6556148855014061,1,train,5,0,Tenderloin,0,94102,0,37.78480549101,-122.41411881786
26EXC-04553,13.0,2.6390573296152584,Excavation,Otros,Otros,-0.9247843819388938,0.2400583106149423,0.5436811197885065,0.7225272202899977,0.660285920089136,1,train,11,0,Outer Mission,0,94112,0,37.72260667809,-122.43904445374
26EXC-04572,13.0,2.6390573296152584,Excavation,Otros,Otros,-0.9247843819388938,0.2400583106149423,0.5436811197885065,0.7225272202899977,0.8294731665222057,1,test,10,0,Bayview Hunters Point,0,94124,0,37.74991838666,-122.39415863578
25EXC-02197,59.0,4.0943445622221,Excavation,Pacific Gas & Electric,Mario Novoa,-0.8904434886820416,0.190460102270892,0.5436811197885065,0.7225272202899977,-0.6556148855014061,1,train,9,0,Mission,0,94110,1,37.76337221893667,-122.42277407149334
25VDR-00145,364.0,5.899897353582492,Referral,Otros,Sin asignar,-0.9247843819388938,0.1780605501848794,0.247534501480716,1.3979926970998924,0.1903213466639423,1,test,3,0,Financial District/South Beach,0,94108,0,37.78602853134,-122.40628122776
26EXC-04502,28.0,3.367295829986474,Excavation,Pacific Gas & Electric,Jeffrey Ramirez,-0.9247843819388938,0.1739273661562085,0.5436811197885065,0.3847944818850504,-0.0540602315171583,1,test,5,0,Tenderloin,0,94109,0,37.78562991662,-122.41517528007
26EXC-04404,59.0,4.0943445622221,Excavation,Pacific Gas & Electric,Mario Novoa,-0.9247843819388938,0.2979228870163343,0.5436811197885065,0.7225272202899977,-0.4112333073203054,1,train,9,0,Bernal Heights,0,94110,0,37.74389013144,-122.40864067158
26EXC-04548,14.0,2.70805020110221,Excavation,Otros,Sin asignar,-0.9247843819388938,0.2152592064429171,0.5436811197885065,0.7225272202899977,-0.5428233878793597,1,train,1,0,Seacliff,0,94121,0,37.78831601545,-122.48587412799
26EXC-04552,14.0,2.70805020110221,Excavation,Otros,Sin asignar,-0.9247843819388938,0.2111260224142463,0.5436811197885065,0.7225272202899977,-0.5428233878793597,1,train,1,0,Seacliff,0,94121,0,37.78852105908,-122.48672722357
26EXC-03741,44.0,3.80666248977032,Excavation,Pacific Gas & Electric,Gabriel Howell,-0.9247843819388938,0.4177852238477892,0.5436811197885065,0.7225272202899977,-0.2420460608872357,1,test,2,0,Western Addition,0,94115,0,37.7799056658,-122.44049303579
26ADS-00054,62.0,4.143134726391533,AddlStSpac,Otros,Otros,-0.9247843819388938,0.2111260224142463,0.5436811197885065,0.0470617434801031,0.0211341002308726,1,train,2,0,Presidio Heights,0,94115,0,37.79166245767,-122.44700541345
26EXC-03744,44.0,3.80666248977032,Excavation,Pacific Gas & Electric,Jeffrey Ramirez,-0.9247843819388938,0.2813901509016509,0.5436811197885065,0.3847944818850504,-0.3548375585092822,1,train,8,0,Noe Valley,0,94131,0,37.74536710093,-122.42568063526
26EXC-03758,44.0,3.80666248977032,Excavation,Otros,Otros,-0.9247843819388938,0.2152592064429171,0.5436811197885065,0.0470617434801031,-0.5052262220053442,1,train,4,0,Sunset/Parkside,0,94116,0,37.74243354893,-122.49320619011
26EXC-03757,25.0,3.258096538021482,Excavation,Otros,Jeffrey Ramirez,-0.9247843819388938,0.2979228870163343,0.5436811197885065,0.3847944818850504,-0.7496078001864449,1,train,6,0,South of Market,0,94107,0,37.78114739372,-122.39628258272
25PKT-00447,280.0,5.638354669333745,Otros,Otros,Sin asignar,-0.9247843819388938,-0.0699304915353721,0.5436811197885065,1.7357254355048397,6.657033876994607,1,train,3,0,Chinatown,0,94133,0,37.79996846647,-122.41000259963
26EXC-03723,28.0,3.367295829986474,Excavation,Pacific Gas & Electric,Gabriel Howell,-0.9247843819388938,0.2979228870163343,0.5436811197885065,0.7225272202899977,-0.2608446438242435,1,train,2,0,Presidio Heights,0,94115,0,37.79091114755,-122.44680915254
25EXC-05650,28.0,3.367295829986474,Excavation,Pacific Gas & Electric,Jeffrey Ramirez,-0.9247843819388938,0.6451103454246865,0.5436811197885065,0.7225272202899977,-0.3172403926352667,1,test,4,0,Sunset/Parkside,0,94122,0,37.75647053579,-122.48952503417
26TOC-03582,0.0,0.0,TempOccup,Pacific Gas & Electric,Sin asignar,-0.9076139353104676,0.2317919425576006,0.5436811197885065,0.7225272202899977,-0.8811978807454991,0,train,4,0,Sunset/Parkside,0,94122,0,37.756064811974994,-122.48815118195
26EXC-04546,28.0,3.367295829986474,Excavation,Pacific Gas & Electric,Don Doan,-0.9247843819388938,0.2276587585289297,0.5436811197885065,0.7225272202899977,-0.2420460608872357,1,train,7,0,West of Twin Peaks,0,94127,0,37.73138361666,-122.47142067117
26TOC-03626,13.0,2.6390573296152584,TempOccup,Precision Concrete Cutting,Sin asignar,0.2256355421656531,0.2069928383855754,0.5436811197885065,0.7225272202899977,-0.8811978807454991,0,train,7,1,West of Twin Peaks,1,94127,1,37.7278800788675,-122.46334127105646
25MFF-00017,361.0,5.891644211825772,FoodFac,Otros,Sin asignar,-0.9247843819388938,0.1863269182422211,0.247534501480716,1.3979926970998924,-0.8811978807454991,0,train,6,0,Mission Bay,0,94107,0,37.7763273972,-122.39180801289
25MFF-00016,361.0,5.891644211825772,FoodFac,Otros,Sin asignar,-0.9247843819388938,0.1863269182422211,0.247534501480716,1.3979926970998924,-0.8811978807454991,0,train,3,0,Financial District/South Beach,0,94111,0,37.79880497209,-122.39928458067
25MFF-00018,361.0,5.891644211825772,FoodFac,Otros,Sin asignar,-0.8904434886820416,0.1863269182422211,0.247534501480716,1.3979926970998924,-0.8811978807454991,0,test,6,1,Financial District/South Beach,1,94103,1,37.786110412363335,-122.39790834719334
26EXC-03792,386.0,5.958424693029782,Excavation,Otros,Otros,0.2771468820509313,0.2731237828443091,0.5436811197885065,0.7225272202899977,0.3407100101600043,1,test,7,1,Inner Sunset,1,Desconocido,1,37.74632626163225,-122.4645726661707
25MFF-00020,361.0,5.891644211825772,FoodFac,Otros,Sin asignar,-0.9247843819388938,0.1863269182422211,0.247534501480716,1.3979926970998924,-0.8811978807454991,0,train,6,0,South of Market,0,94103,0,37.78144462204,-122.40649229833
25VDR-00149,364.0,5.899897353582492,Referral,Otros,Sin asignar,-0.9247843819388938,0.1739273661562085,0.247534501480716,1.3979926970998924,0.735480251837167,1,train,6,0,Tenderloin,0,94102,0,37.77862072638,-122.41524405749
26EXC-04469,28.0,3.367295829986474,Excavation,Pacific Gas & Electric,Mario Novoa,-0.8389321487967634,0.3020560710450052,0.5436811197885065,0.7225272202899977,-0.1292545632651892,1,train,6,0,South of Market,0,94103,0,37.77846750241833,-122.40876697541
25MFF-00021,360.0,5.8888779583328805,FoodFac,Otros,Sin asignar,-0.8904434886820416,0.1863269182422211,0.247534501480716,1.3979926970998924,-0.8811978807454991,0,train,6,1,Financial District/South Beach,0,94105,1,37.78954239921,-122.39897887673
22IE-00078,194.0,5.272999558563747,StrtImprov,Otros,Mario Novoa,-0.9247843819388938,0.1780605501848794,0.5436811197885065,0.0470617434801031,-0.0916573973911737,1,train,8,0,Noe Valley,0,94114,0,37.75370269242,-122.4351930958
26EXC-03771,28.0,3.367295829986474,Excavation,Pacific Gas & Electric,Jeffrey Ramirez,-0.9247843819388938,0.3144556231310177,0.5436811197885065,0.7225272202899977,-0.1292545632651892,1,train,3,0,Financial District/South Beach,0,94104,0,37.78978857102,-122.40078873585
26E-00420,46.0,3.8501476017100575,ExcStreet,Otros,Otros,-0.9076139353104676,0.1987264703282337,0.5436811197885065,0.3847944818850504,0.9798618300182677,1,train,9,0,Mission,0,94103,0,37.76555787532,-122.41915166933
26E-00423,18.0,2.9444389791664403,ExcStreet,Otros,Sin asignar,-0.9247843819388938,0.2235255745002588,0.5436811197885065,0.3847944818850504,0.7542788347741748,1,train,1,0,Outer Richmond,0,94121,0,37.77456966159,-122.48412402729
26EXC-03767,28.0,3.367295829986474,Excavation,Pacific Gas & Electric,Gabriel Howell,-0.9247843819388938,0.3681870155037389,0.5436811197885065,0.7225272202899977,0.0775298490418959,1,train,5,0,Tenderloin,0,Desconocido,0,37.78589291403,-122.41214750672
26TOC-03625,1.0,0.6931471805599453,TempOccup,Pacific Gas & Electric,Sin asignar,-0.8904434886820416,0.2524578627009549,0.5436811197885065,0.7225272202899977,-0.8811978807454991,0,train,10,0,Bayview Hunters Point,0,94124,0,37.73429165233,-122.40500065208333
26EXC-03772,28.0,3.367295829986474,Excavation,Pacific Gas & Electric,Jeffrey Ramirez,-0.8904434886820416,0.5500471127652566,0.5436811197885065,1.060259958694945,-0.4864276390683364,1,train,2,0,Lone Mountain/USF,0,94115,1,37.77769545450334,-122.44540601614
26EXC-04534,28.0,3.367295829986474,Excavation,Pacific Gas & Electric,Mario Novoa,-0.9247843819388938,0.2731237828443091,0.5436811197885065,0.7225272202899977,0.0211341002308726,1,train,6,0,South of Market,0,94103,0,37.77653223479,-122.40811108771
26EXC-03835,27.0,3.332204510175204,Excavation,Pacific Gas & Electric,Jeffrey Ramirez,-0.9247843819388938,0.4756498002491813,0.5436811197885065,1.060259958694945,-0.2608446438242435,1,train,9,0,Bernal Heights,0,94110,0,37.74726471243,-122.41420076095
25MFF-00022,359.0,5.886104031450156,FoodFac,Otros,Sin asignar,-0.9247843819388938,0.1863269182422211,0.247534501480716,1.3979926970998924,-0.8811978807454991,0,train,10,0,Bayview Hunters Point,0,94124,0,37.73873949856,-122.40678786952
26EXC-03798,28.0,3.367295829986474,Excavation,Pacific Gas & Electric,Jeffrey Ramirez,-0.8904434886820416,0.2400583106149423,0.5436811197885065,0.3847944818850504,-0.6556148855014061,1,train,1,0,Outer Richmond,0,94121,0,37.77731742986666,-122.49636033039
25MFF-00023,359.0,5.886104031450156,FoodFac,Otros,Otros,-0.9247843819388938,0.1863269182422211,0.247534501480716,1.3979926970998924,-0.8811978807454991,0,train,9,0,Mission,0,94103,0,37.76687081928,-122.41991389794
26TOC-03627,13.0,2.6390573296152584,TempOccup,Precision Concrete Cutting,Sin asignar,0.0195901826245402,0.2069928383855754,0.5436811197885065,0.7225272202899977,-0.8811978807454991,0,train,11,0,Excelsior,0,94112,1,37.72876682726071,-122.42452104559428
26TOC-03633,1.0,0.6931471805599453,TempOccup,Pacific Gas & Electric,Sin asignar,-0.9247843819388938,0.2152592064429171,0.5436811197885065,0.7225272202899977,-0.8811978807454991,0,train,6,0,Tenderloin,0,94102,0,37.77761722031,-122.41722211999
26EXC-04452,28.0,3.367295829986474,Excavation,Pacific Gas & Electric,Mario Novoa,-0.9247843819388938,0.3516542793890555,0.5436811197885065,1.060259958694945,-0.4676290561313287,1,test,9,0,Mission,0,94103,0,37.76664904616,-122.42023153912
26EXC-03791,57.0,4.060443010546419,Excavation,Pacific Gas & Electric,Don Doan,-0.9247843819388938,0.2896565189589926,0.5436811197885065,0.3847944818850504,-0.2420460608872357,1,test,4,0,Sunset/Parkside,0,94116,0,37.7489155536,-122.49114692025
26EXC-03795,57.0,4.060443010546419,Excavation,Pacific Gas & Electric,Don Doan,-0.9247843819388938,0.3185888071596886,0.5436811197885065,0.3847944818850504,-0.1668517291392047,1,train,4,0,Sunset/Parkside,0,94116,0,37.74657732394,-122.50173371425
26EXC-03806,46.0,3.8501476017100575,Excavation,Otros,Otros,-0.9076139353104676,0.2069928383855754,0.5436811197885065,0.3847944818850504,-0.148053146202197,1,train,9,0,Bernal Heights,0,94110,1,37.738537252195,-122.41272373436999
26EXC-03845,11.0,2.4849066497880004,Excavation,Otros,Otros,-0.9247843819388938,0.2441914946436131,0.5436811197885065,0.3847944818850504,-0.2044488950132202,1,test,4,0,Sunset/Parkside,0,94116,0,37.739639684,-122.48942338759
26EXC-03775,64.0,4.174387269895637,Excavation,Pacific Gas & Electric,Don Doan,-0.9247843819388938,0.2028596543569046,0.5436811197885065,0.0470617434801031,-0.2044488950132202,1,train,4,0,Sunset/Parkside,0,94116,0,37.74934141163,-122.48150512492
26EXC-04370,11.0,2.4849066497880004,Excavation,Otros,Otros,-0.9247843819388938,0.2069928383855754,0.5436811197885065,0.3847944818850504,0.1715227637269346,1,train,3,0,Nob Hill,0,94108,0,37.79366601321,-122.40963992198
26EXC-03632,66.0,4.204692619390966,Excavation,Otros,Otros,-0.9247843819388938,0.1780605501848794,0.5436811197885065,0.0470617434801031,-0.0352616485801505,1,train,4,0,Sunset/Parkside,0,94116,0,37.73583338879,-122.50616455331
26PKT-00122,109.0,4.700480365792417,Otros,Otros,Sin asignar,-0.9247843819388938,0.1863269182422211,0.5436811197885065,0.0470617434801031,5.623111815459181,1,train,8,0,Mission,0,94110,0,37.76178760806,-122.42443013888
25MFF-00025,356.0,5.877735781779639,FoodFac,Otros,Sin asignar,-0.3581596432008334,0.1863269182422211,0.247534501480716,1.3979926970998924,-0.8811978807454991,0,train,10,1,Potrero Hill,1,94107,1,37.75774678906147,-122.39813202252559
26EXC-03800,59.0,4.0943445622221,Excavation,Pacific Gas & Electric,Don Doan,-0.9247843819388938,0.4053856717617766,0.5436811197885065,0.7225272202899977,-0.37363614144629,1,train,10,0,Visitacion Valley,0,94134,0,37.71094584201,-122.42052671797
26EXC-03821,57.0,4.060443010546419,Excavation,Pacific Gas & Electric,Don Doan,-0.9247843819388938,0.2565910467296257,0.5436811197885065,0.3847944818850504,-0.2044488950132202,1,test,4,0,Sunset/Parkside,0,94116,0,37.74221947695,-122.47654665769
26EXC-03817,59.0,4.0943445622221,Excavation,Otros,Otros,-0.9247843819388938,0.190460102270892,0.5436811197885065,0.0470617434801031,-0.2420460608872357,1,train,5,0,Japantown,0,94115,0,37.78640389956,-122.43076548044
26EXC-04507,57.0,4.060443010546419,Excavation,Pacific Gas & Electric,Don Doan,-0.9247843819388938,0.3475210953603846,0.5436811197885065,1.060259958694945,-0.37363614144629,1,train,4,0,Sunset/Parkside,0,94116,0,37.74662457567,-122.50066185628
25MFF-00026,354.0,5.872117789475416,FoodFac,Otros,Sin asignar,-0.9247843819388938,0.1863269182422211,0.247534501480716,1.3979926970998924,-0.8811978807454991,0,test,3,0,Financial District/South Beach,0,94102,0,37.78731558442,-122.40758513537
25MFF-00027,354.0,5.872117789475416,FoodFac,Otros,Sin asignar,-0.9076139353104676,0.1863269182422211,0.247534501480716,1.3979926970998924,-0.8811978807454991,0,train,3,0,Financial District/South Beach,0,94104,0,37.79103350577,-122.401941226535
25MFF-00029,354.0,5.872117789475416,FoodFac,Otros,Sin asignar,-0.9247843819388938,0.1863269182422211,0.247534501480716,1.3979926970998924,-0.8811978807454991,0,train,3,0,Financial District/South Beach,0,94108,0,37.78852534759,-122.40742591127
26EXC-03876,28.0,3.367295829986474,Excavation,Pacific Gas & Electric,Jeffrey Ramirez,-0.9247843819388938,0.3681870155037389,0.5436811197885065,0.7225272202899977,-0.5240248049423519,1,train,1,0,Outer Richmond,0,94118,0,37.78230602566,-122.47549837325
25MFF-00028,354.0,5.872117789475416,FoodFac,Otros,Sin asignar,-0.9247843819388938,0.1863269182422211,0.247534501480716,1.3979926970998924,-0.8811978807454991,0,train,3,0,Financial District/South Beach,0,94104,0,37.79193562419,-122.4012962322
25MFF-00024,354.0,5.872117789475416,FoodFac,Otros,Sin asignar,-0.9247843819388938,0.1863269182422211,0.247534501480716,1.3979926970998924,-0.8811978807454991,0,test,6,0,South of Market,0,94103,0,37.7806910824,-122.40968065395
25MFF-00032,349.0,5.857933154483459,FoodFac,Otros,Sin asignar,-0.9247843819388938,0.1863269182422211,0.247534501480716,1.7357254355048397,-0.8811978807454991,0,train,9,0,Mission,0,94103,0,37.76789390727,-122.42237017285
25MFF-00031,349.0,5.857933154483459,FoodFac,Otros,Sin asignar,-0.9247843819388938,0.1863269182422211,0.247534501480716,1.7357254355048397,-0.8811978807454991,0,train,10,0,Potrero Hill,0,94107,0,37.76381159711,-122.39126547559
25MFF-00033,349.0,5.857933154483459,FoodFac,Otros,Sin asignar,-0.9076139353104676,0.1863269182422211,0.247534501480716,1.7357254355048397,-0.8811978807454991,0,train,2,0,Western Addition,0,94109,0,37.7850144115,-122.42293331955
25MFF-00030,349.0,5.857933154483459,FoodFac,Otros,Sin asignar,-0.9076139353104676,0.1863269182422211,0.247534501480716,1.7357254355048397,-0.8811978807454991,0,test,5,0,Tenderloin,0,94102,0,37.77907755856,-122.41644439257
25VDR-00150,364.0,5.899897353582492,Referral,Otros,Sin asignar,-0.9247843819388938,0.1243291578121582,0.247534501480716,1.3979926970998924,-0.072858814454166,1,test,11,0,Outer Mission,0,94112,0,37.72418096387,-122.43536420542
26EXC-03818,28.0,3.367295829986474,Excavation,Pacific Gas & Electric,Gabriel Howell,-0.9247843819388938,0.2607242307582966,0.5436811197885065,0.3847944818850504,-0.2796432267612512,1,test,1,0,Inner Richmond,0,94118,0,37.78112066005,-122.46374904466
26EXC-03873,57.0,4.060443010546419,Excavation,Pacific Gas & Electric,Gabriel Howell,-0.9247843819388938,0.2607242307582966,0.5436811197885065,0.3847944818850504,-0.0916573973911737,1,train,1,0,Outer Richmond,0,94121,0,37.77947241621,-122.47716988011
25MFF-00035,348.0,5.855071922202427,FoodFac,Otros,Sin asignar,-0.9076139353104676,0.1863269182422211,0.247534501480716,1.7357254355048397,-0.8811978807454991,0,train,6,0,Financial District/South Beach,0,94105,0,37.790729959995,-122.39528897007
26EXC-03860,57.0,4.060443010546419,Excavation,Pacific Gas & Electric,Don Doan,-0.9247843819388938,0.3144556231310177,0.5436811197885065,0.3847944818850504,-0.1668517291392047,1,train,8,0,Bernal Heights,0,94112,0,37.73540304473,-122.42648781259
26EXC-03813,28.0,3.367295829986474,Excavation,Pacific Gas & Electric,Jeffrey Ramirez,-0.9247843819388938,0.2565910467296257,0.5436811197885065,0.7225272202899977,-0.1292545632651892,1,train,6,0,Financial District/South Beach,0,94105,0,37.7864199896,-122.40073240469
26EXC-03831,44.0,3.80666248977032,Excavation,Otros,Otros,-0.9247843819388938,0.2111260224142463,0.5436811197885065,0.0470617434801031,-0.6744134684384139,1,train,1,0,Outer Richmond,0,94118,0,37.78571052585,-122.47531196761
26EXC-03864,25.0,3.258096538021482,Excavation,Otros,Jeffrey Ramirez,-0.9247843819388938,0.3144556231310177,0.5436811197885065,0.3847944818850504,-0.7496078001864449,1,train,3,0,Financial District/South Beach,0,94108,0,37.78782036957,-122.40417468487
26EXC-03867,28.0,3.367295829986474,Excavation,Pacific Gas & Electric,Jeffrey Ramirez,-0.9247843819388938,0.4508506960771561,0.5436811197885065,0.7225272202899977,-0.3172403926352667,1,train,7,0,Inner Sunset,0,94122,0,37.76114936809,-122.46825589477
25MFF-00036,347.0,5.8522024797744745,FoodFac,Otros,Sin asignar,-0.9076139353104676,0.1863269182422211,0.247534501480716,1.7357254355048397,-0.8811978807454991,0,train,3,1,Financial District/South Beach,0,94104,1,37.78867830258,-122.399538572765
25MFF-00037,347.0,5.8522024797744745,FoodFac,Otros,Sin asignar,-0.9247843819388938,0.1863269182422211,0.247534501480716,1.7357254355048397,-0.8811978807454991,0,test,3,0,Financial District/South Beach,0,94104,0,37.79290276633,-122.4023622632
26EXC-03796,28.0,3.367295829986474,Excavation,Pacific Gas & Electric,Jeffrey Ramirez,-0.9247843819388938,0.4715166162205104,0.5436811197885065,1.060259958694945,-0.3172403926352667,1,train,2,0,Marina,0,94123,0,37.80095212405,-122.44643932607
25PKT-00427,117.0,4.770684624465665,Otros,Otros,Sin asignar,-0.9247843819388938,0.1863269182422211,0.5436811197885065,-0.6284037333297915,5.641910398396189,1,train,8,0,Castro/Upper Market,0,94114,0,37.76350154052,-122.434318219
26EXC-02844,28.0,3.367295829986474,Excavation,Pacific Gas & Electric,Jeffrey Ramirez,-0.8732730420536156,0.2689905988156383,0.5436811197885065,0.3847944818850504,-0.6556148855014061,1,train,3,0,Financial District/South Beach,0,94108,1,37.788327342325,-122.4067382291775
25VDR-00154,347.0,5.8522024797744745,Referral,Otros,Sin asignar,-0.9247843819388938,0.1656609980988668,0.247534501480716,1.7357254355048397,0.5474944224670896,1,train,9,0,Bernal Heights,0,94110,0,37.74330611466,-122.42213398326
25MFF-00040,345.0,5.846438775057725,FoodFac,Otros,Sin asignar,-0.9247843819388938,0.1863269182422211,0.247534501480716,1.7357254355048397,-0.8811978807454991,0,test,3,0,Financial District/South Beach,0,94108,0,37.78690002114,-122.40658798977
25MFF-00038,345.0,5.846438775057725,FoodFac,Otros,Sin asignar,-0.9247843819388938,0.1863269182422211,0.247534501480716,1.7357254355048397,-0.8811978807454991,0,train,6,0,Financial District/South Beach,0,94102,0,37.78576070008,-122.40591104498
24EXC-03265,249.0,5.521460917862246,Excavation,Pacific Gas & Electric,Mario Novoa,-0.5985458959987984,0.2731237828443091,0.5436811197885065,-1.6416019485446334,-0.223247477950228,1,test,8,0,Castro/Upper Market,1,94114,1,37.7595397913885,-122.4414643564335
26EXC-03903,28.0,3.367295829986474,Excavation,Otros,Jeffrey Ramirez,-0.7530799156546331,0.2111260224142463,0.5436811197885065,0.3847944818850504,-0.5616219708163674,1,test,2,0,Pacific Heights,0,94109,0,37.7941467127,-122.42933478396002
25MFF-00039,345.0,5.846438775057725,FoodFac,Otros,Sin asignar,-0.9247843819388938,0.1863269182422211,0.247534501480716,1.7357254355048397,-0.8811978807454991,0,train,6,0,Financial District/South Beach,0,94102,0,37.78489640015,-122.40706080671
26N-00342,1.0,0.6931471805599453,NightNoise,Pacific Gas & Electric,Sin asignar,-0.9076139353104676,0.4508506960771561,0.5436811197885065,1.060259958694945,-0.0540602315171583,1,train,9,0,Bernal Heights,0,94110,0,37.747346843260004,-122.41484584085
26EXC-04587,28.0,3.367295829986474,Excavation,Otros,Jeffrey Ramirez,-0.7187390223977809,0.219392390471588,0.5436811197885065,0.7225272202899977,-0.6180177196273907,1,test,2,0,Pacific Heights,0,94109,0,37.79039585123,-122.42554665981
26EXC-04585,28.0,3.367295829986474,Excavation,Pacific Gas & Electric,Don Doan,-0.9247843819388938,0.3805865675897515,0.5436811197885065,1.060259958694945,-0.298441809698259,1,train,7,0,Inner Sunset,0,94122,0,37.75890483945,-122.47667576811
26EXC-03875,57.0,4.060443010546419,Excavation,Pacific Gas & Electric,Gabriel Howell,-0.9247843819388938,0.2441914946436131,0.5436811197885065,0.3847944818850504,-0.0540602315171583,1,train,1,0,Outer Richmond,0,94121,0,37.78085778087,-122.48908523215
26EXC-03522,57.0,4.060443010546419,Excavation,Pacific Gas & Electric,Don Doan,-0.9247843819388938,0.2359251265862714,0.5436811197885065,0.0470617434801031,0.1151270149159114,1,train,11,0,Excelsior,0,94112,0,37.72060392615,-122.43792473151
26EXC-03853,28.0,3.367295829986474,Excavation,Pacific Gas & Electric,Don Doan,-0.9076139353104676,0.1821937342135502,0.5436811197885065,0.3847944818850504,-0.072858814454166,1,train,4,0,Lakeshore,1,94132,0,37.731851354235,-122.4787402478
26VDR-00063,114.0,4.74493212836325,Referral,Otros,Sin asignar,-0.9247843819388938,0.1739273661562085,0.5436811197885065,0.0470617434801031,-0.0352616485801505,1,train,3,0,Tenderloin,0,94102,0,37.78720015747,-122.4084615617
25VDR-00158,364.0,5.899897353582492,Referral,Otros,Sin asignar,-0.9247843819388938,0.0623313973820953,0.247534501480716,1.3979926970998924,0.3971057589710275,1,train,3,0,Nob Hill,0,94109,0,37.79053030305,-122.42062690551
26EXC-03890,28.0,3.367295829986474,Excavation,Pacific Gas & Electric,Gabriel Howell,-0.9247843819388938,0.2689905988156383,0.5436811197885065,0.3847944818850504,-0.1292545632651892,1,test,5,0,Tenderloin,0,94102,0,37.78172266083,-122.41100935825
26EXC-03869,44.0,3.80666248977032,Excavation,Otros,Otros,-0.9247843819388938,0.2028596543569046,0.5436811197885065,0.0470617434801031,-0.6180177196273907,1,train,11,0,Oceanview/Merced/Ingleside,0,94112,0,37.71671797803,-122.45854984378
26EXC-03679,67.0,4.219507705176107,Excavation,Otros,Otros,-0.9247843819388938,0.1201959737834874,0.5436811197885065,0.0470617434801031,-0.2796432267612512,1,train,8,0,Noe Valley,0,94114,0,37.75516223908,-122.43667171014
26TOC-03594,0.0,0.0,TempOccup,Pacific Gas & Electric,Sin asignar,-0.9247843819388938,0.248324678672284,0.5436811197885065,0.7225272202899977,-0.8811978807454991,0,train,11,0,Outer Mission,0,94112,0,37.7083233335,-122.45731099932
26EXC-04567,13.0,2.6390573296152584,Excavation,Otros,Otros,-0.9247843819388938,0.2400583106149423,0.5436811197885065,0.7225272202899977,0.7166816689001593,1,train,4,0,Sunset/Parkside,0,94122,0,37.76137270766,-122.48757968498
26VDR-00023,304.0,5.720311776607412,Referral,Otros,Sin asignar,-0.9247843819388938,-0.3179215332556236,0.5436811197885065,-1.303869210139686,-0.2044488950132202,1,train,9,0,Mission,0,94110,0,37.75143953847,-122.41836656926
26EXC-04498,13.0,2.6390573296152584,Excavation,Otros,Otros,-0.9247843819388938,0.1945932862995628,0.5436811197885065,0.7225272202899977,0.7542788347741748,1,train,4,0,Sunset/Parkside,0,94122,0,37.75124796464,-122.50643034725
26VDR-00027,304.0,5.720311776607412,Referral,Otros,Sin asignar,-0.9247843819388938,-0.3179215332556236,0.5436811197885065,-1.303869210139686,-0.599219136690383,1,train,9,0,Mission,0,94110,0,37.75143953847,-122.41836656926
26EXC-01162,289.0,5.66988092298052,Excavation,Pacific Gas & Electric,Jeffrey Ramirez,-0.9247843819388938,0.2111260224142463,0.5436811197885065,-1.303869210139686,-0.1856503120762125,1,train,11,0,Outer Mission,0,94112,0,37.7083233335,-122.45731099932
25VDR-00156,339.0,5.828945617610208,Referral,Otros,Sin asignar,-0.8732730420536156,0.1573946300415251,0.247534501480716,1.7357254355048397,1.0738547447033064,1,train,3,0,Nob Hill,0,94109,0,37.7906367146075,-122.41922045246
26EXC-03847,44.0,3.80666248977032,Excavation,Otros,Otros,-0.9247843819388938,0.2152592064429171,0.5436811197885065,0.3847944818850504,-0.6180177196273907,1,train,6,0,South of Market,0,94103,0,37.77431292759,-122.41114841787
25VDR-00157,333.0,5.811140992976701,Referral,Otros,Sin asignar,-0.9247843819388938,0.0457986612674119,0.5436811197885065,1.7357254355048397,0.5850915883411051,1,train,3,0,Financial District/South Beach,0,94102,0,37.78688442417,-122.40813148054
26EXC-03807,44.0,3.80666248977032,Excavation,Otros,Gabriel Howell,-0.9247843819388938,0.1987264703282337,0.5436811197885065,0.0470617434801031,-0.6556148855014061,1,test,1,0,Outer Richmond,0,94121,0,37.7794286597,-122.48774792992
26EXC-01157,28.0,3.367295829986474,Excavation,Pacific Gas & Electric,Jeffrey Ramirez,-0.9247843819388938,0.4301847759338018,0.5436811197885065,0.3847944818850504,-0.2796432267612512,1,train,1,0,Outer Richmond,0,94121,0,37.77907758685,-122.48573748816
26EXC-03850,59.0,4.0943445622221,Excavation,Pacific Gas & Electric,Jeffrey Ramirez,-0.9247843819388938,0.2069928383855754,0.5436811197885065,0.0470617434801031,-0.3360389755722744,1,test,3,0,Nob Hill,0,94109,0,37.79063876086,-122.41577339939
26EXC-04604,25.0,3.258096538021482,Excavation,Otros,Don Doan,-0.9076139353104676,0.2359251265862714,0.5436811197885065,0.7225272202899977,-0.7496078001864449,1,train,10,0,Visitacion Valley,0,94134,0,37.70850461219,-122.41965138362
26SC-00466,2.0,1.0986122886681098,Otros,Otros,Sin asignar,-0.9247843819388938,0.219392390471588,0.5436811197885065,0.7225272202899977,-0.8811978807454991,0,test,5,0,Hayes Valley,0,94102,0,37.776033488,-122.42119282058
26TOC-03602,0.0,0.0,TempOccup,Pacific Gas & Electric,Sin asignar,-0.9247843819388938,0.2524578627009549,0.5436811197885065,0.7225272202899977,-0.8811978807454991,0,train,11,0,Oceanview/Merced/Ingleside,0,94132,0,37.72064782428,-122.46986451339
25IE-00423,776.0,6.655440350367647,StrtImprov,Otros,Sin asignar,-0.9247843819388938,0.0581982133534245,0.247534501480716,1.3979926970998924,1.1302504935143296,1,train,6,0,Treasure Island,0,94130,0,37.82430189522,-122.37223941757
26E-00435,28.0,3.367295829986474,ExcStreet,Otros,Otros,-0.9247843819388938,0.2069928383855754,0.5436811197885065,0.3847944818850504,0.9986604129552754,1,train,2,0,Western Addition,0,94102,0,37.78163963638,-122.4231011547
25EXC-06124,28.0,3.367295829986474,Excavation,Pacific Gas & Electric,Jeffrey Ramirez,-0.9247843819388938,0.2731237828443091,0.5436811197885065,0.7225272202899977,-0.1292545632651892,1,train,8,0,Noe Valley,0,94114,0,37.75290121366,-122.4408133688
25WR-00040,3930.0,8.27664912542186,Wireless,Otros,Sin asignar,-0.9247843819388938,0.1863269182422211,0.5436811197885065,-1.6416019485446334,-0.8811978807454991,0,train,1,0,Outer Richmond,0,94121,0,37.77230117741,-122.49368560993
26IE-00124,30.0,3.4339872044851463,StrtImprov,Otros,Mario Novoa,-0.9247843819388938,0.2111260224142463,0.5436811197885065,0.3847944818850504,6.732228208742638,1,test,8,0,Noe Valley,0,94114,0,37.75255021174,-122.42626073417
26E-00432,27.0,3.332204510175204,ExcStreet,Otros,Otros,-0.9076139353104676,0.1987264703282337,0.5436811197885065,0.7225272202899977,0.3783071760340198,1,train,3,0,Nob Hill,0,94109,0,37.78779407307,-122.41885274956499
26TOC-03610,3.0,1.3862943611198906,TempOccup,Pacific Gas & Electric,Sin asignar,-0.9076139353104676,0.2111260224142463,0.5436811197885065,0.7225272202899977,-0.8811978807454991,0,train,4,0,Lakeshore,1,94132,0,37.731851354235,-122.4787402478
25VDR-00160,326.0,5.7899601708972535,Referral,Otros,Sin asignar,-0.9247843819388938,0.1780605501848794,0.247534501480716,1.7357254355048397,-0.6368163025643984,1,train,6,0,Financial District/South Beach,0,94108,0,37.7862683123,-122.40524599954
26EXC-03881,28.0,3.367295829986474,Excavation,Pacific Gas & Electric,Jeffrey Ramirez,-0.9247843819388938,0.5913789530519653,0.5436811197885065,1.3979926970998924,-0.6368163025643984,1,test,4,0,Sunset/Parkside,0,94116,0,37.7467190573,-122.49851796867
26EXC-03896,28.0,3.367295829986474,Excavation,Pacific Gas & Electric,Mario Novoa,-0.8732730420536156,0.2813901509016509,0.5436811197885065,0.3847944818850504,-0.5428233878793597,1,train,6,0,South of Market,1,Desconocido,0,37.7762925798625,-122.413089262675
25MFF-00048,321.0,5.7745515455444085,FoodFac,Otros,Sin asignar,-0.9076139353104676,0.1863269182422211,0.247534501480716,1.7357254355048397,-0.8811978807454991,0,train,3,1,Financial District/South Beach,0,94104,1,37.79371015986,-122.398999997855
25MFF-00049,321.0,5.7745515455444085,FoodFac,Otros,Sin asignar,-0.9076139353104676,0.1863269182422211,0.247534501480716,1.7357254355048397,-0.8811978807454991,0,train,3,1,Financial District/South Beach,0,94104,1,37.793503779995,-122.398750097235
26EXC-03910,28.0,3.367295829986474,Excavation,Otros,Mario Novoa,-0.9247843819388938,0.2441914946436131,0.5436811197885065,0.3847944818850504,0.3219114272229966,1,train,7,0,Twin Peaks,0,94131,0,37.74887617688,-122.44909029711
26EXC-03880,28.0,3.367295829986474,Excavation,Pacific Gas & Electric,Mario Novoa,-0.9247843819388938,0.4797829842778521,0.5436811197885065,1.060259958694945,-0.2608446438242435,1,test,9,0,Bernal Heights,0,94110,0,37.74742897409,-122.41549092075
26SWR-00119,30.0,3.4339872044851463,Otros,Otros,Otros,-0.9247843819388938,0.2441914946436131,0.5436811197885065,0.3847944818850504,-0.8811978807454991,0,train,9,0,Bernal Heights,0,94110,0,37.74718589563,-122.40753905038
26EXC-03884,59.0,4.0943445622221,Excavation,Pacific Gas & Electric,Jeffrey Ramirez,-0.9247843819388938,0.3557874634177264,0.5436811197885065,0.7225272202899977,-0.4300318902573132,1,test,2,0,Pacific Heights,0,94123,0,37.79432841465,-122.43830569464
25EXC-06183,59.0,4.0943445622221,Excavation,Pacific Gas & Electric,Jeffrey Ramirez,-0.8732730420536156,0.219392390471588,0.5436811197885065,0.7225272202899977,-0.0916573973911737,1,train,10,0,Bayview Hunters Point,0,94124,1,37.734370171535,-122.405452402435
25ASC-00002,365.0,5.902633333401366,Otros,Otros,Sin asignar,-0.9247843819388938,0.1945932862995628,0.247534501480716,-1.9793346869495807,-0.8811978807454991,0,test,6,0,Mission,0,94103,0,37.77411188865,-122.41887737738
26EXC-03868,44.0,3.80666248977032,Excavation,Otros,Otros,-0.9247843819388938,0.1945932862995628,0.5436811197885065,0.0470617434801031,-0.5616219708163674,1,train,9,0,Portola,0,94134,0,37.72651980461,-122.40327225936
25MFF-00050,320.0,5.771441123130016,FoodFac,Otros,Sin asignar,-0.9247843819388938,0.1863269182422211,0.247534501480716,1.7357254355048397,-0.8811978807454991,0,test,6,0,Financial District/South Beach,0,94105,0,37.79108037944,-122.39874811484
26VDR-00024,304.0,5.720311776607412,Referral,Otros,Sin asignar,-0.9247843819388938,-0.3179215332556236,0.5436811197885065,-1.303869210139686,-0.599219136690383,1,train,9,0,Mission,0,94110,0,37.75158767613,-122.41819709746
25MFF-00043,317.0,5.762051382780177,FoodFac,Otros,Sin asignar,-0.9247843819388938,0.1863269182422211,0.5436811197885065,-1.9793346869495807,-0.8811978807454991,0,train,10,0,Mission Bay,0,94107,0,37.76591034141,-122.39489078201
26VDR-00001,364.0,5.899897353582492,Referral,Otros,Sin asignar,-0.9247843819388938,-0.0327318352773343,0.5436811197885065,1.3979926970998924,-0.4864276390683364,1,train,6,0,Financial District/South Beach,0,94105,0,37.79410479366,-122.39513793127
25VDR-00159,319.0,5.768320995793772,Referral,Otros,Sin asignar,-0.9247843819388938,0.1821937342135502,0.5436811197885065,-1.9793346869495807,0.660285920089136,1,train,3,0,Financial District/South Beach,0,94108,0,37.786396835,-122.40677692395
26EXC-03956,28.0,3.367295829986474,Excavation,Otros,Jeffrey Ramirez,-0.8389321487967634,0.2235255745002588,0.5436811197885065,0.3847944818850504,-0.6368163025643984,1,train,3,0,Russian Hill,0,94109,0,37.79618357833,-122.41768877166
26ASC-00001,365.0,5.902633333401366,Otros,Otros,Sin asignar,-0.9247843819388938,0.1656609980988668,0.5436811197885065,-1.9793346869495807,-0.8811978807454991,0,test,6,0,Mission,0,94103,0,37.77411188865,-122.41887737738
26EXC-03958,28.0,3.367295829986474,Excavation,Otros,Mario Novoa,-0.9076139353104676,0.2235255745002588,0.5436811197885065,0.3847944818850504,-0.6180177196273907,1,test,5,0,Haight Ashbury,0,94117,0,37.77188508008,-122.43262515945
26VDR-00003,364.0,5.899897353582492,Referral,Otros,Sin asignar,-0.9247843819388938,-0.0492645713920178,0.5436811197885065,1.3979926970998924,-0.3360389755722744,1,train,6,0,South of Market,0,94103,0,37.78512022099,-122.40654644255
14WR-0142,3947.0,8.280964400553373,Wireless,Otros,Sin asignar,-0.9247843819388938,0.1863269182422211,-2.713931681597189,1.7357254355048397,-0.8811978807454991,0,train,1,0,Outer Richmond,0,94121,0,37.77293324484,-122.48865059144
26EXC-03901,28.0,3.367295829986474,Excavation,Pacific Gas & Electric,Gabriel Howell,-0.9247843819388938,0.2937897029876635,0.5436811197885065,0.3847944818850504,-0.1292545632651892,1,train,5,0,Tenderloin,0,94102,0,37.78574277727,-122.40959029868
26EXC-03912,57.0,4.060443010546419,Excavation,Pacific Gas & Electric,Don Doan,-0.9247843819388938,0.2937897029876635,0.5436811197885065,0.3847944818850504,-0.2044488950132202,1,train,10,0,Visitacion Valley,0,94134,0,37.71621915781,-122.40695766948
26EXC-03907,44.0,3.80666248977032,Excavation,Otros,Otros,-0.9247843819388938,0.2069928383855754,0.5436811197885065,0.3847944818850504,-0.6368163025643984,1,test,10,0,Bayview Hunters Point,0,94124,0,37.73338254745,-122.3835430684
26EXC-03924,28.0,3.367295829986474,Excavation,Pacific Gas & Electric,Jeffrey Ramirez,-0.9247843819388938,0.2111260224142463,0.5436811197885065,0.3847944818850504,-0.1292545632651892,1,train,2,0,Russian Hill,0,94109,0,37.8046249459,-122.42510151729
26VDR-00002,364.0,5.899897353582492,Referral,Otros,Sin asignar,-0.9247843819388938,-0.0657973075067012,0.5436811197885065,1.3979926970998924,0.4159043419080353,1,test,5,0,Tenderloin,0,94102,0,37.78303141714,-122.41393993285
26ADS-00055,184.0,5.220355825078324,AddlStSpac,Otros,Sin asignar,-0.9247843819388938,0.190460102270892,0.5436811197885065,0.0470617434801031,1.0550561617662986,1,train,2,0,Pacific Heights,0,94123,0,37.79436284942,-122.44275194427
26EXC-02181,364.0,5.899897353582492,Excavation,Otros,Otros,-0.735909469026207,0.3020560710450052,0.5436811197885065,-0.2906709949248441,0.2843142613489811,1,test,3,0,Financial District/South Beach,1,94102,1,37.7865468591125,-122.40798099304334
26VDR-00004,364.0,5.899897353582492,Referral,Otros,Sin asignar,-0.735909469026207,-0.0327318352773343,0.5436811197885065,1.3979926970998924,2.370956967356841,1,train,5,0,Tenderloin,0,94102,1,37.78315272261167,-122.41749889550749
26IE-00019,3439.0,8.143226750367445,StrtImprov,Otros,Sin asignar,-0.9076139353104676,-11.436186570380231,0.5436811197885065,0.3847944818850504,3.724454938821399,1,train,10,0,Bayview Hunters Point,0,Desconocido,0,37.728587045535,-122.37885824450501
26IE-00018,272.0,5.60947179518496,StrtImprov,Otros,Sin asignar,-0.8561025954251895,0.4095188557904475,0.5436811197885065,-1.303869210139686,1.4874235693174769,1,train,10,0,Potrero Hill,0,94107,1,37.755601678606,-122.384323979806
26VDR-00007,364.0,5.899897353582492,Referral,Otros,Sin asignar,-0.9247843819388938,-0.0368650193060052,0.5436811197885065,1.3979926970998924,-0.2420460608872357,1,train,5,0,Tenderloin,0,94109,0,37.78600773345,-122.41783278661
26EXC-04584,57.0,4.060443010546419,Excavation,Pacific Gas & Electric,Don Doan,-0.9247843819388938,0.4136520398191184,0.5436811197885065,1.060259958694945,0.3031128442859888,1,train,10,0,Bayview Hunters Point,0,94134,0,37.71218541031,-122.40218379073
26EXC-04592,4.0,1.6094379124341005,Excavation,Otros,Otros,-0.8904434886820416,0.2028596543569046,0.5436811197885065,0.7225272202899977,0.1151270149159114,1,train,5,0,Hayes Valley,0,94102,1,37.77681744573667,-122.42661793412333
26EXC-03942,28.0,3.367295829986474,Excavation,Pacific Gas & Electric,Jeffrey Ramirez,-0.9247843819388938,0.2813901509016509,0.5436811197885065,0.3847944818850504,-0.4300318902573132,1,test,4,0,Sunset/Parkside,0,94116,0,37.74738165106,-122.48351685258
26EXC-03951,28.0,3.367295829986474,Excavation,Pacific Gas & Electric,Jeffrey Ramirez,-0.9247843819388938,0.2524578627009549,0.5436811197885065,0.3847944818850504,-0.6368163025643984,1,train,4,0,Sunset/Parkside,0,94116,0,37.74728692084,-122.48566228328
26EXC-03936,28.0,3.367295829986474,Excavation,Pacific Gas & Electric,Jeffrey Ramirez,-0.9076139353104676,0.2689905988156383,0.5436811197885065,0.3847944818850504,0.1527241807899269,1,train,2,0,Western Addition,0,94109,1,37.786456467805,-122.422802933795
26EXC-04555,13.0,2.6390573296152584,Excavation,Otros,Otros,-0.9247843819388938,0.2400583106149423,0.5436811197885065,0.7225272202899977,0.8482717494592135,1,train,2,0,Marina,0,94123,0,37.79909068328,-122.42899028298
26EXC-03932,57.0,4.060443010546419,Excavation,Pacific Gas & Electric,Don Doan,-0.8904434886820416,0.2607242307582966,0.5436811197885065,0.3847944818850504,-0.1856503120762125,1,train,10,0,Bayview Hunters Point,0,94124,0,37.74461530187667,-122.38714426034333
26EXC-03898,59.0,4.0943445622221,Excavation,Pacific Gas & Electric,Mario Novoa,-0.9247843819388938,0.3185888071596886,0.5436811197885065,0.3847944818850504,-0.4676290561313287,1,test,8,0,Noe Valley,0,94131,0,37.74802974564,-122.43487944585
26EXC-03953,28.0,3.367295829986474,Excavation,Otros,Jeffrey Ramirez,-0.8732730420536156,0.2317919425576006,0.5436811197885065,0.3847944818850504,-0.6368163025643984,1,train,3,0,Tenderloin,0,94109,0,37.78658710184,-122.41968177331
26IE-00343,28.0,3.367295829986474,StrtImprov,Otros,Otros,-0.9247843819388938,0.3227219911883595,0.5436811197885065,0.7225272202899977,0.6226887542151205,1,train,7,0,West of Twin Peaks,0,94116,0,37.74712977643,-122.46352585761
26EXC-03949,28.0,3.367295829986474,Excavation,Pacific Gas & Electric,Jeffrey Ramirez,-0.9247843819388938,0.2441914946436131,0.5436811197885065,0.3847944818850504,-0.6368163025643984,1,train,4,0,Sunset/Parkside,0,94116,0,37.74714515413,-122.48887145342
26EXC-03950,28.0,3.367295829986474,Excavation,Pacific Gas & Electric,Don Doan,-0.9247843819388938,0.3475210953603846,0.5436811197885065,0.7225272202899977,-0.1856503120762125,1,train,10,0,Bayview Hunters Point,0,94124,0,37.73999632,-122.39818885742
26EXC-03918,44.0,3.80666248977032,Excavation,Otros,Otros,-0.9247843819388938,0.2111260224142463,0.5436811197885065,0.3847944818850504,-0.4112333073203054,1,train,2,0,Marina,0,94123,0,37.80332092071,-122.43014316798
26VDR-00020,199.0,5.298317366548036,Referral,Otros,Sin asignar,-0.9247843819388938,0.1243291578121582,0.5436811197885065,-0.9661364717347388,2.746928626096996,1,test,6,0,South of Market,0,94103,0,37.77708254123,-122.41363229606
26VDR-00009,307.0,5.730099782973574,Referral,Otros,Sin asignar,-0.9247843819388938,0.1821937342135502,0.5436811197885065,-1.9793346869495807,1.2994377399473993,1,train,6,0,Mission,0,94103,0,37.77051572859,-122.41262468703
26WR-00003,3936.0,8.278174290943738,Wireless,Otros,Sin asignar,-0.9247843819388938,0.1863269182422211,0.5436811197885065,-0.9661364717347388,-0.8811978807454991,0,train,4,0,Sunset/Parkside,0,94122,0,37.76121260791,-122.50920515049
26EXC-03948,28.0,3.367295829986474,Excavation,Pacific Gas & Electric,Jeffrey Ramirez,-0.9247843819388938,0.4921825363638647,0.5436811197885065,1.060259958694945,-0.6556148855014061,1,train,6,0,South of Market,0,94107,0,37.77904510591,-122.39406365116
26IE-00215,212.0,5.3612921657094255,StrtImprov,Otros,Otros,-0.9247843819388938,0.1160627897548165,0.5436811197885065,-0.6284037333297915,-0.5616219708163674,1,train,8,0,Noe Valley,0,94131,0,37.74481514189,-122.43281443237
26ADS-00007,184.0,5.220355825078324,AddlStSpac,Otros,Otros,-0.9247843819388938,0.0581982133534245,0.5436811197885065,-1.303869210139686,13.988481222427628,1,train,7,0,Inner Sunset,0,94122,0,37.76317797132,-122.45869514286
26EXC-00239,284.0,5.652489180268651,Excavation,Ronan Construction Inc.,Sin asignar,-0.2036256235449987,0.1201959737834874,0.5436811197885065,-1.9793346869495807,-0.072858814454166,1,train,8,1,Sunset/Parkside,1,94122,1,37.75128599465977,-122.45891161294303
26EXC-04566,13.0,2.6390573296152584,Excavation,Otros,Otros,-0.9247843819388938,0.2400583106149423,0.5436811197885065,0.7225272202899977,0.9234660812072444,1,train,9,0,Bernal Heights,0,94124,0,37.74224987456,-122.40609721451
26VDR-00010,306.0,5.726847747587197,Referral,Otros,Sin asignar,-0.9247843819388938,-0.2021923804528396,0.5436811197885065,-1.9793346869495807,0.0775298490418959,1,train,6,0,South of Market,0,94103,0,37.78512022099,-122.40654644255
26EXC-02864,59.0,4.0943445622221,Excavation,Pacific Gas & Electric,Don Doan,-0.9247843819388938,0.4177852238477892,0.5436811197885065,0.3847944818850504,-0.072858814454166,1,test,4,0,Sunset/Parkside,0,94116,0,37.739639684,-122.48942338759
15WR-0029,3935.0,8.277920258172143,Wireless,"ExteNet Systems, Inc.",Sin asignar,-0.9247843819388938,0.1863269182422211,-2.417785063289399,-1.9793346869495807,-0.8811978807454991,0,train,3,0,Financial District/South Beach,0,94108,0,37.78893422789,-122.40698898703
26VDR-00011,364.0,5.899897353582492,Referral,Otros,Sin asignar,-0.9247843819388938,-0.0616641234780303,0.5436811197885065,1.3979926970998924,-0.6180177196273907,1,train,6,0,South of Market,0,94103,0,37.78132667014,-122.41136681004
26EXC-02842,153.0,5.0369526024136295,Excavation,Otros,Otros,-0.7015685757693548,0.1863269182422211,0.5436811197885065,0.3847944818850504,-0.298441809698259,1,train,5,0,Hayes Valley,0,94102,0,37.77798033645,-122.42842861037
26EXC-04574,24.0,3.218875824868201,Excavation,Otros,Jeffrey Ramirez,-0.9247843819388938,0.2152592064429171,0.5436811197885065,0.7225272202899977,-0.7496078001864449,1,test,3,0,Financial District/South Beach,0,94108,0,37.78918255259,-122.40550093761
26TOC-03597,1.0,0.6931471805599453,TempOccup,Pacific Gas & Electric,Sin asignar,-0.9247843819388938,0.2689905988156383,0.5436811197885065,0.7225272202899977,-0.8811978807454991,0,test,9,0,Bernal Heights,0,94110,0,37.74516998572,-122.41167979503
26EXC-04576,28.0,3.367295829986474,Excavation,Pacific Gas & Electric,Jeffrey Ramirez,-0.9247843819388938,0.426051591905131,0.5436811197885065,1.060259958694945,-0.5428233878793597,1,train,4,0,Sunset/Parkside,0,94122,0,37.75360300706,-122.49093789063
26EXC-03972,28.0,3.367295829986474,Excavation,Pacific Gas & Electric,Jeffrey Ramirez,-0.9247843819388938,0.2524578627009549,0.5436811197885065,0.3847944818850504,-0.6180177196273907,1,train,11,0,Excelsior,0,94134,0,37.72770696707,-122.42111294441
26EXC-03975,57.0,4.060443010546419,Excavation,Pacific Gas & Electric,Gabriel Howell,-0.9247843819388938,0.3599206474463972,0.5436811197885065,0.7225272202899977,-0.0540602315171583,1,train,1,0,Inner Richmond,0,94118,0,37.77542908175,-122.45844908723
26EXC-02615,13.0,2.6390573296152584,Excavation,Otros,Don Doan,-0.8732730420536156,0.2855233349303218,0.5436811197885065,0.7225272202899977,-0.37363614144629,1,train,4,0,Sunset/Parkside,0,94132,0,37.73215799205,-122.48461878644
26EXC-04579,28.0,3.367295829986474,Excavation,Pacific Gas & Electric,Jeffrey Ramirez,-0.9247843819388938,0.1863269182422211,0.5436811197885065,0.7225272202899977,-0.298441809698259,1,train,3,0,Nob Hill,0,94109,0,37.79009933465,-122.42059041188
26TOC-03600,1.0,0.6931471805599453,TempOccup,Pacific Gas & Electric,Sin asignar,-0.9076139353104676,0.2235255745002588,0.5436811197885065,0.7225272202899977,-0.8811978807454991,0,train,10,0,Potrero Hill,0,94107,0,37.763825713779994,-122.39395771477
26TOC-03595,0.0,0.0,TempOccup,Pacific Gas & Electric,Sin asignar,-0.9247843819388938,0.248324678672284,0.5436811197885065,0.7225272202899977,-0.8811978807454991,0,train,1,0,Inner Richmond,0,94118,0,37.77337464221,-122.46641743719
26SSP-00016,92.0,4.532599493153256,Otros,Otros,Sin asignar,-0.9247843819388938,0.2028596543569046,0.5436811197885065,0.3847944818850504,-0.8811978807454991,0,train,2,0,Pacific Heights,0,94123,0,37.79373896983,-122.44580173589
26ADS-00056,31.0,3.4657359027997265,AddlStSpac,Otros,Otros,-0.9247843819388938,0.2648574147869674,0.5436811197885065,0.3847944818850504,0.1527241807899269,1,train,6,0,South of Market,0,94103,0,37.77397413098,-122.41544669413
26EXC-03885,43.0,3.784189633918261,Excavation,Otros,Otros,-0.9247843819388938,0.2028596543569046,0.5436811197885065,0.3847944818850504,-0.5616219708163674,1,train,8,0,Inner Sunset,0,94117,0,37.76425785262,-122.45556315179
26EXC-03933,57.0,4.060443010546419,Excavation,Pacific Gas & Electric,Gabriel Howell,-0.9247843819388938,0.3433879113317138,0.5436811197885065,0.7225272202899977,-0.0352616485801505,1,test,1,0,Lone Mountain/USF,0,94118,0,37.77749624436,-122.45803652707
26VDR-00012,365.0,5.902633333401366,Referral,Otros,Sin asignar,-0.9247843819388938,-0.5700457590045461,0.5436811197885065,-1.9793346869495807,-0.1292545632651892,1,test,9,0,Mission,0,94110,0,37.75143953847,-122.41836656926
26EXC-04446,13.0,2.6390573296152584,Excavation,Otros,Otros,-0.8732730420536156,0.2400583106149423,0.5436811197885065,0.7225272202899977,0.6226887542151205,1,train,10,0,Visitacion Valley,1,94134,1,37.7177218839625,-122.4072228408
26EXC-04614,25.0,3.258096538021482,Excavation,Otros,Mario Novoa,-0.9076139353104676,0.2648574147869674,0.5436811197885065,0.7225272202899977,-0.7496078001864449,1,test,8,0,Mission,0,94110,0,37.74915269302,-122.42241943214
26EXC-04494,13.0,2.6390573296152584,Excavation,Otros,Otros,-0.9247843819388938,0.190460102270892,0.5436811197885065,0.7225272202899977,0.735480251837167,1,train,1,0,Inner Richmond,0,94118,0,37.78638445594,-122.46050798155
26TOC-03601,0.0,0.0,TempOccup,Pacific Gas & Electric,Sin asignar,-0.9247843819388938,0.2524578627009549,0.5436811197885065,0.7225272202899977,-0.8811978807454991,0,test,7,0,Inner Sunset,0,94122,0,37.75641436408,-122.46953819366
25VDR-00061,566.0,6.340359303727752,Referral,Otros,Sin asignar,-0.9247843819388938,-1.50414534948416,0.5436811197885065,0.0470617434801031,0.1151270149159114,1,train,9,0,Mission,0,94110,0,37.75463674829,-122.41867075857
26EXC-03987,57.0,4.060443010546419,Excavation,Pacific Gas & Electric,Jeffrey Ramirez,-0.9247843819388938,0.3847197516184223,0.5436811197885065,0.7225272202899977,0.0023355172938649,1,test,6,0,Mission Bay,0,94158,0,37.7699203197,-122.38637312463
26E-00446,28.0,3.367295829986474,ExcStreet,Otros,Mario Novoa,-0.9247843819388938,0.1987264703282337,0.5436811197885065,0.3847944818850504,0.8482717494592135,1,train,8,0,Castro/Upper Market,0,94114,0,37.76369690566,-122.43509748233
26EXC-03978,57.0,4.060443010546419,Excavation,Pacific Gas & Electric,Gabriel Howell,-0.9247843819388938,0.3309883592457012,0.5436811197885065,0.7225272202899977,-0.0540602315171583,1,train,1,0,Lone Mountain/USF,0,94118,0,37.77654367172,-122.4583222273
26EXC-03993,28.0,3.367295829986474,Excavation,Pacific Gas & Electric,Gabriel Howell,-0.9247843819388938,0.744306762112787,0.5436811197885065,1.7357254355048397,-0.148053146202197,1,train,5,0,Hayes Valley,0,94102,0,37.77504688341,-122.42402167502
26EXC-04013,28.0,3.367295829986474,Excavation,Otros,Mario Novoa,-0.8217617021683373,0.2359251265862714,0.5436811197885065,0.3847944818850504,-0.3924347243832977,1,train,8,0,Twin Peaks,0,94131,0,37.75454865707,-122.44680047991999
26TOC-03616,0.0,0.0,TempOccup,Otros,Sin asignar,-0.9247843819388938,0.248324678672284,0.5436811197885065,0.7225272202899977,-0.8811978807454991,0,test,2,0,Presidio Heights,0,94118,0,37.7914801551,-122.44843741711
26EXC-04609,59.0,4.0943445622221,Excavation,Pacific Gas & Electric,Don Doan,-0.9247843819388938,0.3227219911883595,0.5436811197885065,1.060259958694945,-0.4300318902573132,1,test,4,0,Sunset/Parkside,0,94122,0,37.75193635605,-122.50748100445
26EXC-03965,28.0,3.367295829986474,Excavation,Pacific Gas & Electric,Gabriel Howell,-0.9076139353104676,0.4012524877331058,0.5436811197885065,0.7225272202899977,-0.1292545632651892,1,test,3,0,Financial District/South Beach,1,94102,0,37.786432610685,-122.407853095615
26EXC-04621,57.0,4.060443010546419,Excavation,Pacific Gas & Electric,Don Doan,-0.9247843819388938,0.1987264703282337,0.5436811197885065,0.7225272202899977,-0.148053146202197,1,test,7,0,West of Twin Peaks,0,94127,0,37.73280402135,-122.45127864104
26EXC-03977,44.0,3.80666248977032,Excavation,Otros,Otros,-0.9247843819388938,0.2152592064429171,0.5436811197885065,0.3847944818850504,-0.6180177196273907,1,train,4,0,Sunset/Parkside,0,94116,0,37.73568861637,-122.5058946171
26EXC-03964,28.0,3.367295829986474,Excavation,Pacific Gas & Electric,Don Doan,-0.9247843819388938,0.2441914946436131,0.5436811197885065,0.3847944818850504,-0.1104559803281815,1,train,11,0,Oceanview/Merced/Ingleside,0,94112,0,37.7158312252,-122.45066730129
26EXC-03976,28.0,3.367295829986474,Excavation,Pacific Gas & Electric,Don Doan,-0.9247843819388938,0.3764533835610806,0.5436811197885065,0.7225272202899977,-0.0540602315171583,1,train,11,0,Oceanview/Merced/Ingleside,0,94132,0,37.72153239726,-122.46967792564
26N-00364,5.0,1.791759469228055,NightNoise,Pacific Gas & Electric,Sin asignar,-0.9247843819388938,0.2937897029876635,0.5436811197885065,0.7225272202899977,-0.223247477950228,1,train,6,0,Financial District/South Beach,0,94103,0,37.78685130005,-122.40280170967
26EXC-03970,44.0,3.80666248977032,Excavation,Otros,Otros,-0.9247843819388938,0.1987264703282337,0.5436811197885065,0.3847944818850504,-0.599219136690383,1,train,8,0,Haight Ashbury,0,94117,0,37.76670974825,-122.44447427917
26TOC-03603,0.0,0.0,TempOccup,Pacific Gas & Electric,Sin asignar,-0.9247843819388938,0.2565910467296257,0.5436811197885065,0.7225272202899977,-0.8811978807454991,0,train,11,0,Outer Mission,0,94112,0,37.72136211801,-122.4451780454
26EXC-04027,44.0,3.80666248977032,Excavation,Otros,Otros,-0.9247843819388938,0.2152592064429171,0.5436811197885065,0.3847944818850504,-0.5616219708163674,1,train,8,0,Castro/Upper Market,0,94114,0,37.75766591176,-122.43308155945
26EXC-04039,25.0,3.258096538021482,Excavation,Otros,Mario Novoa,-0.9247843819388938,0.2607242307582966,0.5436811197885065,0.3847944818850504,-0.6368163025643984,1,train,5,0,Hayes Valley,0,94117,0,37.77675336606,-122.43235862338
26EXC-04005,28.0,3.367295829986474,Excavation,Pacific Gas & Electric,Mario Novoa,-0.9247843819388938,0.2607242307582966,0.5436811197885065,0.3847944818850504,-0.2044488950132202,1,train,8,0,Castro/Upper Market,0,94114,0,37.76008903825,-122.43492719046
26VDR-00064,107.0,4.68213122712422,Referral,Otros,Sin asignar,-0.9247843819388938,0.1697941821275377,0.5436811197885065,0.0470617434801031,-0.3360389755722744,1,test,8,0,Noe Valley,0,94114,0,37.75138704269,-122.43057537534
26EXC-04012,57.0,4.060443010546419,Excavation,Pacific Gas & Electric,Don Doan,-0.9247843819388938,0.2111260224142463,0.5436811197885065,0.3847944818850504,-0.1292545632651892,1,test,4,0,Sunset/Parkside,0,94116,0,37.73721054692,-122.50214971292
26EXC-04001,13.0,2.6390573296152584,Excavation,Otros,Don Doan,-0.9247843819388938,0.3557874634177264,0.5436811197885065,1.060259958694945,0.3031128442859888,1,train,7,0,Inner Sunset,0,94122,0,37.75828047581,-122.4696675952
26EXC-04003,59.0,4.0943445622221,Excavation,Pacific Gas & Electric,Mario Novoa,-0.9247843819388938,0.3103224391023469,0.5436811197885065,0.7225272202899977,-0.4300318902573132,1,test,10,0,Mission Bay,0,94103,0,37.76536995571,-122.40358504443
26EXC-03982,57.0,4.060443010546419,Excavation,Pacific Gas & Electric,Gabriel Howell,-0.9247843819388938,0.3268551752170303,0.5436811197885065,0.7225272202899977,-0.2044488950132202,1,train,1,0,Lone Mountain/USF,0,94118,0,37.77626835372,-122.45540379773
26SC-00412,4.0,1.6094379124341005,Otros,Otros,Sin asignar,-0.9247843819388938,0.3723201995324098,0.5436811197885065,0.7225272202899977,-0.4300318902573132,1,train,8,0,Mission,0,94110,0,37.75921577971,-122.42444585057
26E-00451,178.0,5.187385805840755,ExcStreet,Otros,Otros,-0.9247843819388938,0.190460102270892,0.5436811197885065,0.3847944818850504,0.8482717494592135,1,train,9,0,Mission,0,94110,0,37.75088139788,-122.40812253797
26EXC-03989,25.0,3.258096538021482,Excavation,Otros,Don Doan,-0.9247843819388938,0.2111260224142463,0.5436811197885065,0.3847944818850504,-0.7496078001864449,1,train,10,0,Bayview Hunters Point,0,94124,0,37.74831050544,-122.38757603779
26E-00450,27.0,3.332204510175204,ExcStreet,Otros,Otros,-0.9247843819388938,0.2731237828443091,0.5436811197885065,0.3847944818850504,0.8482717494592135,1,test,2,0,Presidio Heights,0,94118,0,37.78297203485,-122.45327892887
26EXC-03986,57.0,4.060443010546419,Excavation,Pacific Gas & Electric,Mario Novoa,-0.9247843819388938,0.3557874634177264,0.5436811197885065,0.7225272202899977,-0.1856503120762125,1,test,8,0,Castro/Upper Market,0,94114,0,37.76459614438,-122.44047054047
26EXC-04009,57.0,4.060443010546419,Excavation,Pacific Gas & Electric,Jeffrey Ramirez,-0.9247843819388938,0.2979228870163343,0.5436811197885065,0.3847944818850504,-0.1856503120762125,1,test,6,0,South of Market,0,94107,0,37.77926785441,-122.39507738725
26EXC-04007,11.0,2.4849066497880004,Excavation,Otros,Otros,-0.9076139353104676,0.2441914946436131,0.5436811197885065,0.3847944818850504,-0.2608446438242435,1,train,7,0,West of Twin Peaks,0,94127,1,37.726052457775,-122.471873622605
26EXC-04017,13.0,2.6390573296152584,Excavation,Otros,Jeffrey Ramirez,-0.9076139353104676,0.3888529356470932,0.5436811197885065,1.060259958694945,-0.37363614144629,1,train,6,0,Financial District/South Beach,0,94105,1,37.785899414175006,-122.38927063855
26MFF-00002,297.0,5.697093486505405,FoodFac,Otros,Sin asignar,-0.8904434886820416,0.1863269182422211,0.5436811197885065,-1.9793346869495807,-0.8811978807454991,0,train,11,1,Bernal Heights,1,94112,1,37.724560925456665,-122.44068983646001
26EXC-03979,28.0,3.367295829986474,Excavation,Pacific Gas & Electric,Jeffrey Ramirez,-0.9076139353104676,0.4136520398191184,0.5436811197885065,0.7225272202899977,-0.1292545632651892,1,train,2,0,Marina,0,94123,0,37.804220360325004,-122.43980299792
26MFF-00001,297.0,5.697093486505405,FoodFac,Otros,Sin asignar,-0.9247843819388938,0.1863269182422211,0.5436811197885065,-1.9793346869495807,-0.8811978807454991,0,train,7,0,Lakeshore,0,94132,0,37.71436302387,-122.49198854667
26EXC-03931,28.0,3.367295829986474,Excavation,Otros,Don Doan,-0.9076139353104676,0.2111260224142463,0.5436811197885065,0.3847944818850504,-0.6368163025643984,1,test,11,0,Oceanview/Merced/Ingleside,0,94112,0,37.72265018414,-122.45191279948
26N-00297,1.0,0.6931471805599453,NightNoise,Pacific Gas & Electric,Sin asignar,-0.8904434886820416,0.27725696687298,0.5436811197885065,0.7225272202899977,-0.4300318902573132,1,test,6,0,Tenderloin,1,94102,1,37.77749867974,-122.41634591613666
26EXC-03984,87.0,4.477336814478207,Excavation,Otros,Sin asignar,-0.8732730420536156,0.1780605501848794,0.5436811197885065,0.7225272202899977,-0.2044488950132202,1,train,1,0,Seacliff,0,94121,0,37.7876535030275,-122.4894614308825
26EXC-04025,25.0,3.258096538021482,Excavation,Otros,Mario Novoa,-0.9247843819388938,0.2607242307582966,0.5436811197885065,0.3847944818850504,-0.6180177196273907,1,train,8,0,Inner Sunset,0,94114,0,37.75833250332,-122.44716682692
26EXC-04605,44.0,3.80666248977032,Excavation,Otros,Otros,-0.9247843819388938,0.2152592064429171,0.5436811197885065,0.7225272202899977,-0.599219136690383,1,train,2,0,Pacific Heights,0,94123,0,37.79438199832,-122.44260147075
26E-00458,74.0,4.31748811353631,ExcStreet,Otros,Otros,-0.735909469026207,0.2028596543569046,0.5436811197885065,0.3847944818850504,2.9725116213410887,1,test,9,0,Mission,0,94110,1,37.7633403688575,-122.40945927550416
26TOC-03609,3.0,1.3862943611198906,TempOccup,Pacific Gas & Electric,Sin asignar,-0.9076139353104676,0.2111260224142463,0.5436811197885065,0.7225272202899977,-0.8811978807454991,0,train,6,0,Mission,0,94103,0,37.77304741444,-122.415882634945
26EXC-04603,59.0,4.0943445622221,Excavation,Pacific Gas & Electric,Mario Novoa,-0.9247843819388938,0.2937897029876635,0.5436811197885065,0.7225272202899977,-0.4300318902573132,1,train,8,0,Glen Park,0,94131,0,37.73949893812,-122.42912421983
26EXC-03849,44.0,3.80666248977032,Excavation,Otros,Otros,-0.9076139353104676,0.2152592064429171,0.5436811197885065,0.0470617434801031,-0.4864276390683364,1,train,5,0,Western Addition,0,94117,0,37.77726839536,-122.43846302168
26EXC-03990,44.0,3.80666248977032,Excavation,Otros,Otros,-0.9247843819388938,0.2028596543569046,0.5436811197885065,0.3847944818850504,-0.6368163025643984,1,train,8,0,Mission,0,94110,0,37.76045666759,-122.42479494879
26EXC-02812,57.0,4.060443010546419,Excavation,Pacific Gas & Electric,Jeffrey Ramirez,-0.9247843819388938,0.3805865675897515,0.5436811197885065,0.0470617434801031,-0.1292545632651892,1,train,6,0,South of Market,0,94107,0,37.77868295255,-122.39917886306
26EXC-04046,28.0,3.367295829986474,Excavation,Pacific Gas & Electric,Jeffrey Ramirez,-0.9076139353104676,0.3640538314750681,0.5436811197885065,0.7225272202899977,-0.6744134684384139,1,train,8,0,Noe Valley,0,94131,0,37.746897371290004,-122.42695487927
26EXC-04018,28.0,3.367295829986474,Excavation,Pacific Gas & Electric,Gabriel Howell,-0.9076139353104676,0.27725696687298,0.5436811197885065,0.3847944818850504,-0.3924347243832977,1,test,1,1,Lone Mountain/USF,0,94118,0,37.78061438569,-122.447439424775
26EXC-04030,28.0,3.367295829986474,Excavation,Pacific Gas & Electric,Mario Novoa,-0.8904434886820416,0.335121543274372,0.5436811197885065,0.7225272202899977,-0.1292545632651892,1,train,6,0,Tenderloin,1,94102,1,37.77749867974,-122.41634591613666
26EXC-04014,57.0,4.060443010546419,Excavation,Pacific Gas & Electric,Don Doan,-0.9247843819388938,0.2069928383855754,0.5436811197885065,0.3847944818850504,-0.1292545632651892,1,train,4,0,Sunset/Parkside,0,94116,0,37.74685194842,-122.48869175247
26EXC-04031,28.0,3.367295829986474,Excavation,Pacific Gas & Electric,Jeffrey Ramirez,-0.9247843819388938,0.2317919425576006,0.5436811197885065,0.3847944818850504,-0.1292545632651892,1,train,1,0,Outer Richmond,0,94121,0,37.77951483178,-122.47609723284
26EXC-04023,28.0,3.367295829986474,Excavation,Pacific Gas & Electric,Gabriel Howell,-0.9076139353104676,0.248324678672284,0.5436811197885065,0.3847944818850504,-0.1856503120762125,1,test,6,0,South of Market,1,94103,1,37.778599779065,-122.41459175878501
26EXC-03994,28.0,3.367295829986474,Excavation,Pacific Gas & Electric,Mario Novoa,-0.9247843819388938,0.3516542793890555,0.5436811197885065,0.7225272202899977,-0.7120106343124294,1,train,6,0,Financial District/South Beach,0,94103,0,37.78685130005,-122.40280170967
26EXC-03899,44.0,3.80666248977032,Excavation,Otros,Otros,-0.9247843819388938,0.2028596543569046,0.5436811197885065,0.3847944818850504,-0.6180177196273907,1,train,10,0,Visitacion Valley,0,94134,0,37.71032295814,-122.40724480885
26EXC-04024,28.0,3.367295829986474,Excavation,Pacific Gas & Electric,Mario Novoa,-0.9247843819388938,0.3805865675897515,0.5436811197885065,0.7225272202899977,-0.1292545632651892,1,test,8,0,Castro/Upper Market,0,Desconocido,0,37.76437349654,-122.4308821528
26EXC-02221,28.0,3.367295829986474,Excavation,Pacific Gas & Electric,Jeffrey Ramirez,-0.9247843819388938,0.2524578627009549,0.5436811197885065,0.3847944818850504,-0.1292545632651892,1,test,10,0,Potrero Hill,0,94107,0,37.75257756129,-122.40051530613
26VDR-00013,296.0,5.6937321388027,Referral,Otros,Sin asignar,-0.9247843819388938,0.1449950779555125,0.5436811197885065,-1.9793346869495807,0.885868915333229,1,train,5,0,Tenderloin,0,94102,0,37.78202085702,-122.41092885006
26EXC-04615,28.0,3.367295829986474,Excavation,Pacific Gas & Electric,Don Doan,-0.9076139353104676,0.2937897029876635,0.5436811197885065,0.7225272202899977,-0.4488304731943209,1,test,4,0,Sunset/Parkside,0,94116,0,37.74861284226,-122.48803875675
26EXC-03645,53.0,3.9889840465642745,Excavation,Otros,Otros,-0.9247843819388938,0.2276587585289297,0.5436811197885065,0.3847944818850504,-0.1668517291392047,1,train,7,0,Lakeshore,0,94132,0,37.71845055854,-122.48502450737
26EXC-04062,28.0,3.367295829986474,Excavation,Otros,Sin asignar,-0.7702503622830591,0.2235255745002588,0.5436811197885065,0.3847944818850504,-0.6744134684384139,1,train,8,0,Castro/Upper Market,0,94114,0,37.76664215699,-122.4332606191
26TOC-03612,0.0,0.0,TempOccup,Otros,Sin asignar,-0.8732730420536156,0.2235255745002588,0.5436811197885065,0.7225272202899977,-0.8811978807454991,0,test,1,0,Seacliff,0,94121,0,37.78876878623,-122.48754464673
26EXC-04618,28.0,3.367295829986474,Excavation,Otros,Gabriel Howell,-0.9247843819388938,0.1821937342135502,0.5436811197885065,0.7225272202899977,-0.6180177196273907,1,train,3,0,Nob Hill,0,94102,0,37.78880822428,-122.41088833237
26EXC-04042,20.0,3.044522437723423,Excavation,Otros,Don Doan,-0.9076139353104676,0.2813901509016509,0.5436811197885065,0.3847944818850504,-0.7496078001864449,1,test,7,0,West of Twin Peaks,0,94132,0,37.73267596568,-122.47247126758501
26EXC-04038,28.0,3.367295829986474,Excavation,Pacific Gas & Electric,Mario Novoa,-0.9247843819388938,0.2607242307582966,0.5436811197885065,0.3847944818850504,-0.1856503120762125,1,train,6,0,South of Market,0,94103,0,37.77407950956,-122.40114247388
26EXC-03531,28.0,3.367295829986474,Excavation,Pacific Gas & Electric,Gabriel Howell,-0.9247843819388938,0.3929861196757641,0.5436811197885065,0.7225272202899977,-0.0540602315171583,1,test,2,0,Presidio Heights,0,94118,0,37.78962213218,-122.44983340273
26E-00459,25.0,3.258096538021482,ExcStreet,Otros,Otros,-0.9247843819388938,0.2607242307582966,0.5436811197885065,0.3847944818850504,0.8482717494592135,1,train,3,0,Financial District/South Beach,0,94111,0,37.80063858123,-122.40082724787
26IE-00359,30.0,3.4339872044851463,StrtImprov,Otros,Sin asignar,-0.9247843819388938,0.2441914946436131,0.5436811197885065,0.3847944818850504,-0.8811978807454991,0,train,10,0,Visitacion Valley,0,94134,0,37.71423311757,-122.41039501998
26IE-00186,30.0,3.4339872044851463,StrtImprov,Otros,Otros,-0.9247843819388938,0.1987264703282337,0.5436811197885065,0.3847944818850504,8.029330431396172,1,train,2,0,Lone Mountain/USF,0,94118,0,37.7807086063,-122.45528573199
26TOC-03617,0.0,0.0,TempOccup,Otros,Sin asignar,-0.8904434886820416,0.2359251265862714,0.5436811197885065,0.7225272202899977,-0.8811978807454991,0,test,3,0,Nob Hill,0,94109,0,37.794000183163334,-122.41545367536001
26TOC-03608,0.0,0.0,TempOccup,Otros,Sin asignar,-0.9247843819388938,0.2235255745002588,0.5436811197885065,0.7225272202899977,-0.8811978807454991,0,test,8,0,Castro/Upper Market,0,94114,0,37.75963894478,-122.44036865774
26EXC-04081,28.0,3.367295829986474,Excavation,Pacific Gas & Electric,Jeffrey Ramirez,-0.9247843819388938,0.4508506960771561,0.5436811197885065,1.060259958694945,-0.1292545632651892,1,train,1,0,Outer Richmond,0,94118,0,37.77777391197,-122.47264007481
26EXC-04084,28.0,3.367295829986474,Excavation,Pacific Gas & Electric,Mario Novoa,-0.9247843819388938,0.4343179599624727,0.5436811197885065,1.060259958694945,-0.1292545632651892,1,train,8,0,Haight Ashbury,0,94117,0,37.76780049499,-122.44926399955
26E-00219,28.0,3.367295829986474,ExcStreet,Otros,Mario Novoa,-0.9247843819388938,0.1945932862995628,0.5436811197885065,0.3847944818850504,0.9234660812072444,1,train,8,0,Twin Peaks,0,94131,0,37.75145890617,-122.4454931576
26EXC-04093,25.0,3.258096538021482,Excavation,Otros,Jeffrey Ramirez,-0.8732730420536156,0.2111260224142463,0.5436811197885065,0.3847944818850504,-0.7496078001864449,1,test,2,0,Western Addition,0,94109,0,37.78358952744,-122.42236777183
26EXC-04092,59.0,4.0943445622221,Excavation,Pacific Gas & Electric,Jeffrey Ramirez,-0.9247843819388938,0.4797829842778521,0.5436811197885065,1.060259958694945,-0.1292545632651892,1,test,3,0,Chinatown,0,94133,0,37.79684055534,-122.40798071045
26N-00362,1.0,0.6931471805599453,NightNoise,Pacific Gas & Electric,Sin asignar,-0.9076139353104676,0.3392547273030429,0.5436811197885065,0.7225272202899977,-0.6556148855014061,1,train,3,0,Financial District/South Beach,1,94102,0,37.786432610685,-122.407853095615
26EXC-04061,25.0,3.258096538021482,Excavation,Otros,Mario Novoa,-0.8732730420536156,0.2276587585289297,0.5436811197885065,0.3847944818850504,-0.7496078001864449,1,train,9,0,Mission,0,94110,1,37.751959460555,-122.41973519916
26S-00081,165.0,5.111987788356544,Otros,Otros,Otros,-0.9247843819388938,0.190460102270892,0.5436811197885065,0.3847944818850504,0.8482717494592135,1,train,1,0,Outer Richmond,0,94118,0,37.78224078211,-122.47313861911
26E-00467,25.0,3.258096538021482,ExcStreet,Otros,Otros,-0.9247843819388938,0.3433879113317138,0.5436811197885065,0.7225272202899977,0.8482717494592135,1,train,2,0,Marina,0,94123,0,37.80345689377,-122.44084365464
26EXC-04070,28.0,3.367295829986474,Excavation,Pacific Gas & Electric,Jeffrey Ramirez,-0.9247843819388938,0.2276587585289297,0.5436811197885065,0.3847944818850504,-0.6744134684384139,1,train,3,0,Nob Hill,0,94108,0,37.78984565467,-122.41125455778
26TOC-03611,0.0,0.0,TempOccup,Otros,Sin asignar,-0.9247843819388938,0.219392390471588,0.5436811197885065,0.7225272202899977,-0.8811978807454991,0,train,2,0,Pacific Heights,0,94123,0,37.79426781817,-122.4406764204
26EXC-04606,14.0,2.70805020110221,Excavation,Otros,Sin asignar,-0.8904434886820416,0.3847197516184223,0.5436811197885065,1.060259958694945,0.2467170954749656,1,test,2,0,Marina,1,94123,1,37.795080065616666,-122.43367880128666
26EXC-04608,28.0,3.367295829986474,Excavation,Pacific Gas & Electric,Jeffrey Ramirez,-0.9076139353104676,0.2111260224142463,0.5436811197885065,0.7225272202899977,-0.3360389755722744,1,test,3,0,Russian Hill,0,94109,0,37.796340991025,-122.42057992179
26EXC-04620,28.0,3.367295829986474,Excavation,Pacific Gas & Electric,Don Doan,-0.9247843819388938,0.1821937342135502,0.5436811197885065,0.7225272202899977,-0.37363614144629,1,train,9,0,Portola,0,94134,0,37.7226440733,-122.40755592596
26ADS-00026,153.0,5.0369526024136295,AddlStSpac,Otros,Otros,-0.9247843819388938,0.1945932862995628,0.5436811197885065,0.0470617434801031,0.0963284319789036,1,train,8,0,Inner Sunset,0,94117,0,37.7642839109,-122.45334721092
26EXC-04111,57.0,4.060443010546419,Excavation,Pacific Gas & Electric,Gabriel Howell,-0.8904434886820416,0.2400583106149423,0.5436811197885065,0.3847944818850504,0.1339255978529191,1,test,2,0,Pacific Heights,0,94115,1,37.79239935125,-122.44102531923333
26EXC-02804,59.0,4.0943445622221,Excavation,Pacific Gas & Electric,Mario Novoa,-0.9247843819388938,0.3516542793890555,0.5436811197885065,0.0470617434801031,-0.4300318902573132,1,test,8,0,Castro/Upper Market,0,94114,0,37.76175276815,-122.43398298254
26EXC-04104,57.0,4.060443010546419,Excavation,Pacific Gas & Electric,Gabriel Howell,-0.9247843819388938,0.5045820884498773,0.5436811197885065,1.060259958694945,-0.0352616485801505,1,train,2,0,Lone Mountain/USF,0,94118,0,37.78130320155,-122.45098185271
26EXC-04088,32.0,3.49650756146648,Excavation,Otros,Mario Novoa,-0.9247843819388938,0.2441914946436131,0.5436811197885065,0.3847944818850504,-0.5804205537533752,1,train,5,0,Haight Ashbury,0,94117,0,37.76919142351,-122.45234410795
26EXC-04103,57.0,4.060443010546419,Excavation,Pacific Gas & Electric,Mario Novoa,-0.9247843819388938,0.4756498002491813,0.5436811197885065,1.060259958694945,-0.1856503120762125,1,train,5,0,Haight Ashbury,0,94117,0,37.76962539355,-122.44993106602
26EXC-04086,28.0,3.367295829986474,Excavation,Pacific Gas & Electric,Jeffrey Ramirez,-0.9247843819388938,0.483916168306523,0.5436811197885065,1.060259958694945,-0.1292545632651892,1,train,8,0,Twin Peaks,0,94131,0,37.74751414111,-122.44777799948
26EXC-03904,38.0,3.6635616461296463,Excavation,Pacific Gas & Electric,Don Doan,-0.9247843819388938,0.1987264703282337,0.5436811197885065,0.3847944818850504,-0.148053146202197,1,train,7,0,West of Twin Peaks,0,94132,0,37.71879902698,-122.47298525958
24IE-00006,28.0,3.367295829986474,StrtImprov,Otros,Mario Novoa,-0.9247843819388938,0.2028596543569046,0.5436811197885065,0.3847944818850504,1.8069994792466084,1,train,8,0,Noe Valley,0,94131,0,37.74695298703,-122.42772339026
26EXC-04097,28.0,3.367295829986474,Excavation,Pacific Gas & Electric,Jeffrey Ramirez,-0.9247843819388938,0.2359251265862714,0.5436811197885065,0.3847944818850504,-0.1292545632651892,1,test,4,0,Sunset/Parkside,0,94116,0,37.74728692084,-122.48566228328
26EXC-04094,44.0,3.80666248977032,Excavation,Otros,Otros,-0.9247843819388938,0.2152592064429171,0.5436811197885065,0.3847944818850504,-0.6556148855014061,1,test,9,0,Bernal Heights,0,94110,0,37.73900216865,-122.41007629574
26S-00082,29.0,3.4011973816621555,Otros,Otros,Otros,-0.9247843819388938,0.2028596543569046,0.5436811197885065,0.3847944818850504,0.7730774177111825,1,train,5,0,Hayes Valley,0,94117,0,37.77453329688,-122.43077769464
26EXC-04113,28.0,3.367295829986474,Excavation,Pacific Gas & Electric,Jeffrey Ramirez,-0.9247843819388938,0.3103224391023469,0.5436811197885065,0.7225272202899977,0.0023355172938649,1,train,3,0,Nob Hill,0,94109,0,37.79522365502,-122.41656275031
26TOC-03357,44.0,3.80666248977032,TempOccup,Precision Concrete Cutting,Sin asignar,0.1912946489088009,0.2069928383855754,0.5436811197885065,0.3847944818850504,-0.8811978807454991,0,train,7,1,West of Twin Peaks,1,94116,1,37.74036465938273,-122.47127743844484
26EXC-04011,28.0,3.367295829986474,Excavation,Pacific Gas & Electric,Gabriel Howell,-0.8904434886820416,0.2152592064429171,0.5436811197885065,0.3847944818850504,-0.1104559803281815,1,train,5,0,Western Addition,0,94115,1,37.78232094091667,-122.43531926659334
26EXC-04069,28.0,3.367295829986474,Excavation,Otros,Alastair Johns,-0.9247843819388938,0.219392390471588,0.5436811197885065,0.3847944818850504,-0.6180177196273907,1,train,3,0,Chinatown,0,94133,0,37.79726467831,-122.40699891519
26EXC-04108,28.0,3.367295829986474,Excavation,Pacific Gas & Electric,Mario Novoa,-0.9247843819388938,0.27725696687298,0.5436811197885065,0.7225272202899977,-0.148053146202197,1,train,8,0,Castro/Upper Market,0,94114,0,37.76733234207,-122.42935822445
26EXC-04119,28.0,3.367295829986474,Excavation,Pacific Gas & Electric,Gabriel Howell,-0.9247843819388938,0.2111260224142463,0.5436811197885065,0.3847944818850504,-0.1856503120762125,1,test,2,0,Pacific Heights,0,94115,0,37.79478959071,-122.43081157194
26EXC-04055,28.0,3.367295829986474,Excavation,Pacific Gas & Electric,Jeffrey Ramirez,-0.9247843819388938,0.2069928383855754,0.5436811197885065,0.3847944818850504,-0.1292545632651892,1,train,3,0,Chinatown,0,94133,0,37.7973216511,-122.4111308584
26MFF-00003,286.0,5.659482215759621,FoodFac,Otros,Sin asignar,-0.5298641094850941,0.1863269182422211,0.5436811197885065,-1.6416019485446334,-0.8811978807454991,0,test,10,1,Bayview Hunters Point,1,94107,1,37.755959598640416,-122.39552923049082
26E-00469,28.0,3.367295829986474,ExcStreet,Otros,Otros,-0.9247843819388938,0.1987264703282337,0.5436811197885065,0.3847944818850504,0.8482717494592135,1,train,4,0,Sunset/Parkside,0,94122,0,37.75194375814,-122.50815549703
26EXC-04459,29.0,3.4011973816621555,Excavation,Otros,Otros,-0.8217617021683373,0.1987264703282337,0.5436811197885065,0.7225272202899977,0.4910986736560663,1,train,2,0,Pacific Heights,0,94115,0,37.79298548233,-122.43985856358002
26E-00406,50.0,3.9318256327243257,ExcStreet,Otros,Sin asignar,-0.9247843819388938,0.1863269182422211,0.5436811197885065,0.3847944818850504,7.690955938530033,1,train,3,0,Financial District/South Beach,0,94104,0,37.79049756102,-122.40117582422
26EXC-00575,327.0,5.793013608384144,Excavation,Otros,Don Doan,-0.8389321487967634,0.2028596543569046,0.5436811197885065,-1.6416019485446334,-0.1292545632651892,1,train,7,1,Lakeshore,1,94116,1,37.73457600748167,-122.49974721602666
26EXC-04496,44.0,3.80666248977032,Excavation,Otros,Otros,-0.9247843819388938,0.1945932862995628,0.5436811197885065,0.7225272202899977,-0.6180177196273907,1,train,5,0,Hayes Valley,0,94117,0,37.77418221467,-122.43437334429
26EXC-02065,29.0,3.4011973816621555,Excavation,Pacific Gas & Electric,Sin asignar,-0.9247843819388938,0.4343179599624727,0.5436811197885065,0.3847944818850504,0.1339255978529191,1,test,10,0,Bayview Hunters Point,0,94124,0,37.72604139775,-122.3883111813
26EXC-01873,28.0,3.367295829986474,Excavation,Pacific Gas & Electric,Jeffrey Ramirez,-0.9247843819388938,0.2896565189589926,0.5436811197885065,0.3847944818850504,-0.1292545632651892,1,train,4,0,Sunset/Parkside,0,94116,0,37.75068346265,-122.49342314791
26EXC-04112,25.0,3.258096538021482,Excavation,Otros,Jeffrey Ramirez,-0.8561025954251895,0.2359251265862714,0.5436811197885065,0.3847944818850504,-0.7496078001864449,1,train,3,0,Chinatown,0,94111,1,37.7955245454,-122.40348909351201
26VDR-00015,283.0,5.648974238161206,Referral,Otros,Sin asignar,-0.8045912555399113,0.1863269182422211,0.5436811197885065,-1.6416019485446334,0.0963284319789036,1,test,11,0,Excelsior,0,94112,0,37.72273260693,-122.43602042772
26EXC-00630,11.0,2.4849066497880004,Excavation,Otros,Gabriel Howell,-0.8389321487967634,0.2648574147869674,0.5436811197885065,0.7225272202899977,1.5438193181284998,1,train,5,0,Tenderloin,0,94102,1,37.783918331118336,-122.41271116185
26EXC-02777,28.0,3.367295829986474,Excavation,Pacific Gas & Electric,Don Doan,-0.9247843819388938,0.2896565189589926,0.5436811197885065,0.3847944818850504,-0.2796432267612512,1,train,11,0,Excelsior,0,94112,0,37.71966756685,-122.43537191255
26EXC-04137,28.0,3.367295829986474,Excavation,Pacific Gas & Electric,Jeffrey Ramirez,-0.8904434886820416,0.2276587585289297,0.5436811197885065,0.3847944818850504,-0.5804205537533752,1,train,1,0,Outer Richmond,0,94121,1,37.78087214586,-122.50503315525333
26EXC-02375,28.0,3.367295829986474,Excavation,Pacific Gas & Electric,Jeffrey Ramirez,-0.9247843819388938,0.6079116891666487,0.5436811197885065,0.3847944818850504,-0.1292545632651892,1,train,4,0,Sunset/Parkside,0,94122,0,37.75379199593,-122.4866505358
26VDR-00016,364.0,5.899897353582492,Referral,Otros,Sin asignar,-0.9247843819388938,-0.1691269082234727,0.5436811197885065,1.3979926970998924,1.8821938109946397,1,train,3,0,Financial District/South Beach,0,94108,0,37.78709167233,-122.4064943805
26EXC-04131,25.0,3.258096538021482,Excavation,Otros,Jeffrey Ramirez,-0.9247843819388938,0.2317919425576006,0.5436811197885065,0.3847944818850504,-0.6368163025643984,1,train,2,0,Marina,0,94123,0,37.80371911578,-122.4274713843
26EXC-04127,25.0,3.258096538021482,Excavation,Otros,Mario Novoa,-0.9247843819388938,0.2317919425576006,0.5436811197885065,0.3847944818850504,-0.6368163025643984,1,train,5,0,Lone Mountain/USF,0,94117,0,37.77215877274,-122.4534466394
26EXC-04541,57.0,4.060443010546419,Excavation,Pacific Gas & Electric,Don Doan,-0.9247843819388938,0.2111260224142463,0.5436811197885065,0.7225272202899977,-0.5052262220053442,1,train,7,0,Lakeshore,0,94132,0,37.72025162632,-122.47553912904
26EXC-04591,28.0,3.367295829986474,Excavation,Pacific Gas & Electric,Jeffrey Ramirez,-0.9247843819388938,0.3475210953603846,0.5436811197885065,1.060259958694945,-0.1668517291392047,1,train,8,0,Noe Valley,0,94114,0,37.75137043719,-122.43298310091
26EXC-02824,57.0,4.060443010546419,Excavation,Pacific Gas & Electric,Mario Novoa,-0.9247843819388938,0.3805865675897515,0.5436811197885065,0.0470617434801031,-0.148053146202197,1,train,8,0,Noe Valley,0,94114,0,37.74867171571,-122.4425591164
26VDR-00017,276.0,5.6240175061873385,Referral,Otros,Sin asignar,-0.9247843819388938,0.1656609980988668,0.5436811197885065,-1.6416019485446334,0.4347029248450431,1,train,6,0,South of Market,0,94103,0,37.77784913907,-122.41365053092
26EXC-04134,28.0,3.367295829986474,Excavation,Otros,Mario Novoa,-0.8904434886820416,0.2276587585289297,0.5436811197885065,0.3847944818850504,-0.5240248049423519,1,train,6,0,South of Market,0,94103,0,37.7791728909,-122.40875114361
26EXC-03724,28.0,3.367295829986474,Excavation,Pacific Gas & Electric,Gabriel Howell,-0.9247843819388938,0.2979228870163343,0.5436811197885065,0.7225272202899977,-0.2608446438242435,1,train,2,0,Presidio Heights,0,94115,0,37.79091114755,-122.44680915254
26EXC-04116,28.0,3.367295829986474,Excavation,Pacific Gas & Electric,Jeffrey Ramirez,-0.9247843819388938,0.3557874634177264,0.5436811197885065,0.7225272202899977,-0.4112333073203054,1,test,4,0,Sunset/Parkside,0,94116,0,37.74986815958,-122.48758020879
25EXC-02898,364.0,5.899897353582492,Excavation,Otros,Don Doan,-0.8732730420536156,0.3433879113317138,0.5436811197885065,0.3847944818850504,-0.0916573973911737,1,test,10,0,Bayview Hunters Point,0,94124,0,37.74107232916,-122.39314662299
26EXC-04573,28.0,3.367295829986474,Excavation,Pacific Gas & Electric,Jeffrey Ramirez,-0.9247843819388938,0.4095188557904475,0.5436811197885065,1.060259958694945,-0.1292545632651892,1,train,3,0,North Beach,0,94133,0,37.79837647537,-122.40265182872
26EXC-02921,28.0,3.367295829986474,Excavation,Pacific Gas & Electric,Don Doan,-0.9247843819388938,0.5087152724785482,0.5436811197885065,0.7225272202899977,-0.0916573973911737,1,test,4,0,Sunset/Parkside,0,94116,0,37.73562149909,-122.49988756971
26EXC-04124,28.0,3.367295829986474,Excavation,Pacific Gas & Electric,Don Doan,-0.9247843819388938,0.2111260224142463,0.5436811197885065,0.3847944818850504,-0.2420460608872357,1,train,7,0,West of Twin Peaks,0,94116,0,37.74785409543,-122.47280763145
26EXC-03334,28.0,3.367295829986474,Excavation,Pacific Gas & Electric,Jeffrey Ramirez,-0.9247843819388938,0.4467175120484852,0.5436811197885065,1.060259958694945,-0.1292545632651892,1,train,1,0,Inner Richmond,0,94118,0,37.78357356895,-122.4667524261
26EXC-02938,28.0,3.367295829986474,Excavation,Pacific Gas & Electric,Jeffrey Ramirez,-0.9247843819388938,0.2689905988156383,0.5436811197885065,0.7225272202899977,-0.3360389755722744,1,train,8,0,Noe Valley,0,94114,0,37.74989713214,-122.43060851003
26ADS-00028,182.0,5.209486152841421,AddlStSpac,Otros,Sin asignar,-0.9247843819388938,0.2111260224142463,0.5436811197885065,-0.6284037333297915,1.186646242325353,1,train,1,0,Outer Richmond,0,94118,0,37.77769207177,-122.472813864
26EXC-02440,28.0,3.367295829986474,Excavation,Pacific Gas & Electric,Jeffrey Ramirez,-0.9247843819388938,0.6823090016827241,0.5436811197885065,0.7225272202899977,-0.3172403926352667,1,test,4,0,Sunset/Parkside,0,94116,0,37.74123449275,-122.50119674996
26EXC-04059,44.0,3.80666248977032,Excavation,Otros,Otros,-0.9247843819388938,0.1945932862995628,0.5436811197885065,0.3847944818850504,-0.6556148855014061,1,train,9,0,Portola,0,94134,0,37.7223935219,-122.41139706714
25VDR-00155,341.0,5.834810737062605,Referral,Otros,Sin asignar,-0.9247843819388938,0.1863269182422211,0.247534501480716,1.7357254355048397,0.9046674982702368,1,train,3,0,Financial District/South Beach,0,94108,0,37.78594521418,-122.40619444724
25MFF-00042,341.0,5.834810737062605,FoodFac,Otros,Sin asignar,-0.8904434886820416,0.1863269182422211,0.247534501480716,1.7357254355048397,-0.8811978807454991,0,test,6,1,Mission,1,94103,1,37.765831868426666,-122.41402034261667
25MFF-00041,341.0,5.834810737062605,FoodFac,Otros,Sin asignar,-0.9247843819388938,0.1863269182422211,0.247534501480716,1.7357254355048397,-0.8811978807454991,0,train,10,0,Bayview Hunters Point,0,94124,0,37.75006409213,-122.39046456696
26N-00296,1.0,0.6931471805599453,NightNoise,Pacific Gas & Electric,Sin asignar,-0.9247843819388938,0.3557874634177264,0.5436811197885065,1.060259958694945,-0.5804205537533752,1,test,1,0,Inner Richmond,0,94118,0,37.78378245179,-122.46662854705
26EXC-04130,28.0,3.367295829986474,Excavation,Pacific Gas & Electric,Jeffrey Ramirez,-0.9247843819388938,0.4963157203925356,0.5436811197885065,1.060259958694945,-0.1292545632651892,1,train,1,0,Outer Richmond,0,94121,0,37.78238324941,-122.4768404314
26EXC-04581,28.0,3.367295829986474,Excavation,Otros,Mario Novoa,-0.9076139353104676,0.2276587585289297,0.5436811197885065,0.7225272202899977,-0.5804205537533752,1,train,9,0,Mission,0,94110,0,37.75477802645,-122.41846429415
26SC-00464,2.0,1.0986122886681098,Otros,Otros,Sin asignar,-0.9247843819388938,0.2152592064429171,0.5436811197885065,0.7225272202899977,-0.8811978807454991,0,train,1,0,Lone Mountain/USF,0,94118,0,37.77745156943,-122.44975806287
26EXC-04549,57.0,4.060443010546419,Excavation,Pacific Gas & Electric,Don Doan,-0.9247843819388938,0.3557874634177264,0.5436811197885065,1.060259958694945,-0.6368163025643984,1,train,4,0,Sunset/Parkside,0,94116,0,37.7446853742,-122.49099065441
26EXC-04554,28.0,3.367295829986474,Excavation,Pacific Gas & Electric,Jeffrey Ramirez,-0.9247843819388938,0.3475210953603846,0.5436811197885065,1.060259958694945,-0.5428233878793597,1,train,8,0,Glen Park,0,94131,0,37.73440480787,-122.43065686377
26EXC-04171,28.0,3.367295829986474,Excavation,Pacific Gas & Electric,Jeffrey Ramirez,-0.8561025954251895,0.2400583106149423,0.5436811197885065,0.7225272202899977,-0.298441809698259,1,train,10,0,Potrero Hill,0,94107,1,37.76344044599,-122.39371090769001
26EXC-02487,28.0,3.367295829986474,Excavation,Pacific Gas & Electric,Jeffrey Ramirez,-0.9247843819388938,0.5872457690232944,0.5436811197885065,0.3847944818850504,-0.1292545632651892,1,train,1,0,Outer Richmond,0,94121,0,37.77286702692,-122.49818176098
26E-00477,25.0,3.258096538021482,ExcStreet,Otros,Mario Novoa,-0.9247843819388938,0.2028596543569046,0.5436811197885065,0.3847944818850504,0.8482717494592135,1,test,7,0,West of Twin Peaks,0,94131,0,37.73227332343,-122.4360402234
26EXC-04154,28.0,3.367295829986474,Excavation,Pacific Gas & Electric,Mario Novoa,-0.9247843819388938,0.2607242307582966,0.5436811197885065,0.7225272202899977,-0.3360389755722744,1,test,8,0,Noe Valley,0,94114,0,37.74967242099,-122.43927827305
26EXC-04577,28.0,3.367295829986474,Excavation,Pacific Gas & Electric,Jeffrey Ramirez,-0.9247843819388938,0.1863269182422211,0.5436811197885065,0.7225272202899977,-0.2044488950132202,1,train,3,0,Russian Hill,0,94109,0,37.79315392446,-122.42205059249
26TOC-03593,0.0,0.0,TempOccup,Pacific Gas & Electric,Sin asignar,-0.9247843819388938,0.2441914946436131,0.5436811197885065,0.7225272202899977,-0.8811978807454991,0,test,10,0,Bayview Hunters Point,0,94124,0,37.73765596849,-122.39324436044
26EXC-04533,28.0,3.367295829986474,Excavation,Pacific Gas & Electric,Mario Novoa,-0.9247843819388938,0.2111260224142463,0.5436811197885065,0.7225272202899977,-0.1856503120762125,1,test,9,0,Mission,0,94103,0,37.76508063346,-122.41918369952
26EXC-04145,28.0,3.367295829986474,Excavation,Pacific Gas & Electric,Jeffrey Ramirez,-0.9247843819388938,0.5169816405358899,0.5436811197885065,1.3979926970998924,-0.1292545632651892,1,train,4,0,Sunset/Parkside,0,94122,0,37.75670686047,-122.4841693085
26EXC-04135,25.0,3.258096538021482,Excavation,Otros,Don Doan,-0.9076139353104676,0.2607242307582966,0.5436811197885065,0.3847944818850504,-0.7496078001864449,1,train,10,0,Bayview Hunters Point,0,94124,0,37.73415579993,-122.39397382981
26EXC-04128,25.0,3.258096538021482,Excavation,Otros,Gabriel Howell,-0.9247843819388938,0.2317919425576006,0.5436811197885065,0.3847944818850504,-0.6368163025643984,1,train,1,0,Outer Richmond,0,94121,0,37.78049337022,-122.49535595518
26EXC-04143,28.0,3.367295829986474,Excavation,Pacific Gas & Electric,Don Doan,-0.9247843819388938,0.2317919425576006,0.5436811197885065,0.3847944818850504,-0.2796432267612512,1,test,10,0,Bayview Hunters Point,0,94124,0,37.74067485092,-122.40529987159
26EXC-04136,28.0,3.367295829986474,Excavation,Pacific Gas & Electric,Jeffrey Ramirez,-0.9247843819388938,0.3681870155037389,0.5436811197885065,0.7225272202899977,-0.3360389755722744,1,train,11,0,Excelsior,0,94112,0,37.71717580859,-122.4383453376
26EXC-04139,25.0,3.258096538021482,Excavation,Otros,Don Doan,-0.9076139353104676,0.2317919425576006,0.5436811197885065,0.3847944818850504,-0.7496078001864449,1,train,7,0,West of Twin Peaks,0,94127,0,37.740550978209995,-122.45725414474
26E-00474,29.0,3.4011973816621555,ExcStreet,Otros,Otros,-0.9247843819388938,0.2152592064429171,0.5436811197885065,0.3847944818850504,0.8482717494592135,1,train,4,0,Sunset/Parkside,0,94122,0,37.75278530938,-122.50584700295
26EXC-04142,28.0,3.367295829986474,Excavation,Otros,Mario Novoa,-0.9247843819388938,0.2359251265862714,0.5436811197885065,0.3847944818850504,-0.6368163025643984,1,train,9,0,Mission,0,94103,0,37.76501322758,-122.42391824385
26EXC-04138,28.0,3.367295829986474,Excavation,Pacific Gas & Electric,Jeffrey Ramirez,-0.9247843819388938,0.2069928383855754,0.5436811197885065,0.3847944818850504,-0.4676290561313287,1,train,2,0,Pacific Heights,0,94115,0,37.78754267701,-122.44457773313
26EXC-03980,28.0,3.367295829986474,Excavation,Pacific Gas & Electric,Gabriel Howell,-0.9247843819388938,0.2648574147869674,0.5436811197885065,0.7225272202899977,-0.148053146202197,1,test,1,0,Inner Richmond,0,94118,0,37.77725874437,-122.46347569564
26EXC-04132,59.0,4.0943445622221,Excavation,Pacific Gas & Electric,Jeffrey Ramirez,-0.9247843819388938,0.3185888071596886,0.5436811197885065,0.7225272202899977,-0.4112333073203054,1,train,10,0,Potrero Hill,0,94107,0,37.75091047214,-122.40025616059
26EXC-04133,28.0,3.367295829986474,Excavation,Pacific Gas & Electric,Don Doan,-0.9247843819388938,0.4715166162205104,0.5436811197885065,1.060259958694945,-0.4864276390683364,1,train,11,0,Oceanview/Merced/Ingleside,0,94132,0,37.71878907621,-122.46714479289
26EXC-04120,28.0,3.367295829986474,Excavation,Pacific Gas & Electric,Jeffrey Ramirez,-0.9247843819388938,0.2607242307582966,0.5436811197885065,0.7225272202899977,-0.3360389755722744,1,test,3,0,Nob Hill,0,94109,0,37.78993752714,-122.41802372705
26EXC-04144,28.0,3.367295829986474,Excavation,Pacific Gas & Electric,Jeffrey Ramirez,-0.9247843819388938,0.2276587585289297,0.5436811197885065,0.3847944818850504,-0.0352616485801505,1,train,3,0,North Beach,0,94133,0,37.79996742683,-122.40910209743
26EXC-04471,11.0,2.4849066497880004,Excavation,Otros,Otros,-0.9247843819388938,0.2111260224142463,0.5436811197885065,0.7225272202899977,0.2279185125379579,1,train,4,0,Sunset/Parkside,0,94132,0,37.73115441487,-122.4961525229
26EXC-04158,28.0,3.367295829986474,Excavation,Otros,Gabriel Howell,-0.8217617021683373,0.2359251265862714,0.5436811197885065,0.3847944818850504,-0.6556148855014061,1,train,3,0,Tenderloin,0,94102,0,37.78775406398,-122.41140463541
26EXC-04174,25.0,3.258096538021482,Excavation,Otros,Mario Novoa,-0.9247843819388938,0.2276587585289297,0.5436811197885065,0.3847944818850504,-0.6368163025643984,1,train,6,0,South of Market,0,94103,0,37.77937683708,-122.40950219775
26EXC-04369,44.0,3.80666248977032,Excavation,Otros,Otros,-0.9247843819388938,0.2069928383855754,0.5436811197885065,0.7225272202899977,-0.5240248049423519,1,train,9,0,Mission,0,94110,0,37.75022831482,-122.40806027653
26SC-00465,2.0,1.0986122886681098,Otros,Otros,Sin asignar,-0.9247843819388938,0.2317919425576006,0.5436811197885065,0.7225272202899977,-0.8811978807454991,0,train,2,0,Pacific Heights,0,94115,0,37.79001070931,-122.43588814367
26EXC-04162,25.0,3.258096538021482,Excavation,Otros,Jeffrey Ramirez,-0.9247843819388938,0.2276587585289297,0.5436811197885065,0.3847944818850504,-0.6368163025643984,1,train,2,0,Marina,0,94123,0,37.80227445545,-122.42963366694
26EXC-04170,25.0,3.258096538021482,Excavation,Otros,Mario Novoa,-0.9247843819388938,0.2276587585289297,0.5436811197885065,0.3847944818850504,-0.6368163025643984,1,train,2,0,Lone Mountain/USF,0,94117,0,37.77651132614,-122.44468188628
26EXC-04172,28.0,3.367295829986474,Excavation,Pacific Gas & Electric,Gabriel Howell,-0.9247843819388938,0.5169816405358899,0.5436811197885065,1.3979926970998924,-0.1292545632651892,1,train,1,0,Outer Richmond,0,94121,0,37.78229381622,-122.49242004181
26EXC-04149,20.0,3.044522437723423,Excavation,Otros,Don Doan,-0.9247843819388938,0.2979228870163343,0.5436811197885065,0.7225272202899977,-0.7496078001864449,1,train,9,0,Bernal Heights,0,94112,0,37.73354512008,-122.42614070446
26EXC-04176,57.0,4.060443010546419,Excavation,Pacific Gas & Electric,Mario Novoa,-0.9247843819388938,0.4012524877331058,0.5436811197885065,1.060259958694945,-0.223247477950228,1,train,7,0,Twin Peaks,0,94131,0,37.74900990187,-122.45212127004
26E-00478,29.0,3.4011973816621555,ExcStreet,Otros,Sin asignar,-0.9247843819388938,0.2855233349303218,0.5436811197885065,0.7225272202899977,0.1903213466639423,1,train,2,0,Russian Hill,0,94109,0,37.8069638716,-122.42104893389
26E-00408,11.0,2.4849066497880004,ExcStreet,Otros,Mario Novoa,-0.9247843819388938,0.2317919425576006,0.5436811197885065,0.7225272202899977,-0.3924347243832977,1,train,5,0,Hayes Valley,0,94117,0,37.77610110195,-122.43746898211
26EXC-04157,57.0,4.060443010546419,Excavation,Pacific Gas & Electric,Don Doan,-0.9247843819388938,0.2565910467296257,0.5436811197885065,0.3847944818850504,-0.1104559803281815,1,train,7,0,West of Twin Peaks,0,94127,0,37.74137144156,-122.46221575327
26EXC-04167,57.0,4.060443010546419,Excavation,Pacific Gas & Electric,Mario Novoa,-0.9247843819388938,0.2565910467296257,0.5436811197885065,0.3847944818850504,-0.2044488950132202,1,train,9,0,Mission,0,94110,0,37.74851309817,-122.41741295063
26EXC-04166,28.0,3.367295829986474,Excavation,Pacific Gas & Electric,Mario Novoa,-0.9247843819388938,0.3227219911883595,0.5436811197885065,0.7225272202899977,-0.3924347243832977,1,train,9,0,Mission,0,94110,0,37.75692544496,-122.42072794059
26EXC-04179,28.0,3.367295829986474,Excavation,Pacific Gas & Electric,Jeffrey Ramirez,-0.9247843819388938,0.1863269182422211,0.5436811197885065,0.3847944818850504,-0.1856503120762125,1,train,2,0,Marina,0,94123,0,37.79855598749,-122.44255790479
26EXC-04161,25.0,3.258096538021482,Excavation,Otros,Jeffrey Ramirez,-0.9247843819388938,0.2276587585289297,0.5436811197885065,0.3847944818850504,-0.6368163025643984,1,train,2,0,Marina,0,94123,0,37.80165864224,-122.42613445842
26EXC-04578,28.0,3.367295829986474,Excavation,Pacific Gas & Electric,Jeffrey Ramirez,-0.9247843819388938,0.1863269182422211,0.5436811197885065,0.7225272202899977,-0.3172403926352667,1,test,3,0,Nob Hill,0,94109,0,37.78864401956,-122.41692201525
26IE-00377,30.0,3.4339872044851463,StrtImprov,Otros,Otros,-0.9247843819388938,0.1987264703282337,0.5436811197885065,0.7225272202899977,7.202192782167832,1,test,9,0,Mission,0,94110,0,37.74904796832,-122.41137443669
26EXC-04187,28.0,3.367295829986474,Excavation,Pacific Gas & Electric,Jeffrey Ramirez,-0.9247843819388938,0.3144556231310177,0.5436811197885065,0.7225272202899977,-0.37363614144629,1,train,1,0,Outer Richmond,0,94121,0,37.77684225613,-122.49310600726
26TE-00028,28.0,3.367295829986474,Otros,Otros,Otros,-0.9247843819388938,0.1987264703282337,0.5436811197885065,0.3847944818850504,-0.3924347243832977,1,test,1,0,Outer Richmond,0,94121,0,37.77308488254,-122.47869717439
26EXC-00526,28.0,3.367295829986474,Excavation,Otros,Jeffrey Ramirez,-0.9076139353104676,0.2359251265862714,0.5436811197885065,0.7225272202899977,-0.5240248049423519,1,train,3,0,Nob Hill,0,94109,0,37.79112800988,-122.41519818209
26EXC-04168,30.0,3.4339872044851463,Excavation,Otros,Jeffrey Ramirez,-0.9076139353104676,0.1573946300415251,0.5436811197885065,0.3847944818850504,-0.4676290561313287,1,test,10,0,Bayview Hunters Point,0,94124,1,37.72250514542,-122.3955548037
26EXC-04153,28.0,3.367295829986474,Excavation,Pacific Gas & Electric,Jeffrey Ramirez,-0.9247843819388938,0.5789794009659527,0.5436811197885065,1.3979926970998924,-0.298441809698259,1,train,8,0,Twin Peaks,0,94131,0,37.74716967508,-122.44769986178
26EXC-04191,28.0,3.367295829986474,Excavation,Pacific Gas & Electric,Jeffrey Ramirez,-0.8904434886820416,0.3516542793890555,0.5436811197885065,1.060259958694945,-0.3172403926352667,1,train,2,0,Pacific Heights,1,94123,1,37.79553176528666,-122.44023391877333
26EXC-04188,28.0,3.367295829986474,Excavation,Pacific Gas & Electric,Jeffrey Ramirez,-0.9247843819388938,0.5624466648512693,0.5436811197885065,1.3979926970998924,-0.3924347243832977,1,train,7,0,Inner Sunset,0,94122,0,37.75933108551,-122.46705714601
26EXC-04177,25.0,3.258096538021482,Excavation,Otros,Jeffrey Ramirez,-0.9247843819388938,0.2152592064429171,0.5436811197885065,0.3847944818850504,-0.6368163025643984,1,train,2,0,Marina,0,94123,0,37.80184248755,-122.42927975466
26EXC-04193,25.0,3.258096538021482,Excavation,Pacific Gas & Electric,Jeffrey Ramirez,-0.9247843819388938,0.190460102270892,0.5436811197885065,0.3847944818850504,0.1151270149159114,1,train,3,0,Russian Hill,0,94109,0,37.80152852481,-122.41951969037
26EXC-04184,28.0,3.367295829986474,Excavation,Pacific Gas & Electric,Mario Novoa,-0.9247843819388938,0.1739273661562085,0.5436811197885065,0.3847944818850504,-0.2796432267612512,1,train,9,0,Mission,0,94110,0,37.75463674829,-122.41867075857
26EXC-04180,25.0,3.258096538021482,Excavation,Otros,Jeffrey Ramirez,-0.9247843819388938,0.2152592064429171,0.5436811197885065,0.3847944818850504,-0.6368163025643984,1,train,2,0,Marina,0,94123,0,37.80084646607,-122.43501093227
26EXC-04186,25.0,3.258096538021482,Excavation,Otros,Jeffrey Ramirez,-0.9247843819388938,0.2152592064429171,0.5436811197885065,0.3847944818850504,-0.7496078001864449,1,train,3,0,Nob Hill,0,94133,0,37.79871619657,-122.41437890798
26EXC-04590,57.0,4.060443010546419,Excavation,Pacific Gas & Electric,Don Doan,-0.9247843819388938,0.3557874634177264,0.5436811197885065,1.060259958694945,-0.3172403926352667,1,train,4,0,Sunset/Parkside,0,94132,0,37.72929682153,-122.49546797834
26EXC-04212,28.0,3.367295829986474,Excavation,Otros,Mario Novoa,-0.8045912555399113,0.2359251265862714,0.5436811197885065,0.7225272202899977,-0.5428233878793597,1,test,8,0,Haight Ashbury,0,94117,0,37.76917415219,-122.43632219105
26EXC-04201,28.0,3.367295829986474,Excavation,Pacific Gas & Electric,Jeffrey Ramirez,-0.8904434886820416,0.512848456507219,0.5436811197885065,1.3979926970998924,-0.148053146202197,1,train,1,0,Inner Richmond,0,94118,0,37.77892921996,-122.46320048351
26EXC-04181,28.0,3.367295829986474,Excavation,Pacific Gas & Electric,Sin asignar,-0.9247843819388938,0.1697941821275377,0.5436811197885065,0.3847944818850504,-0.3924347243832977,1,train,3,0,Chinatown,0,94133,0,37.79826896086,-122.41127602225
26N-00376,1.0,0.6931471805599453,NightNoise,"Precision Engineering, Inc.",Sin asignar,-0.9247843819388938,0.2607242307582966,0.5436811197885065,0.7225272202899977,-0.5052262220053442,1,train,8,0,Inner Sunset,0,Desconocido,0,37.76544284057,-122.45275842138
26EXC-04203,24.0,3.218875824868201,Excavation,Otros,Jeffrey Ramirez,-0.9247843819388938,0.2400583106149423,0.5436811197885065,0.7225272202899977,-0.7496078001864449,1,train,3,0,North Beach,0,94133,0,37.79832297852,-122.4040649813
26EXC-04205,28.0,3.367295829986474,Excavation,Pacific Gas & Electric,Jeffrey Ramirez,-0.9247843819388938,0.3020560710450052,0.5436811197885065,1.060259958694945,-0.3548375585092822,1,train,6,0,Financial District/South Beach,0,94105,0,37.78848612829,-122.389874215
26EXC-04189,44.0,3.80666248977032,Excavation,Otros,Otros,-0.9247843819388938,0.2111260224142463,0.5436811197885065,0.3847944818850504,-0.5240248049423519,1,train,1,0,Outer Richmond,0,94121,0,37.77308701926,-122.476334381
26EXC-04199,28.0,3.367295829986474,Excavation,Pacific Gas & Electric,Jeffrey Ramirez,-0.9247843819388938,0.248324678672284,0.5436811197885065,0.7225272202899977,-0.3172403926352667,1,test,4,0,Sunset/Parkside,0,94122,0,37.76038835697,-122.48550286909
23PKT-00396,215.0,5.375278407684165,Otros,Otros,Sin asignar,-0.9247843819388938,0.1863269182422211,0.5436811197885065,-1.6416019485446334,5.623111815459181,1,train,5,0,Hayes Valley,0,94102,0,37.77694928393,-122.42451999919
26EXC-04202,24.0,3.218875824868201,Excavation,Otros,Mario Novoa,-0.9247843819388938,0.2731237828443091,0.5436811197885065,0.7225272202899977,-0.7496078001864449,1,train,6,0,South of Market,0,94103,0,37.77445864265,-122.41572478852
26EXC-04210,28.0,3.367295829986474,Excavation,Pacific Gas & Electric,Don Doan,-0.9247843819388938,0.2731237828443091,0.5436811197885065,0.7225272202899977,-0.4300318902573132,1,test,4,0,Sunset/Parkside,0,94122,0,37.7567166721,-122.50512980995
26VDR-00048,184.0,5.220355825078324,Referral,Otros,Sin asignar,-0.9247843819388938,0.1615278140701959,0.5436811197885065,-0.6284037333297915,1.243041991136376,1,test,6,0,Mission Bay,0,94107,0,37.77728883076,-122.39303974514
26N-00369,18.0,2.9444389791664403,NightNoise,Otros,Sin asignar,-0.9247843819388938,0.2111260224142463,0.5436811197885065,0.3847944818850504,-0.5052262220053442,1,train,3,0,Financial District/South Beach,0,94104,0,37.78905936898,-122.40200995889
26EXC-04569,13.0,2.6390573296152584,Excavation,Otros,Otros,-0.9247843819388938,0.2400583106149423,0.5436811197885065,0.7225272202899977,0.7166816689001593,1,train,6,0,South of Market,0,94103,0,37.77491286392,-122.41038820366
26EXC-04593,13.0,2.6390573296152584,Excavation,Otros,Otros,-0.8561025954251895,0.2152592064429171,0.5436811197885065,0.7225272202899977,0.6226887542151205,1,test,1,0,Outer Richmond,0,94121,0,37.78207878247,-122.4849105228
26MFF-00005,164.0,5.10594547390058,FoodFac,Otros,Sin asignar,-0.9076139353104676,0.1863269182422211,0.5436811197885065,-0.2906709949248441,-0.8811978807454991,0,train,3,1,Financial District/South Beach,1,94102,1,37.786616548415,-122.403893169095
26MFF-00004,164.0,5.10594547390058,FoodFac,Otros,Sin asignar,-0.9076139353104676,0.1863269182422211,0.5436811197885065,-0.2906709949248441,-0.8811978807454991,0,train,3,1,Financial District/South Beach,1,94103,1,37.78794750259,-122.402508442275
26EXC-02868,58.0,4.07753744390572,Excavation,Pacific Gas & Electric,Jeffrey Ramirez,-0.9247843819388938,0.4467175120484852,0.5436811197885065,0.3847944818850504,-0.0352616485801505,1,train,6,0,Financial District/South Beach,0,Desconocido,0,37.78596397771,-122.39723446025
26MFF-00008,164.0,5.10594547390058,FoodFac,Otros,Sin asignar,-0.9247843819388938,0.1863269182422211,0.5436811197885065,-0.2906709949248441,-0.8811978807454991,0,test,3,0,Financial District/South Beach,0,94104,0,37.7922568481,-122.40124230407
26ADS-00035,183.0,5.214935757608986,AddlStSpac,Otros,Sin asignar,-0.9247843819388938,0.190460102270892,0.5436811197885065,-0.2906709949248441,-0.3924347243832977,1,train,8,0,Noe Valley,0,94114,0,37.75572249143,-122.428968548
26MFF-00007,164.0,5.10594547390058,FoodFac,Otros,Sin asignar,-0.9076139353104676,0.1863269182422211,0.5436811197885065,-0.2906709949248441,-0.8811978807454991,0,train,6,0,South of Market,0,94103,0,37.77632414414,-122.41732641373
26EXC-02867,59.0,4.0943445622221,Excavation,Pacific Gas & Electric,Mario Novoa,-0.9247843819388938,0.4177852238477892,0.5436811197885065,0.3847944818850504,-0.0352616485801505,1,train,8,0,Noe Valley,0,94114,0,37.75116642273,-122.42961762254
26MFF-00006,164.0,5.10594547390058,FoodFac,Otros,Sin asignar,-0.9247843819388938,0.1863269182422211,0.5436811197885065,-0.2906709949248441,-0.8811978807454991,0,train,3,0,Financial District/South Beach,0,94111,0,37.79925946146,-122.39961767487
26EXC-04200,28.0,3.367295829986474,Excavation,Pacific Gas & Electric,Jeffrey Ramirez,-0.9247843819388938,0.5459139287365858,0.5436811197885065,1.3979926970998924,-0.148053146202197,1,test,4,0,Sunset/Parkside,0,94122,0,37.75219808445,-122.48319041374
26EXC-04156,25.0,3.258096538021482,Excavation,Otros,Jeffrey Ramirez,-0.9247843819388938,0.2276587585289297,0.5436811197885065,0.3847944818850504,-0.6368163025643984,1,test,2,0,Russian Hill,0,94109,0,37.80479441012,-122.42055315201
26E-00481,7.0,2.079441541679836,ExcStreet,Otros,Sin asignar,-0.9247843819388938,0.2524578627009549,0.5436811197885065,0.7225272202899977,0.0963284319789036,1,train,4,0,Sunset/Parkside,0,94116,0,37.73792900596,-122.4773241989
26EXC-04190,44.0,3.80666248977032,Excavation,Otros,Otros,-0.9247843819388938,0.2111260224142463,0.5436811197885065,0.3847944818850504,-0.4300318902573132,1,train,1,0,Outer Richmond,0,94121,0,37.77754713442,-122.49507477447
26EXC-04218,28.0,3.367295829986474,Excavation,Pacific Gas & Electric,Mario Novoa,-0.9247843819388938,0.2069928383855754,0.5436811197885065,0.3847944818850504,-0.3924347243832977,1,train,8,0,Twin Peaks,0,94131,0,37.75017091291,-122.4464375752
26EXC-04232,28.0,3.367295829986474,Excavation,Pacific Gas & Electric,Jeffrey Ramirez,-0.9247843819388938,0.3805865675897515,0.5436811197885065,1.060259958694945,-0.1104559803281815,1,train,7,0,West of Twin Peaks,0,94116,0,37.7394903775,-122.47165756385
26TOC-03463,0.0,0.0,TempOccup,Otros,Sin asignar,-0.9247843819388938,0.2896565189589926,0.5436811197885065,0.7225272202899977,-0.8811978807454991,0,train,3,0,Financial District/South Beach,0,94104,0,37.78838957641,-122.40282334337
26EXC-04235,28.0,3.367295829986474,Excavation,Pacific Gas & Electric,Gabriel Howell,-0.9247843819388938,0.3227219911883595,0.5436811197885065,0.7225272202899977,-0.37363614144629,1,train,1,0,Inner Richmond,0,94118,0,37.78770270888,-122.46368881895
26EXC-04208,57.0,4.060443010546419,Excavation,Pacific Gas & Electric,Don Doan,-0.8904434886820416,0.3805865675897515,0.5436811197885065,1.060259958694945,-0.2608446438242435,1,train,11,0,Outer Mission,1,94112,1,37.72390845115,-122.43538585017001
26EXC-04238,59.0,4.0943445622221,Excavation,Pacific Gas & Electric,Jeffrey Ramirez,-0.9076139353104676,0.2648574147869674,0.5436811197885065,0.7225272202899977,-0.4112333073203054,1,train,3,0,North Beach,0,94133,0,37.79739899034,-122.40287249073
26E-00485,29.0,3.4011973816621555,ExcStreet,Otros,Mario Novoa,-0.9247843819388938,0.190460102270892,0.5436811197885065,0.3847944818850504,1.0550561617662986,1,train,8,0,Noe Valley,0,94114,0,37.7513187624,-122.42759464431
26EXC-04233,21.0,3.091042453358316,Excavation,Otros,Mario Novoa,-0.9247843819388938,0.2069928383855754,0.5436811197885065,0.3847944818850504,0.0211341002308726,1,test,8,0,Twin Peaks,0,94131,0,37.75008489124,-122.44386802833
26EXC-04217,11.0,2.4849066497880004,Excavation,Otros,Gabriel Howell,-0.9247843819388938,0.2359251265862714,0.5436811197885065,0.3847944818850504,-0.599219136690383,1,train,5,0,Tenderloin,0,94102,0,37.78325910085,-122.41414766836
26EXC-04249,57.0,4.060443010546419,Excavation,Pacific Gas & Electric,Gabriel Howell,-0.9247843819388938,0.2979228870163343,0.5436811197885065,0.7225272202899977,0.1903213466639423,1,train,2,0,Pacific Heights,0,94115,0,37.79261669007,-122.44049937395
26EXC-04231,28.0,3.367295829986474,Excavation,Pacific Gas & Electric,Jeffrey Ramirez,-0.9247843819388938,0.4963157203925356,0.5436811197885065,1.3979926970998924,-0.3360389755722744,1,train,11,0,Excelsior,0,94112,0,37.72787686943,-122.42589676742
26EXC-04155,25.0,3.258096538021482,Excavation,Otros,Jeffrey Ramirez,-0.9247843819388938,0.2276587585289297,0.5436811197885065,0.3847944818850504,-0.6368163025643984,1,test,2,0,Marina,0,94123,0,37.80193550284,-122.42956497817
26EXC-04209,44.0,3.80666248977032,Excavation,Otros,Otros,-0.9247843819388938,0.2111260224142463,0.5436811197885065,0.3847944818850504,-0.5240248049423519,1,train,5,0,Tenderloin,0,94102,0,37.78206394934,-122.41317506971
26EXC-04213,28.0,3.367295829986474,Excavation,Pacific Gas & Electric,Don Doan,-0.9247843819388938,0.3805865675897515,0.5436811197885065,1.060259958694945,-0.2044488950132202,1,train,9,0,Portola,0,94134,0,37.72990691042,-122.40509090157
26EXC-04206,25.0,3.258096538021482,Excavation,Otros,Jeffrey Ramirez,-0.8732730420536156,0.2359251265862714,0.5436811197885065,0.3847944818850504,-0.7496078001864449,1,train,5,0,Tenderloin,0,94109,1,37.7851102517725,-122.4178900544525
26TOC-03479,2.0,1.0986122886681098,TempOccup,Otros,Sin asignar,-0.9247843819388938,0.3516542793890555,0.5436811197885065,0.7225272202899977,-0.8811978807454991,0,train,3,0,Chinatown,0,94111,0,37.79542925138,-122.40413707796
26EXC-04178,25.0,3.258096538021482,Excavation,Otros,Don Doan,-0.9247843819388938,0.2152592064429171,0.5436811197885065,0.3847944818850504,-0.6368163025643984,1,train,9,0,Portola,0,94134,0,37.72322434862,-122.40560073872
26EXC-04221,28.0,3.367295829986474,Excavation,Pacific Gas & Electric,Mario Novoa,-0.9247843819388938,0.2111260224142463,0.5436811197885065,0.3847944818850504,-0.2044488950132202,1,train,6,0,South of Market,0,94103,0,37.7749417134,-122.41788135284
26EXC-04216,28.0,3.367295829986474,Excavation,Pacific Gas & Electric,Mario Novoa,-0.9247843819388938,0.2028596543569046,0.5436811197885065,0.7225272202899977,-0.0164630656431428,1,train,8,0,Castro/Upper Market,0,94117,0,37.76808343164,-122.43828688285
26EXC-04224,59.0,4.0943445622221,Excavation,Pacific Gas & Electric,Don Doan,-0.9247843819388938,0.3516542793890555,0.5436811197885065,0.7225272202899977,-0.3360389755722744,1,train,4,0,Sunset/Parkside,0,94122,0,37.76225344621,-122.48563363756
26E-00473,25.0,3.258096538021482,ExcStreet,Otros,Otros,-0.9247843819388938,0.2069928383855754,0.5436811197885065,0.3847944818850504,0.8482717494592135,1,test,7,0,West of Twin Peaks,0,94127,0,37.72636895021,-122.46396748112
26EXC-04240,59.0,4.0943445622221,Excavation,Pacific Gas & Electric,Gabriel Howell,-0.9247843819388938,0.2937897029876635,0.5436811197885065,0.7225272202899977,-0.3172403926352667,1,train,2,0,Presidio Heights,0,94115,0,37.78545945519,-122.44572078408
26EXC-04250,28.0,3.367295829986474,Excavation,Pacific Gas & Electric,Mario Novoa,-0.9247843819388938,0.1863269182422211,0.5436811197885065,0.3847944818850504,-0.1668517291392047,1,train,5,0,Western Addition,0,94117,0,37.7773181542,-122.43832293182
26EXC-04223,28.0,3.367295829986474,Excavation,Pacific Gas & Electric,Mario Novoa,-0.9247843819388938,0.2111260224142463,0.5436811197885065,0.3847944818850504,0.1151270149159114,1,train,6,0,Mission,0,94103,0,37.77311729026,-122.41854727133
26EXC-04196,25.0,3.258096538021482,Excavation,Otros,Don Doan,-0.9076139353104676,0.2648574147869674,0.5436811197885065,0.7225272202899977,-0.7496078001864449,1,train,4,0,Sunset/Parkside,0,94116,0,37.74286526215,-122.48270817582
26EXC-04215,44.0,3.80666248977032,Excavation,Otros,Otros,-0.9076139353104676,0.2152592064429171,0.5436811197885065,0.3847944818850504,-0.6180177196273907,1,train,3,0,Russian Hill,0,94109,0,37.80495229755,-122.41999557793
26EXC-04052,28.0,3.367295829986474,Excavation,Pacific Gas & Electric,Jeffrey Ramirez,-0.9247843819388938,0.4963157203925356,0.5436811197885065,1.3979926970998924,-0.3172403926352667,1,train,6,0,Financial District/South Beach,0,Desconocido,0,37.78431099851,-122.39516062194
26N-00378,1.0,0.6931471805599453,NightNoise,Pacific Gas & Electric,Sin asignar,-0.9247843819388938,0.248324678672284,0.5436811197885065,0.7225272202899977,-0.2044488950132202,1,train,3,0,Nob Hill,0,94109,0,37.79522365502,-122.41656275031
26EXC-04225,28.0,3.367295829986474,Excavation,Pacific Gas & Electric,Jeffrey Ramirez,-0.9247843819388938,0.2028596543569046,0.5436811197885065,0.7225272202899977,-0.4300318902573132,1,test,3,0,Chinatown,0,94133,0,37.7973216511,-122.4111308584
26EXC-04219,28.0,3.367295829986474,Excavation,Pacific Gas & Electric,Don Doan,-0.9247843819388938,0.2400583106149423,0.5436811197885065,0.7225272202899977,-0.3924347243832977,1,test,4,0,Sunset/Parkside,0,94132,0,37.73531623134,-122.4819635262
26EXC-04222,28.0,3.367295829986474,Excavation,Pacific Gas & Electric,Mario Novoa,-0.9247843819388938,0.2111260224142463,0.5436811197885065,0.3847944818850504,-0.1856503120762125,1,train,6,0,South of Market,0,94103,0,37.77554802425,-122.41857338597
26EXC-03438,29.0,3.4011973816621555,Excavation,Pacific Gas & Electric,Jeffrey Ramirez,-0.9247843819388938,0.2400583106149423,0.5436811197885065,0.7225272202899977,-0.1104559803281815,1,train,2,0,Marina,0,94123,0,37.79563702869,-122.43941279381
26E-00480,28.0,3.367295829986474,ExcStreet,Otros,Otros,-0.9247843819388938,0.1945932862995628,0.5436811197885065,0.3847944818850504,0.8482717494592135,1,train,5,0,Haight Ashbury,0,94117,0,37.76946378151,-122.44542635606
26EXC-02563,1.0,0.6931471805599453,Excavation,Pacific Gas & Electric,Jeffrey Ramirez,-0.9247843819388938,0.512848456507219,0.5436811197885065,1.060259958694945,-0.148053146202197,1,train,1,0,Outer Richmond,0,94121,0,37.78270767392,-122.49029778367
26EXC-04258,28.0,3.367295829986474,Excavation,Otros,Mario Novoa,-0.8217617021683373,0.2689905988156383,0.5436811197885065,0.7225272202899977,-0.599219136690383,1,test,5,0,Lone Mountain/USF,0,94117,0,37.77544830877999,-122.44663326525999
19IE-00245,3152.0,8.056109659545061,StrtImprov,Otros,Sin asignar,-0.6157163426272245,-12.159493775397634,0.5436811197885065,-1.303869210139686,1.694207981624562,1,train,10,0,Potrero Hill,0,Desconocido,1,37.75961982884737,-122.38679767050738
26ADS-00038,153.0,5.0369526024136295,AddlStSpac,Otros,Otros,-0.9247843819388938,0.1987264703282337,0.5436811197885065,-0.2906709949248441,-0.0540602315171583,1,train,9,0,Mission,0,94103,0,37.76682657404,-122.41897956754
26EXC-02585,28.0,3.367295829986474,Excavation,Pacific Gas & Electric,Jeffrey Ramirez,-0.9247843819388938,0.3929861196757641,0.5436811197885065,0.7225272202899977,-0.3360389755722744,1,train,9,0,Mission,0,94110,0,37.75205458937,-122.40811290681
26EXC-04281,25.0,3.258096538021482,Excavation,Otros,Mario Novoa,-0.9247843819388938,0.2152592064429171,0.5436811197885065,0.3847944818850504,-0.6368163025643984,1,train,5,0,Lone Mountain/USF,0,94117,0,37.77388261645,-122.4444889853
26EXC-04264,29.0,3.4011973816621555,Excavation,Otros,Otros,-0.9076139353104676,0.2111260224142463,0.5436811197885065,0.3847944818850504,1.111451910577322,1,train,9,0,Mission,0,94110,0,37.7584838439,-122.41955386438
26EXC-04271,28.0,3.367295829986474,Excavation,Otros,Gabriel Howell,-0.9247843819388938,0.2276587585289297,0.5436811197885065,0.3847944818850504,-0.6368163025643984,1,test,2,0,Pacific Heights,0,94115,0,37.79301419157,-122.44585811799
26EXC-04262,29.0,3.4011973816621555,Excavation,Otros,Otros,-0.7874208089114852,0.2111260224142463,0.5436811197885065,0.3847944818850504,0.660285920089136,1,train,8,0,Bernal Heights,0,94112,0,37.73479649324,-122.42782701896
26EXC-04263,29.0,3.4011973816621555,Excavation,Otros,Otros,-0.8217617021683373,0.2111260224142463,0.5436811197885065,0.3847944818850504,0.7166816689001593,1,train,10,0,Potrero Hill,0,94107,0,37.76400259606,-122.39367602879
26EXC-04282,28.0,3.367295829986474,Excavation,Pacific Gas & Electric,Don Doan,-0.9247843819388938,0.1945932862995628,0.5436811197885065,0.3847944818850504,-0.1668517291392047,1,train,4,0,Sunset/Parkside,0,94122,0,37.75493799896,-122.48189604786
26EXC-04267,44.0,3.80666248977032,Excavation,Otros,Otros,-0.9247843819388938,0.2111260224142463,0.5436811197885065,0.3847944818850504,-0.2420460608872357,1,train,10,0,Potrero Hill,0,94107,0,37.76000206023,-122.39840640422
26EXC-04288,27.0,3.332204510175204,Excavation,Otros,Mario Novoa,-0.9247843819388938,0.3516542793890555,0.5436811197885065,1.060259958694945,-0.7496078001864449,1,train,8,0,Noe Valley,0,94110,0,37.74407699132,-122.42479010699
21PKT-00145,347.0,5.8522024797744745,Otros,Otros,Sin asignar,-0.9076139353104676,0.1863269182422211,0.247534501480716,1.7357254355048397,5.829896227766266,1,train,3,0,North Beach,0,94133,0,37.80020341008,-122.40981587881
26EXC-04269,28.0,3.367295829986474,Excavation,Pacific Gas & Electric,Jeffrey Ramirez,-0.9247843819388938,0.2069928383855754,0.5436811197885065,0.3847944818850504,-0.4300318902573132,1,test,4,0,Sunset/Parkside,0,94116,0,37.75006100971,-122.48639010289
26EXC-02639,28.0,3.367295829986474,Excavation,Pacific Gas & Electric,Don Doan,-0.9247843819388938,0.4219184078764601,0.5436811197885065,0.7225272202899977,-0.2796432267612512,1,train,11,0,Oceanview/Merced/Ingleside,0,94112,0,37.71409026376,-122.45411775501
26EXC-04268,28.0,3.367295829986474,Excavation,Pacific Gas & Electric,Don Doan,-0.9247843819388938,0.2731237828443091,0.5436811197885065,0.7225272202899977,-0.148053146202197,1,test,7,0,West of Twin Peaks,0,94127,0,37.73910672563,-122.46127773854
26EXC-02675,208.0,5.342334251964811,Excavation,Otros,Otros,-0.5298641094850941,-0.1236618839080932,0.5436811197885065,-0.2906709949248441,3.7808506876324217,1,test,10,0,Bayview Hunters Point,0,94124,1,37.74796176655625,-122.394987969005
26EXC-04243,28.0,3.367295829986474,Excavation,Pacific Gas & Electric,Jeffrey Ramirez,-0.9247843819388938,0.2689905988156383,0.5436811197885065,0.7225272202899977,-0.4112333073203054,1,train,6,0,Financial District/South Beach,0,94105,0,37.7864199896,-122.40073240469
26N-00381,21.0,3.091042453358316,NightNoise,Otros,Sin asignar,-0.9247843819388938,0.2441914946436131,0.5436811197885065,0.7225272202899977,1.9949853086166855,1,train,9,0,Mission,0,94103,0,37.76555787532,-122.41915166933
26EXC-04247,57.0,4.060443010546419,Excavation,Pacific Gas & Electric,Don Doan,-0.9247843819388938,0.2607242307582966,0.5436811197885065,0.7225272202899977,-0.2044488950132202,1,train,4,0,Sunset/Parkside,0,Desconocido,0,37.74392670452,-122.49832046156
26EXC-04251,8.0,2.19722457733622,Excavation,Otros,Jeffrey Ramirez,-0.9247843819388938,0.2731237828443091,0.5436811197885065,0.7225272202899977,-0.599219136690383,1,test,3,0,Nob Hill,0,Desconocido,0,37.79343238098,-122.4128292153
26EXC-04270,28.0,3.367295829986474,Excavation,Pacific Gas & Electric,Don Doan,-0.9247843819388938,0.1821937342135502,0.5436811197885065,0.3847944818850504,-0.2796432267612512,1,train,10,0,Bayview Hunters Point,0,94124,0,37.73407935815,-122.40367149784
26EXC-04261,28.0,3.367295829986474,Excavation,Pacific Gas & Electric,Don Doan,-0.9247843819388938,0.1821937342135502,0.5436811197885065,0.3847944818850504,-0.2796432267612512,1,test,4,0,Sunset/Parkside,0,94122,0,37.75383910069,-122.48558137579
26EXC-04266,33.0,3.5263605246161616,Excavation,Pacific Gas & Electric,Don Doan,-0.9247843819388938,0.3888529356470932,0.5436811197885065,1.060259958694945,-0.2608446438242435,1,train,11,0,Oceanview/Merced/Ingleside,0,94132,0,37.71579443784,-122.47169814235
26TE-00029,28.0,3.367295829986474,Otros,Otros,Otros,-0.9247843819388938,0.2028596543569046,0.5436811197885065,0.3847944818850504,-0.3924347243832977,1,train,1,0,Outer Richmond,0,94118,0,37.7768671412,-122.47545168549
26S-00083,25.0,3.258096538021482,Otros,Otros,Mario Novoa,-0.9247843819388938,0.1987264703282337,0.5436811197885065,0.3847944818850504,0.8482717494592135,1,train,9,0,Mission,0,94110,0,37.75088139788,-122.40812253797
26EXC-04260,44.0,3.80666248977032,Excavation,Otros,Otros,-0.9247843819388938,0.2400583106149423,0.5436811197885065,0.7225272202899977,-0.0352616485801505,1,train,10,0,Bayview Hunters Point,0,94107,0,37.75028586225,-122.39259570732
26EXC-04279,44.0,3.80666248977032,Excavation,Otros,Otros,-0.9247843819388938,0.2276587585289297,0.5436811197885065,0.3847944818850504,-0.223247477950228,1,test,4,0,Sunset/Parkside,0,94116,0,37.74231670945,-122.4951713725
26EXC-04597,28.0,3.367295829986474,Excavation,Pacific Gas & Electric,Gabriel Howell,-0.9076139353104676,0.2152592064429171,0.5436811197885065,0.7225272202899977,-0.599219136690383,1,test,3,0,Tenderloin,0,94102,1,37.78433065851,-122.40841798751501
26EXC-04298,28.0,3.367295829986474,Excavation,Pacific Gas & Electric,Mario Novoa,-0.9247843819388938,0.1863269182422211,0.5436811197885065,0.3847944818850504,-0.3924347243832977,1,train,9,0,Bernal Heights,0,94110,0,37.73638263431,-122.41799430689
26EXC-04302,28.0,3.367295829986474,Excavation,Pacific Gas & Electric,Jeffrey Ramirez,-0.9247843819388938,0.3557874634177264,0.5436811197885065,1.060259958694945,-0.148053146202197,1,train,7,0,West of Twin Peaks,0,94116,0,37.7393483901,-122.47488682991
26EXC-04322,59.0,4.0943445622221,Excavation,Otros,Otros,-0.9247843819388938,0.1987264703282337,0.5436811197885065,0.7225272202899977,0.1339255978529191,1,train,7,0,Oceanview/Merced/Ingleside,0,94132,0,37.71119791664,-122.46431596221
26VDR-00051,180.0,5.198497031265826,Referral,Otros,Sin asignar,-0.9247843819388938,0.1780605501848794,0.5436811197885065,-0.6284037333297915,1.1490490764513377,1,test,5,0,Hayes Valley,0,94117,0,37.77338453708,-122.43918269922
26ADS-00029,178.0,5.187385805840755,AddlStSpac,Otros,Otros,-0.9076139353104676,0.2317919425576006,0.5436811197885065,-0.2906709949248441,3.649260607073368,1,train,7,0,Inner Sunset,0,94122,0,37.76374907338,-122.45674577908
26EXC-02654,21.0,3.091042453358316,Excavation,Otros,Jeffrey Ramirez,-0.9247843819388938,0.4012524877331058,0.5436811197885065,0.7225272202899977,0.2091199296009501,1,train,3,0,Nob Hill,0,94109,0,37.7872967985,-122.41808285177
26EXC-04560,13.0,2.6390573296152584,Excavation,Otros,Otros,-0.9247843819388938,0.2400583106149423,0.5436811197885065,0.7225272202899977,0.885868915333229,1,test,4,0,Sunset/Parkside,0,94132,0,37.73096219266,-122.49123030731
26EXC-04556,13.0,2.6390573296152584,Excavation,Otros,Otros,-0.9247843819388938,0.2400583106149423,0.5436811197885065,0.7225272202899977,0.7542788347741748,1,train,7,0,Inner Sunset,0,94122,0,37.75599804874,-122.46803623947
26EXC-04390,11.0,2.4849066497880004,Excavation,Otros,Don Doan,-0.9247843819388938,0.2111260224142463,0.5436811197885065,0.7225272202899977,0.1715227637269346,1,train,7,0,Inner Sunset,0,94122,0,37.76316415654,-122.47040863188
26EXC-04334,13.0,2.6390573296152584,Excavation,Otros,Don Doan,-0.8904434886820416,0.2317919425576006,0.5436811197885065,0.7225272202899977,-0.223247477950228,1,train,9,0,Portola,1,94134,1,37.73856240985,-122.40824667846
26E-00487,28.0,3.367295829986474,ExcStreet,Otros,Don Doan,-0.9247843819388938,0.2111260224142463,0.5436811197885065,0.3847944818850504,-0.148053146202197,1,train,7,0,Inner Sunset,0,94122,0,37.75600159226,-122.47429119771
26EXC-04292,28.0,3.367295829986474,Excavation,Pacific Gas & Electric,Jeffrey Ramirez,-0.8904434886820416,0.512848456507219,0.5436811197885065,1.3979926970998924,-0.1292545632651892,1,test,7,0,West of Twin Peaks,0,94131,1,37.73394287338667,-122.44393647142665
26EXC-04295,28.0,3.367295829986474,Excavation,Pacific Gas & Electric,Mario Novoa,-0.9247843819388938,0.1863269182422211,0.5436811197885065,0.3847944818850504,-0.223247477950228,1,test,5,0,Haight Ashbury,0,94117,0,37.77173611093,-122.43445984067
26TOC-03489,0.0,0.0,TempOccup,Otros,Sin asignar,-0.9247843819388938,0.27725696687298,0.5436811197885065,0.7225272202899977,-0.8811978807454991,0,test,2,0,Pacific Heights,0,94109,0,37.79353283326,-122.42706177734
26EXC-04321,11.0,2.4849066497880004,Excavation,Otros,Otros,-0.9247843819388938,0.2111260224142463,0.5436811197885065,0.7225272202899977,0.8670703323962212,1,test,2,0,Lone Mountain/USF,0,94117,0,37.77705423364,-122.44184498624
26TOC-03598,0.0,0.0,TempOccup,Otros,Sin asignar,-0.9247843819388938,0.2317919425576006,0.5436811197885065,0.7225272202899977,-0.8811978807454991,0,train,6,0,Mission Bay,0,94107,0,37.77885655868,-122.39057793075
26EXC-04296,28.0,3.367295829986474,Excavation,Pacific Gas & Electric,Mario Novoa,-0.9247843819388938,0.1863269182422211,0.5436811197885065,0.3847944818850504,-0.1668517291392047,1,test,5,0,Hayes Valley,0,94117,0,37.77060506395,-122.43098915564
26EXC-04299,28.0,3.367295829986474,Excavation,Pacific Gas & Electric,Don Doan,-0.9076139353104676,0.2276587585289297,0.5436811197885065,0.3847944818850504,-0.148053146202197,1,train,10,0,Bayview Hunters Point,0,94124,0,37.723950645325,-122.40040685182001
26EXC-04301,28.0,3.367295829986474,Excavation,Pacific Gas & Electric,Jeffrey Ramirez,-0.9247843819388938,0.3557874634177264,0.5436811197885065,1.060259958694945,-0.148053146202197,1,test,1,0,Outer Richmond,0,94121,0,37.78124626145,-122.4805203213
26EXC-04300,28.0,3.367295829986474,Excavation,Pacific Gas & Electric,Mario Novoa,-0.9247843819388938,0.1863269182422211,0.5436811197885065,0.3847944818850504,-0.1856503120762125,1,train,5,0,Hayes Valley,0,94117,0,37.77470468301,-122.43110903822
26EXC-04286,28.0,3.367295829986474,Excavation,Pacific Gas & Electric,Mario Novoa,-0.9247843819388938,0.1821937342135502,0.5436811197885065,0.3847944818850504,-0.5804205537533752,1,test,2,0,Western Addition,0,94117,0,37.7771153735,-122.43993557841
26EXC-04293,25.0,3.258096538021482,Excavation,Otros,Mario Novoa,-0.9247843819388938,0.2276587585289297,0.5436811197885065,0.3847944818850504,-0.7496078001864449,1,train,1,0,Lone Mountain/USF,0,94117,0,37.77435773637,-122.45271870849
26EXC-04287,26.0,3.295836866004329,Excavation,Otros,Don Doan,-0.9247843819388938,0.3681870155037389,0.5436811197885065,1.060259958694945,-0.7496078001864449,1,train,10,0,Bayview Hunters Point,0,94134,0,37.71200991515,-122.40032685687
26SC-00446,2.0,1.0986122886681098,Otros,Otros,Sin asignar,-0.9247843819388938,0.2441914946436131,0.5436811197885065,0.7225272202899977,-0.8811978807454991,0,train,6,0,Financial District/South Beach,0,94107,0,37.78236511792,-122.39426007712
26EXC-04207,44.0,3.80666248977032,Excavation,Otros,Otros,-0.9247843819388938,0.2028596543569046,0.5436811197885065,0.3847944818850504,-0.5804205537533752,1,train,10,0,Potrero Hill,0,94107,0,37.75941416651,-122.39896321507
25EXC-04136,493.0,6.202535517187923,Excavation,LC General Engineering & Construction,Nick Haase,-0.2551369634302769,-0.9296327694989108,0.5436811197885065,0.3847944818850504,-0.3924347243832977,1,train,1,0,Outer Richmond,1,94118,1,37.77677660257725,-122.47472587114075
26EXC-04315,30.0,3.4339872044851463,Excavation,Pacific Gas & Electric,Don Doan,-0.9076139353104676,0.4673834321918395,0.5436811197885065,1.3979926970998924,-0.3548375585092822,1,train,4,0,Sunset/Parkside,0,94122,0,37.754146751955,-122.478615455145
26EXC-04297,13.0,2.6390573296152584,Excavation,"Esquivel Grading & Paving, Inc.",Otros,-0.9247843819388938,0.2400583106149423,0.5436811197885065,0.7225272202899977,-0.0352616485801505,1,test,1,0,Seacliff,0,94121,0,37.78605551966,-122.47817881554
26VDR-00052,173.0,5.159055299214529,Referral,Otros,Sin asignar,-0.9247843819388938,0.1821937342135502,0.5436811197885065,-0.6284037333297915,0.6038901712781128,1,train,11,0,Outer Mission,0,94112,0,37.72395285517,-122.43597764162
26N-00379,0.0,0.0,NightNoise,Otros,Sin asignar,-0.9247843819388938,0.2607242307582966,0.5436811197885065,0.7225272202899977,-0.3924347243832977,1,train,3,0,Financial District/South Beach,0,94104,0,37.78838957641,-122.40282334337
26EXC-04110,45.0,3.828641396489095,Excavation,Otros,Otros,-0.9247843819388938,0.2317919425576006,0.5436811197885065,0.3847944818850504,-0.4676290561313287,1,test,3,0,Financial District/South Beach,0,94104,0,37.78905936898,-122.40200995889
26EXC-02641,28.0,3.367295829986474,Excavation,Pacific Gas & Electric,Don Doan,-0.9076139353104676,2.170255252004233,0.5436811197885065,-1.9793346869495807,-0.1292545632651892,1,train,11,0,Oceanview/Merced/Ingleside,0,94132,1,37.721650098965,-122.468895885445
26EXC-04331,44.0,3.80666248977032,Excavation,Otros,Otros,-0.9247843819388938,0.2111260224142463,0.5436811197885065,0.3847944818850504,-0.6180177196273907,1,train,11,0,Excelsior,0,94112,0,37.72061725435,-122.43047248958
26EXC-04333,28.0,3.367295829986474,Excavation,Otros,Gabriel Howell,-0.8904434886820416,0.2317919425576006,0.5436811197885065,0.7225272202899977,-0.5428233878793597,1,train,5,0,Western Addition,0,94115,0,37.78248895614,-122.43676020157
26EXC-04364,57.0,4.060443010546419,Excavation,Pacific Gas & Electric,Jeffrey Ramirez,-0.9076139353104676,0.1987264703282337,0.5436811197885065,0.3847944818850504,-0.2420460608872357,1,train,3,0,Chinatown,0,94133,0,37.79636327171,-122.40535925071
26EXC-03520,28.0,3.367295829986474,Excavation,Pacific Gas & Electric,Don Doan,-0.8904434886820416,0.2111260224142463,0.5436811197885065,0.3847944818850504,-0.1292545632651892,1,train,4,0,Sunset/Parkside,0,94116,1,37.74026719595,-122.48928893457999
26EXC-04362,28.0,3.367295829986474,Excavation,Pacific Gas & Electric,Mario Novoa,-0.9247843819388938,0.1863269182422211,0.5436811197885065,0.3847944818850504,-0.2420460608872357,1,test,9,0,Bernal Heights,0,94110,0,37.73974918765,-122.41646255384
26EXC-04400,14.0,2.70805020110221,Excavation,Otros,Sin asignar,-0.9076139353104676,0.2028596543569046,0.5436811197885065,0.3847944818850504,-0.6744134684384139,1,train,9,0,Mission,0,94110,0,37.75053979751,-122.41994350403499
26EXC-04367,28.0,3.367295829986474,Excavation,Pacific Gas & Electric,Jeffrey Ramirez,-0.9247843819388938,0.3392547273030429,0.5436811197885065,1.060259958694945,-0.1292545632651892,1,test,1,0,Outer Richmond,0,94121,0,37.77814175962,-122.47906148897
26SC-00454,3.0,1.3862943611198906,Otros,Otros,Sin asignar,-0.9247843819388938,0.2441914946436131,0.5436811197885065,0.7225272202899977,-0.8811978807454991,0,train,1,0,Inner Richmond,0,94118,0,37.77378188029,-122.46712152745
26EXC-04382,59.0,4.0943445622221,Excavation,Pacific Gas & Electric,Mario Novoa,-0.8732730420536156,0.2689905988156383,0.5436811197885065,0.7225272202899977,-0.0164630656431428,1,train,6,0,South of Market,0,94103,1,37.7769006515775,-122.4080338862325
26EXC-04395,28.0,3.367295829986474,Excavation,Otros,Mario Novoa,-0.7874208089114852,0.2111260224142463,0.5436811197885065,0.7225272202899977,-0.6556148855014061,1,test,8,0,Noe Valley,0,94114,0,37.75537076562,-122.43114856547999
26EXC-04616,28.0,3.367295829986474,Excavation,Pacific Gas & Electric,Mario Novoa,-0.9247843819388938,0.3805865675897515,0.5436811197885065,1.060259958694945,-0.3924347243832977,1,test,5,0,Hayes Valley,0,94117,0,37.77686783953,-122.43053565455
26EXC-04371,11.0,2.4849066497880004,Excavation,Otros,Otros,-0.9247843819388938,0.2069928383855754,0.5436811197885065,0.3847944818850504,1.2618405740733838,1,train,6,0,Financial District/South Beach,0,94107,0,37.78341127686,-122.39651560572
26EXC-03641,67.0,4.219507705176107,Excavation,Otros,Otros,-0.9247843819388938,0.0086000050093742,0.5436811197885065,0.0470617434801031,-0.3172403926352667,1,test,1,0,Inner Richmond,0,94118,0,37.77898047073,-122.46932639274
26EXC-04599,28.0,3.367295829986474,Excavation,Pacific Gas & Electric,Don Doan,-0.9247843819388938,0.3516542793890555,0.5436811197885065,1.060259958694945,-0.4676290561313287,1,train,9,0,Portola,0,94134,0,37.72652420593,-122.41625438445
26EXC-04385,28.0,3.367295829986474,Excavation,Pacific Gas & Electric,Gabriel Howell,-0.8732730420536156,0.2400583106149423,0.5436811197885065,0.7225272202899977,-0.2608446438242435,1,train,1,1,Lone Mountain/USF,0,94118,1,37.780134113335,-122.4544450425325
26EXC-02901,28.0,3.367295829986474,Excavation,Pacific Gas & Electric,Jeffrey Ramirez,-0.9076139353104676,0.5500471127652566,0.5436811197885065,0.7225272202899977,-0.298441809698259,1,test,8,0,Noe Valley,0,94114,0,37.753549350490005,-122.43652678341499
26E-00500,15.0,2.772588722239781,ExcStreet,Otros,Sin asignar,-0.9247843819388938,0.1615278140701959,0.5436811197885065,0.3847944818850504,0.2467170954749656,1,train,1,0,Lone Mountain/USF,0,94118,0,37.77731668386,-122.45611131108
26SC-00448,2.0,1.0986122886681098,Otros,Otros,Sin asignar,-0.9247843819388938,0.3020560710450052,0.5436811197885065,0.7225272202899977,-0.8811978807454991,0,train,2,0,Marina,0,94123,0,37.80256102818,-122.44618902053
26EXC-04313,28.0,3.367295829986474,Excavation,Pacific Gas & Electric,Jeffrey Ramirez,-0.9247843819388938,0.483916168306523,0.5436811197885065,1.3979926970998924,-0.4300318902573132,1,test,4,0,Sunset/Parkside,0,94122,0,37.75949196268,-122.50586247808
26EXC-04294,11.0,2.4849066497880004,Excavation,Otros,Jeffrey Ramirez,-0.9247843819388938,0.2152592064429171,0.5436811197885065,0.3847944818850504,0.1151270149159114,1,test,3,0,Chinatown,0,94111,0,37.79490687794,-122.40090103798
26EXC-00944,28.0,3.367295829986474,Excavation,Pacific Gas & Electric,Jeffrey Ramirez,-0.9076139353104676,0.219392390471588,0.5436811197885065,0.7225272202899977,-0.0164630656431428,1,test,3,0,Nob Hill,1,94109,0,37.794796468,-122.416322800485
26EXC-04325,59.0,4.0943445622221,Excavation,Pacific Gas & Electric,Mario Novoa,-0.9247843819388938,0.3433879113317138,0.5436811197885065,1.060259958694945,-0.4864276390683364,1,train,9,0,Bernal Heights,0,94110,0,37.73772715427,-122.41404744681
26EXC-02710,28.0,3.367295829986474,Excavation,Pacific Gas & Electric,Jeffrey Ramirez,-0.9247843819388938,0.7360403940554453,0.5436811197885065,1.060259958694945,-0.4300318902573132,1,train,3,0,Russian Hill,0,94133,0,37.80215485268,-122.41458677188
26EXC-04332,28.0,3.367295829986474,Excavation,Pacific Gas & Electric,Jeffrey Ramirez,-0.9247843819388938,0.4219184078764601,0.5436811197885065,1.060259958694945,-0.1668517291392047,1,train,4,0,Sunset/Parkside,0,94116,0,37.75016395826,-122.50521240798
26EXC-04338,28.0,3.367295829986474,Excavation,Otros,Gabriel Howell,-0.9247843819388938,0.2359251265862714,0.5436811197885065,0.7225272202899977,-0.599219136690383,1,train,1,0,Inner Richmond,0,94118,0,37.7737350928,-122.46423261427
26EXC-00986,299.0,5.703782474656201,Excavation,Otros,Otros,0.2428059887940792,0.219392390471588,0.5436811197885065,-1.303869210139686,0.0399326831678804,1,train,2,1,Russian Hill,1,Desconocido,1,37.805403022693916,-122.42747649215593
25WR-00016,3930.0,8.27664912542186,Wireless,Otros,Sin asignar,-0.9247843819388938,0.1863269182422211,0.5436811197885065,-1.6416019485446334,-0.8811978807454991,0,test,1,0,Outer Richmond,0,94121,0,37.77795656073,-122.49236906805
26EXC-04341,59.0,4.0943445622221,Excavation,Otros,Otros,-0.9247843819388938,0.1987264703282337,0.5436811197885065,0.7225272202899977,0.8670703323962212,1,train,7,0,Inner Sunset,0,94122,0,37.76516738307,-122.47052796609
25WR-00027,3930.0,8.27664912542186,Wireless,Otros,Sin asignar,-0.9247843819388938,0.1863269182422211,0.5436811197885065,-1.6416019485446334,-0.8811978807454991,0,train,1,0,Outer Richmond,0,94121,0,37.78568723952,-122.48102164487
26EXC-04309,59.0,4.0943445622221,Excavation,Pacific Gas & Electric,Gabriel Howell,-0.9247843819388938,0.3433879113317138,0.5436811197885065,1.060259958694945,-0.4676290561313287,1,train,1,0,Inner Richmond,0,94118,0,37.77426201018,-122.46823192137
26EXC-04280,28.0,3.367295829986474,Excavation,Pacific Gas & Electric,Jeffrey Ramirez,-0.9247843819388938,0.5500471127652566,0.5436811197885065,1.3979926970998924,-0.1292545632651892,1,train,1,0,Outer Richmond,0,94121,0,37.77747732124,-122.47917357181
26EXC-04290,57.0,4.060443010546419,Excavation,Pacific Gas & Electric,Don Doan,-0.9247843819388938,0.190460102270892,0.5436811197885065,0.3847944818850504,-0.148053146202197,1,train,7,0,West of Twin Peaks,0,94116,0,37.74450129252,-122.47128647817
26E-00490,25.0,3.258096538021482,ExcStreet,Otros,Otros,-0.9247843819388938,0.1987264703282337,0.5436811197885065,0.3847944818850504,0.8482717494592135,1,train,7,0,West of Twin Peaks,0,94132,0,37.72037622631,-122.47375196515
26EXC-04360,29.0,3.4011973816621555,Excavation,Pacific Gas & Electric,Mario Novoa,-0.8045912555399113,0.190460102270892,0.5436811197885065,0.3847944818850504,-0.4112333073203054,1,train,6,0,Mission,1,94103,1,37.772629286877496,-122.41635643540624
26ADS-00048,181.0,5.204006687076795,AddlStSpac,Otros,Sin asignar,-0.8904434886820416,0.1821937342135502,0.5436811197885065,0.7225272202899977,12.014630014041815,1,train,3,0,Chinatown,0,94133,0,37.79725543276,-122.41152694039
26EXC-04406,25.0,3.258096538021482,Excavation,Otros,Jeffrey Ramirez,-0.9076139353104676,0.2317919425576006,0.5436811197885065,0.7225272202899977,-0.7496078001864449,1,test,3,0,Tenderloin,0,94109,0,37.78715279192,-122.41638128813
26S-00065,107.0,4.68213122712422,Otros,Otros,Otros,-0.9247843819388938,-0.0244654672199926,0.5436811197885065,-0.2906709949248441,0.7730774177111825,1,train,2,0,Marina,0,94123,0,37.79585345213,-122.44605982827
26EXC-04613,57.0,4.060443010546419,Excavation,Pacific Gas & Electric,Don Doan,-0.9247843819388938,0.2069928383855754,0.5436811197885065,0.7225272202899977,-0.223247477950228,1,train,11,0,Excelsior,0,94112,0,37.71648046264,-122.43668860211
26TOC-03615,0.0,0.0,TempOccup,Otros,Sin asignar,-0.9247843819388938,0.2359251265862714,0.5436811197885065,0.7225272202899977,-0.8811978807454991,0,train,5,0,Pacific Heights,0,94115,0,37.7893204831,-122.42941219371
26EXC-04380,11.0,2.4849066497880004,Excavation,Otros,Otros,-0.9247843819388938,0.2111260224142463,0.5436811197885065,0.7225272202899977,0.1903213466639423,1,train,11,0,Oceanview/Merced/Ingleside,0,94132,0,37.71690768724,-122.46905032626
26EXC-04373,28.0,3.367295829986474,Excavation,Pacific Gas & Electric,Jeffrey Ramirez,-0.9247843819388938,0.2111260224142463,0.5436811197885065,0.3847944818850504,-0.1292545632651892,1,train,4,0,Sunset/Parkside,0,94122,0,37.75507969724,-122.47868003307
26EXC-04389,11.0,2.4849066497880004,Excavation,Otros,Otros,-0.9247843819388938,0.2111260224142463,0.5436811197885065,0.7225272202899977,0.1715227637269346,1,train,4,0,Sunset/Parkside,0,94122,0,37.76304472537,-122.49842607151
26EXC-04359,57.0,4.060443010546419,Excavation,Pacific Gas & Electric,Mario Novoa,-0.9247843819388938,0.4425843280198144,0.5436811197885065,1.060259958694945,-0.1668517291392047,1,test,5,0,Hayes Valley,0,94117,0,37.77581948761,-122.43882317701
26EXC-04361,28.0,3.367295829986474,Excavation,Pacific Gas & Electric,Jeffrey Ramirez,-0.9247843819388938,0.1863269182422211,0.5436811197885065,0.3847944818850504,-0.6180177196273907,1,test,3,0,Chinatown,0,94133,0,37.79646331431,-122.40674001445
26EXC-04352,28.0,3.367295829986474,Excavation,Pacific Gas & Electric,Don Doan,-0.9247843819388938,0.4177852238477892,0.5436811197885065,1.060259958694945,-0.1292545632651892,1,test,7,0,Inner Sunset,0,94122,0,37.75378016252,-122.46559763429
26EXC-04365,28.0,3.367295829986474,Excavation,Pacific Gas & Electric,Don Doan,-0.9247843819388938,0.1863269182422211,0.5436811197885065,0.3847944818850504,-0.2796432267612512,1,train,10,0,Visitacion Valley,0,94134,0,37.70998029315,-122.42252695836
26EXC-04622,28.0,3.367295829986474,Excavation,Pacific Gas & Electric,Don Doan,-0.9247843819388938,0.1821937342135502,0.5436811197885065,0.7225272202899977,-0.37363614144629,1,train,9,0,Portola,0,94134,0,37.72677373918,-122.40434729138
26EXC-04372,28.0,3.367295829986474,Excavation,Otros,Mario Novoa,-0.9247843819388938,0.2565910467296257,0.5436811197885065,0.7225272202899977,-0.6180177196273907,1,train,5,0,Lone Mountain/USF,0,94117,0,37.77510321103,-122.44346543568
25VDR-00140,364.0,5.899897353582492,Referral,Otros,Sin asignar,-0.9247843819388938,-0.2517905887968899,0.5436811197885065,1.3979926970998924,-0.5804205537533752,1,test,6,0,Financial District/South Beach,0,94103,0,37.78601638949,-122.40540821606
26EXC-03595,57.0,4.060443010546419,Excavation,Pacific Gas & Electric,Gabriel Howell,-0.9247843819388938,0.2937897029876635,0.5436811197885065,0.3847944818850504,-0.223247477950228,1,train,7,0,Inner Sunset,0,94122,0,37.75799136608,-122.47617502119
26EXC-04363,28.0,3.367295829986474,Excavation,Pacific Gas & Electric,Jeffrey Ramirez,-0.9247843819388938,0.4136520398191184,0.5436811197885065,1.060259958694945,-0.1668517291392047,1,train,5,0,Hayes Valley,0,94117,0,37.77431266438,-122.43937150751
26EXC-04330,13.0,2.6390573296152584,Excavation,Otros,Gabriel Howell,-0.9247843819388938,0.2689905988156383,0.5436811197885065,0.7225272202899977,-0.5804205537533752,1,train,5,0,Tenderloin,0,94102,0,37.78037959879,-122.42005212431
24EXC-02776,699.0,6.551080335043404,Excavation,M Squared Construction,Mario Novoa,0.208465095537227,0.190460102270892,0.247534501480716,-1.9793346869495807,-0.37363614144629,1,test,8,0,Noe Valley,0,94114,1,37.75076593391283,-122.43527726903163
26TOC-03532,0.0,0.0,TempOccup,Pacific Gas & Electric,Sin asignar,-0.9247843819388938,0.2524578627009549,0.5436811197885065,0.7225272202899977,-0.8811978807454991,0,test,9,0,Mission,0,94110,0,37.75045699997,-122.40796060121
26EXC-04407,13.0,2.6390573296152584,Excavation,Otros,Don Doan,-0.8732730420536156,0.4095188557904475,0.5436811197885065,1.060259958694945,-0.5240248049423519,1,test,4,0,Sunset/Parkside,0,94116,0,37.74251718061,-122.48461923114
26N-00383,3.0,1.3862943611198906,NightNoise,"Precision Engineering, Inc.",Sin asignar,-0.8217617021683373,0.1987264703282337,0.5436811197885065,0.7225272202899977,-0.5616219708163674,1,train,6,0,South of Market,0,Desconocido,1,37.77438154307571,-122.41239305215858
26EXC-04412,44.0,3.80666248977032,Excavation,Otros,Otros,-0.9247843819388938,0.2111260224142463,0.5436811197885065,0.7225272202899977,-0.3172403926352667,1,train,1,0,Inner Richmond,0,94118,0,37.78453623189,-122.46757974915
26EXC-04422,28.0,3.367295829986474,Excavation,Pacific Gas & Electric,Jeffrey Ramirez,-0.8732730420536156,0.2607242307582966,0.5436811197885065,0.7225272202899977,0.0023355172938649,1,train,10,0,Bayview Hunters Point,1,94134,1,37.709037696995,-122.405195655545
26EXC-04418,28.0,3.367295829986474,Excavation,Pacific Gas & Electric,Mario Novoa,-0.9247843819388938,0.2524578627009549,0.5436811197885065,0.7225272202899977,-0.2420460608872357,1,train,6,0,South of Market,0,94103,0,37.77862849573,-122.41167496471
26TOC-03634,1.0,0.6931471805599453,TempOccup,Pacific Gas & Electric,Sin asignar,-0.9247843819388938,0.219392390471588,0.5436811197885065,0.7225272202899977,-0.8811978807454991,0,train,6,0,Financial District/South Beach,0,94105,0,37.7864199896,-122.40073240469
26EXC-04399,11.0,2.4849066497880004,Excavation,Otros,Don Doan,-0.9247843819388938,0.2359251265862714,0.5436811197885065,0.7225272202899977,-0.2796432267612512,1,train,10,0,Bayview Hunters Point,0,"94124, 94134",0,37.73124451736,-122.40374605119
26EXC-03871,28.0,3.367295829986474,Excavation,Pacific Gas & Electric,Jeffrey Ramirez,-0.9247843819388938,0.2979228870163343,0.5436811197885065,0.3847944818850504,-0.3360389755722744,1,train,5,0,Pacific Heights,0,94109,0,37.78889078631,-122.42624132704
26EXC-04394,28.0,3.367295829986474,Excavation,Pacific Gas & Electric,Don Doan,-0.9247843819388938,0.3020560710450052,0.5436811197885065,0.7225272202899977,-0.3924347243832977,1,train,4,0,Sunset/Parkside,0,94116,0,37.74752192701,-122.50431568641
26E-00501,15.0,2.772588722239781,ExcStreet,Otros,Sin asignar,-0.9247843819388938,0.1945932862995628,0.5436811197885065,0.3847944818850504,0.0775298490418959,1,train,6,0,South of Market,0,94103,0,37.77476910334,-122.40752198232
26EXC-04409,25.0,3.258096538021482,Excavation,Otros,Don Doan,-0.9247843819388938,0.2359251265862714,0.5436811197885065,0.7225272202899977,-0.7496078001864449,1,test,7,0,West of Twin Peaks,0,94127,0,37.74086915642,-122.45460292739
26EXC-04291,25.0,3.258096538021482,Excavation,Otros,Sin asignar,-0.9247843819388938,0.2069928383855754,0.5436811197885065,0.3847944818850504,-0.7496078001864449,1,train,9,0,Mission,0,94110,0,37.76194146001,-122.40880121827
26EXC-04368,44.0,3.80666248977032,Excavation,Otros,Otros,-0.9247843819388938,0.2111260224142463,0.5436811197885065,0.7225272202899977,-0.599219136690383,1,train,9,0,Bernal Heights,0,94110,0,37.7402187165,-122.41756481759
26EXC-04408,28.0,3.367295829986474,Excavation,Pacific Gas & Electric,Mario Novoa,-0.9247843819388938,0.2111260224142463,0.5436811197885065,0.7225272202899977,-0.6368163025643984,1,train,5,0,Hayes Valley,0,94117,0,37.7777546881,-122.4311438189
26E-00499,10.0,2.3978952727983707,ExcStreet,Otros,Otros,-0.9247843819388938,0.2400583106149423,0.5436811197885065,0.7225272202899977,1.5250207351914922,1,train,5,0,Tenderloin,0,94102,0,37.78102018772,-122.41404908858
26EXC-04340,13.0,2.6390573296152584,Excavation,Otros,Otros,-0.9247843819388938,0.2028596543569046,0.5436811197885065,0.3847944818850504,0.5286958395300818,1,train,9,0,Mission,0,94110,0,37.75367645568,-122.41216004455
26ADS-00060,29.0,3.4011973816621555,AddlStSpac,Otros,Otros,-0.9247843819388938,0.2565910467296257,0.5436811197885065,0.7225272202899977,3.028907370152112,1,train,10,0,Visitacion Valley,0,94134,0,37.71200090119,-122.41615531778
26EXC-04423,28.0,3.367295829986474,Excavation,Pacific Gas & Electric,Don Doan,-0.9247843819388938,0.3020560710450052,0.5436811197885065,0.7225272202899977,-0.4112333073203054,1,train,11,0,Excelsior,0,94112,0,37.72854436635,-122.4299947243
26IE-00121,183.0,5.214935757608986,StrtImprov,Otros,Otros,-0.9247843819388938,0.1863269182422211,0.5436811197885065,0.3847944818850504,2.145373972112748,1,train,2,0,Marina,0,94123,0,37.80207388941,-122.43839558596
26EXC-04413,28.0,3.367295829986474,Excavation,Pacific Gas & Electric,Jeffrey Ramirez,-0.9247843819388938,0.27725696687298,0.5436811197885065,0.7225272202899977,-0.3172403926352667,1,train,3,0,Nob Hill,0,94108,0,37.79385101982,-122.41122902457
26EXC-04391,14.0,2.70805020110221,Excavation,Otros,Sin asignar,-0.9247843819388938,0.2069928383855754,0.5436811197885065,0.3847944818850504,-0.6744134684384139,1,test,1,0,Inner Richmond,0,94118,0,37.7840221472,-122.46127193431
26SWR-00120,30.0,3.4339872044851463,Otros,Otros,Otros,-0.9247843819388938,0.2937897029876635,0.5436811197885065,0.7225272202899977,-0.8811978807454991,0,train,2,0,Marina,0,94123,0,37.79888217797,-122.43400892749
25IE-00310,684.0,6.529418838262226,StrtImprov,Otros,Sin asignar,-0.8904434886820416,-1.3429511723659968,0.5436811197885065,0.3847944818850504,1.1302504935143296,1,train,9,0,Noe Valley,0,94110,1,37.74583692546333,-122.42211812925666
26TOC-03525,0.0,0.0,TempOccup,Otros,Sin asignar,-0.9247843819388938,0.2565910467296257,0.5436811197885065,0.7225272202899977,-0.8811978807454991,0,train,3,0,Financial District/South Beach,0,94104,0,37.79251638915,-122.40115994588
26E-00502,27.0,3.332204510175204,ExcStreet,Otros,Otros,-0.9247843819388938,0.1987264703282337,0.5436811197885065,0.3847944818850504,0.8482717494592135,1,train,9,0,Mission,0,94110,0,37.75205331453,-122.41604913054
26EXC-04405,25.0,3.258096538021482,Excavation,Otros,Sin asignar,-0.9247843819388938,0.2400583106149423,0.5436811197885065,0.7225272202899977,-0.6368163025643984,1,test,3,0,Chinatown,0,94111,0,37.79418820406,-122.40263232752
25EXC-01941,459.0,6.131226489483141,Excavation,"Esquivel Grading & Paving, Inc.",Adalberto Cuellar Franco,1.633612165696591,-0.6940412798646719,0.5436811197885065,0.3847944818850504,0.1527241807899269,1,train,3,0,Chinatown,1,94133,1,37.7973513716908,-122.40758670338028
26EXC-02779,28.0,3.367295829986474,Excavation,Pacific Gas & Electric,Jeffrey Ramirez,-0.9247843819388938,0.2359251265862714,0.5436811197885065,0.3847944818850504,-0.1104559803281815,1,test,7,0,West of Twin Peaks,0,94127,0,37.73900309072,-122.46995055562
26EXC-04427,28.0,3.367295829986474,Excavation,Pacific Gas & Electric,Mario Novoa,-0.9247843819388938,0.2317919425576006,0.5436811197885065,0.7225272202899977,-0.2608446438242435,1,train,8,0,Noe Valley,0,94114,0,37.7486960138,-122.43715929133
26EXC-04462,28.0,3.367295829986474,Excavation,Pacific Gas & Electric,Jeffrey Ramirez,-0.9076139353104676,0.2937897029876635,0.5436811197885065,0.7225272202899977,-0.3360389755722744,1,test,1,0,Outer Richmond,0,94121,0,37.777779800055,-122.503647123855
26EXC-01042,28.0,3.367295829986474,Excavation,Pacific Gas & Electric,Jeffrey Ramirez,-0.9247843819388938,0.9055009392309504,0.5436811197885065,0.7225272202899977,-0.1292545632651892,1,train,10,0,Bayview Hunters Point,0,94124,0,37.7380721946,-122.39145702533
25VDR-00161,364.0,5.899897353582492,Referral,Otros,Sin asignar,-0.9247843819388938,-0.2600569568542316,0.5436811197885065,1.3979926970998924,0.1151270149159114,1,test,3,0,Chinatown,0,94133,0,37.79894625197,-122.40860555458
26EXC-04448,13.0,2.6390573296152584,Excavation,Otros,Otros,-0.9076139353104676,0.2317919425576006,0.5436811197885065,0.7225272202899977,0.9986604129552754,1,test,5,0,Golden Gate Park,0,94117,0,37.76642204411,-122.45300731836
26TOC-03550,0.0,0.0,TempOccup,Pacific Gas & Electric,Sin asignar,-0.9247843819388938,0.248324678672284,0.5436811197885065,0.7225272202899977,-0.8811978807454991,0,test,7,0,Twin Peaks,0,94114,0,37.75749726914,-122.44958315846
26EXC-04458,57.0,4.060443010546419,Excavation,Pacific Gas & Electric,Don Doan,-0.9247843819388938,0.3433879113317138,0.5436811197885065,1.060259958694945,-0.298441809698259,1,test,7,0,West of Twin Peaks,0,94132,0,37.72142729967,-122.47314072745
26EXC-01047,28.0,3.367295829986474,Excavation,Pacific Gas & Electric,Jeffrey Ramirez,-0.9247843819388938,0.9013677552022796,0.5436811197885065,0.7225272202899977,-0.1292545632651892,1,test,10,0,Bayview Hunters Point,0,94124,0,37.73765596849,-122.39324436044
26EXC-04421,57.0,4.060443010546419,Excavation,Pacific Gas & Electric,Don Doan,-0.9247843819388938,0.2979228870163343,0.5436811197885065,0.7225272202899977,-0.3360389755722744,1,train,11,0,Excelsior,0,94112,0,37.71424768062,-122.44300357001
26EXC-04460,28.0,3.367295829986474,Excavation,Pacific Gas & Electric,Gabriel Howell,-0.8904434886820416,0.5624466648512693,0.5436811197885065,1.3979926970998924,-0.6180177196273907,1,train,1,0,Outer Richmond,0,94121,1,37.77592047278333,-122.49965416996334
26EXC-04226,44.0,3.80666248977032,Excavation,Otros,Otros,-0.9247843819388938,0.1863269182422211,0.5436811197885065,0.3847944818850504,-0.599219136690383,1,train,9,0,Mission,0,94103,0,37.76837039252,-122.42056847614
26EXC-04445,57.0,4.060443010546419,Excavation,Pacific Gas & Electric,Don Doan,-0.9247843819388938,0.306189255073676,0.5436811197885065,0.7225272202899977,-0.2420460608872357,1,test,7,0,West of Twin Peaks,0,94127,0,37.74313095648,-122.44993141146
26SC-00461,2.0,1.0986122886681098,Otros,Otros,Sin asignar,-0.9247843819388938,0.2359251265862714,0.5436811197885065,0.7225272202899977,-0.8811978807454991,0,train,10,0,Bayview Hunters Point,0,94124,0,37.73260749399,-122.38821673617
26SC-00463,3.0,1.3862943611198906,Otros,Otros,Sin asignar,-0.9247843819388938,0.1987264703282337,0.5436811197885065,0.7225272202899977,-0.8811978807454991,0,train,2,0,Marina,0,94123,0,37.80319766408,-122.42590405645
26EXC-04454,24.0,3.218875824868201,Excavation,Otros,Jeffrey Ramirez,-0.9247843819388938,0.219392390471588,0.5436811197885065,0.7225272202899977,-0.6368163025643984,1,train,5,0,Tenderloin,0,94109,0,37.78487225148,-122.41926306784
26EXC-04305,14.0,2.70805020110221,Excavation,Otros,Sin asignar,-0.9247843819388938,0.190460102270892,0.5436811197885065,0.3847944818850504,-0.5428233878793597,1,train,10,0,Bayview Hunters Point,0,94124,0,37.73318456893,-122.38094443135
26TOC-03564,0.0,0.0,TempOccup,Otros,Sin asignar,-0.9247843819388938,0.2648574147869674,0.5436811197885065,0.7225272202899977,-0.8811978807454991,0,train,6,0,South of Market,0,94103,0,37.78154993516,-122.4097442508
26EXC-04431,28.0,3.367295829986474,Excavation,Pacific Gas & Electric,Jeffrey Ramirez,-0.9076139353104676,0.3433879113317138,0.5436811197885065,1.060259958694945,-0.5052262220053442,1,train,1,0,Outer Richmond,0,94121,0,37.78078370539,-122.50386603183
26EXC-04447,13.0,2.6390573296152584,Excavation,Otros,Otros,-0.9247843819388938,0.2400583106149423,0.5436811197885065,0.7225272202899977,1.468624986380469,1,test,3,0,Chinatown,0,94108,0,37.7951980953,-122.40792919216
26EXC-04429,25.0,3.258096538021482,Excavation,Otros,Gabriel Howell,-0.9247843819388938,0.2317919425576006,0.5436811197885065,0.7225272202899977,-0.7496078001864449,1,test,2,0,Presidio Heights,0,94118,0,37.78902864079,-122.45350287339
26TOC-03560,1.0,0.6931471805599453,TempOccup,Otros,Sin asignar,-0.9247843819388938,0.3268551752170303,0.5436811197885065,0.7225272202899977,-0.8811978807454991,0,train,5,0,Tenderloin,0,94109,0,37.78605113341,-122.41471192722
26TE-00030,28.0,3.367295829986474,Otros,Otros,Otros,-0.9247843819388938,0.2152592064429171,0.5436811197885065,0.7225272202899977,-0.4112333073203054,1,test,11,0,Excelsior,0,94112,0,37.72433278297,-122.4348521883
26E-00510,7.0,2.079441541679836,ExcStreet,Otros,Don Doan,-0.9247843819388938,0.2937897029876635,0.5436811197885065,0.7225272202899977,-0.4864276390683364,1,test,7,0,West of Twin Peaks,0,94112,0,37.72889498133,-122.44668653306
26EXC-04420,44.0,3.80666248977032,Excavation,Otros,Otros,-0.9247843819388938,0.2069928383855754,0.5436811197885065,0.7225272202899977,-0.5616219708163674,1,train,9,0,Mission,0,94110,0,37.76366096198,-122.41786911199
26EXC-04444,57.0,4.060443010546419,Excavation,Pacific Gas & Electric,Don Doan,-0.9247843819388938,0.3185888071596886,0.5436811197885065,0.7225272202899977,-0.3360389755722744,1,train,7,0,West of Twin Peaks,0,94132,0,37.72212333587,-122.47443464692
26E-00511,59.0,4.0943445622221,ExcStreet,Otros,Mario Novoa,-0.9247843819388938,0.190460102270892,0.5436811197885065,0.3847944818850504,0.6978830859631515,1,train,8,0,Noe Valley,0,94131,0,37.74844842858,-122.42598981985
26EXC-04424,57.0,4.060443010546419,Excavation,Pacific Gas & Electric,Don Doan,-0.9247843819388938,0.3020560710450052,0.5436811197885065,0.7225272202899977,-0.37363614144629,1,train,4,0,Sunset/Parkside,0,94122,0,37.75958622282,-122.50371897879
26EXC-04430,25.0,3.258096538021482,Excavation,Otros,Jeffrey Ramirez,-0.9247843819388938,0.2317919425576006,0.5436811197885065,0.7225272202899977,-0.7496078001864449,1,train,5,0,Tenderloin,0,94109,0,37.78426924571,-122.41954885643
26EXC-04450,25.0,3.258096538021482,Excavation,Otros,Jeffrey Ramirez,-0.9247843819388938,0.2317919425576006,0.5436811197885065,0.7225272202899977,-0.7496078001864449,1,train,3,0,North Beach,0,94133,0,37.79851692291,-122.40647805942
26EXC-04426,28.0,3.367295829986474,Excavation,Pacific Gas & Electric,Jeffrey Ramirez,-0.9247843819388938,0.3971193037044349,0.5436811197885065,1.060259958694945,-0.37363614144629,1,train,9,0,Mission,0,94110,0,37.75137199642,-122.41947852321
26EXC-03944,11.0,2.4849066497880004,Excavation,Otros,Don Doan,-0.9247843819388938,0.2896565189589926,0.5436811197885065,0.7225272202899977,-0.5240248049423519,1,train,4,0,Sunset/Parkside,0,94122,0,37.76512035739,-122.48108357262
26EXC-04442,28.0,3.367295829986474,Excavation,Pacific Gas & Electric,Jeffrey Ramirez,-0.9247843819388938,0.3392547273030429,0.5436811197885065,1.060259958694945,-0.4864276390683364,1,train,8,0,Inner Sunset,0,94117,0,37.76590845052,-122.45285272691
26EXC-04449,13.0,2.6390573296152584,Excavation,Otros,Otros,-0.9247843819388938,0.2359251265862714,0.5436811197885065,0.7225272202899977,0.810674583585198,1,test,7,0,West of Twin Peaks,0,94131,0,37.73394242736,-122.44294475718
26EXC-04485,30.0,3.4339872044851463,Excavation,Pacific Gas & Electric,Gabriel Howell,-0.9247843819388938,0.2979228870163343,0.5436811197885065,1.060259958694945,-0.1668517291392047,1,test,1,0,Inner Richmond,0,94118,0,37.77796817405,-122.46835943556
26EXC-04526,28.0,3.367295829986474,Excavation,Pacific Gas & Electric,Jeffrey Ramirez,-0.9247843819388938,0.1739273661562085,0.5436811197885065,0.3847944818850504,-0.0540602315171583,1,train,3,0,Nob Hill,0,94109,0,37.79275122852,-122.41816793695
23PKT-00164,201.0,5.308267697401205,Otros,Otros,Sin asignar,-0.9247843819388938,0.1863269182422211,0.5436811197885065,-0.9661364717347388,7.690955938530033,1,train,2,0,Marina,0,94123,0,37.79841990565,-122.4355998371
26EXC-04505,28.0,3.367295829986474,Excavation,Pacific Gas & Electric,Gabriel Howell,-0.9247843819388938,0.3309883592457012,0.5436811197885065,1.060259958694945,-0.4300318902573132,1,train,1,0,Inner Richmond,0,94118,0,37.77882483987,-122.47003115854
26EXC-01083,28.0,3.367295829986474,Excavation,Otros,Don Doan,-0.8904434886820416,0.2111260224142463,0.5436811197885065,0.7225272202899977,-0.5616219708163674,1,train,10,0,Bayview Hunters Point,0,94124,0,37.740352651,-122.40021279125
26EXC-04528,28.0,3.367295829986474,Excavation,Pacific Gas & Electric,Mario Novoa,-0.9247843819388938,0.1697941821275377,0.5436811197885065,0.3847944818850504,0.1151270149159114,1,train,9,0,Mission,0,94110,0,37.75133855407,-122.40666278676
26EXC-02803,57.0,4.060443010546419,Excavation,Pacific Gas & Electric,Don Doan,-0.9247843819388938,0.3723201995324098,0.5436811197885065,0.3847944818850504,-0.223247477950228,1,train,7,0,Inner Sunset,0,94122,0,37.75359634543,-122.47435261691
26TOC-03576,29.0,3.4011973816621555,TempOccup,Otros,Sin asignar,-0.9247843819388938,0.2028596543569046,0.5436811197885065,0.7225272202899977,-0.8811978807454991,0,train,5,0,Tenderloin,0,94102,0,37.78275471718,-122.4152362576
26EXC-04479,13.0,2.6390573296152584,Excavation,Otros,Otros,-0.9247843819388938,0.1945932862995628,0.5436811197885065,0.7225272202899977,0.7166816689001593,1,train,4,0,Sunset/Parkside,0,94122,0,37.7622611277,-122.48791924947
26VDR-00056,230.0,5.442417710521793,Referral,Otros,Sin asignar,-0.9247843819388938,-0.1153955158507515,0.5436811197885065,-0.2906709949248441,-0.2044488950132202,1,train,9,0,Mission,0,94110,0,37.75293772631,-122.41832623845
26TOC-03572,0.0,0.0,TempOccup,Pacific Gas & Electric,Sin asignar,-0.9247843819388938,0.2400583106149423,0.5436811197885065,0.7225272202899977,-0.8811978807454991,0,train,2,0,Pacific Heights,0,94109,0,37.79320296621,-122.42880419734
26EXC-02792,57.0,4.060443010546419,Excavation,Pacific Gas & Electric,Gabriel Howell,-0.9247843819388938,0.4921825363638647,0.5436811197885065,0.3847944818850504,-0.223247477950228,1,test,4,0,Sunset/Parkside,0,94122,0,37.75240943569,-122.49676856281
26EXC-04501,57.0,4.060443010546419,Excavation,Pacific Gas & Electric,Mario Novoa,-0.9247843819388938,0.219392390471588,0.5436811197885065,0.7225272202899977,-0.3172403926352667,1,train,8,0,Glen Park,0,94131,0,37.73710712627,-122.43282493086
26EXC-04527,28.0,3.367295829986474,Excavation,Pacific Gas & Electric,Jeffrey Ramirez,-0.9247843819388938,0.1739273661562085,0.5436811197885065,0.3847944818850504,0.1151270149159114,1,test,3,0,Nob Hill,0,94109,0,37.79290861497,-122.41693606841
26EXC-04529,28.0,3.367295829986474,Excavation,Pacific Gas & Electric,Jeffrey Ramirez,-0.9076139353104676,0.1739273661562085,0.5436811197885065,0.3847944818850504,-0.2044488950132202,1,test,3,0,Nob Hill,0,94109,0,37.79245843411,-122.418591548195
26EXC-04499,28.0,3.367295829986474,Excavation,Pacific Gas & Electric,Mario Novoa,-0.9247843819388938,0.1863269182422211,0.5436811197885065,0.3847944818850504,-0.0540602315171583,1,train,3,0,Nob Hill,0,94109,0,37.79213038354,-122.41762393811
26EXC-04530,59.0,4.0943445622221,Excavation,Pacific Gas & Electric,Jeffrey Ramirez,-0.9247843819388938,0.3309883592457012,0.5436811197885065,1.060259958694945,-0.3172403926352667,1,train,6,0,South of Market,0,94107,0,37.77681981253,-122.39685672808
26EXC-04532,44.0,3.80666248977032,Excavation,Otros,Otros,-0.9247843819388938,0.2152592064429171,0.5436811197885065,0.7225272202899977,-0.6556148855014061,1,train,8,0,Noe Valley,0,94114,0,37.75285126561,-122.43664245706
26EXC-04551,13.0,2.6390573296152584,Excavation,Otros,Otros,-0.9247843819388938,0.2400583106149423,0.5436811197885065,0.7225272202899977,0.9986604129552754,1,test,11,0,Outer Mission,0,94112,0,37.71095974422,-122.45548678219
26ADS-00062,30.0,3.4339872044851463,AddlStSpac,Otros,Sin asignar,-0.9247843819388938,0.190460102270892,0.5436811197885065,0.7225272202899977,0.5474944224670896,1,train,2,0,Marina,0,94123,0,37.79829422718,-122.43250149303
26E-00508,477.0,6.169610732491456,ExcStreet,Otros,Sin asignar,-0.9247843819388938,0.1615278140701959,0.5436811197885065,0.3847944818850504,-0.8811978807454991,0,train,10,0,Bayview Hunters Point,0,94124,0,37.71444121418,-122.38221239729
26PKT-00046,364.0,5.899897353582492,Otros,Otros,Don Doan,-0.9247843819388938,-0.2683233249115733,0.5436811197885065,1.3979926970998924,8.330107758388296,1,train,1,0,Inner Richmond,0,94118,0,37.78298974675,-122.46620607144
26EXC-04320,28.0,3.367295829986474,Excavation,Pacific Gas & Electric,Jeffrey Ramirez,-0.9247843819388938,0.2979228870163343,0.5436811197885065,0.7225272202899977,-0.4300318902573132,1,test,4,0,Sunset/Parkside,0,94122,0,37.75202861701,-122.50534118146
26EXC-04473,28.0,3.367295829986474,Excavation,Pacific Gas & Electric,Jeffrey Ramirez,-0.9247843819388938,0.3971193037044349,0.5436811197885065,1.060259958694945,-0.1856503120762125,1,train,1,0,Outer Richmond,0,94121,0,37.7804382429,-122.50518046661
26TOC-03579,29.0,3.4011973816621555,TempOccup,Otros,Sin asignar,-0.9247843819388938,0.2028596543569046,0.5436811197885065,0.7225272202899977,-0.8811978807454991,0,train,5,0,Tenderloin,0,94109,0,37.78348912046,-122.41654267846
26EXC-04468,28.0,3.367295829986474,Excavation,Pacific Gas & Electric,Don Doan,-0.9076139353104676,0.3433879113317138,0.5436811197885065,1.060259958694945,-0.4300318902573132,1,train,4,0,Sunset/Parkside,0,94116,0,37.749665338425004,-122.50598330829
26EXC-04500,28.0,3.367295829986474,Excavation,Pacific Gas & Electric,Jeffrey Ramirez,-0.9247843819388938,0.1863269182422211,0.5436811197885065,0.3847944818850504,0.1151270149159114,1,train,10,0,Bayview Hunters Point,0,94124,0,37.72379091371,-122.38877444521
26EXC-04183,25.0,3.258096538021482,Excavation,Otros,Don Doan,-0.9247843819388938,0.2152592064429171,0.5436811197885065,0.3847944818850504,-0.6368163025643984,1,train,4,0,Sunset/Parkside,0,94132,0,37.73139225797,-122.47837808747
26N-00385,1.0,0.6931471805599453,NightNoise,Pacific Gas & Electric,Sin asignar,-0.9247843819388938,0.2607242307582966,0.5436811197885065,0.7225272202899977,0.0775298490418959,1,train,3,0,Russian Hill,0,94109,0,37.79779919098,-122.41876577123
26EXC-04464,28.0,3.367295829986474,Excavation,Pacific Gas & Electric,Gabriel Howell,-0.9247843819388938,0.4177852238477892,0.5436811197885065,1.060259958694945,-0.599219136690383,1,train,5,0,Japantown,0,94115,0,37.78541009406,-122.43482382686
26EXC-03985,28.0,3.367295829986474,Excavation,Pacific Gas & Electric,Jeffrey Ramirez,-0.9247843819388938,0.2979228870163343,0.5436811197885065,0.3847944818850504,-0.148053146202197,1,test,6,0,Financial District/South Beach,0,94107,0,37.7797299392,-122.39163762355
26EXC-04492,44.0,3.80666248977032,Excavation,Otros,Otros,-0.9247843819388938,0.2111260224142463,0.5436811197885065,0.7225272202899977,-0.5616219708163674,1,test,5,0,Tenderloin,0,94102,0,37.78309222678,-122.41281430322
26EXC-04456,24.0,3.218875824868201,Excavation,Otros,Don Doan,-0.9247843819388938,0.2317919425576006,0.5436811197885065,0.7225272202899977,-0.6368163025643984,1,train,7,0,Inner Sunset,0,94122,0,37.76122462074,-122.47675145196
26N-00387,1.0,0.6931471805599453,NightNoise,"Precision Engineering, Inc.",Sin asignar,-0.9247843819388938,0.2152592064429171,0.5436811197885065,0.7225272202899977,-0.5616219708163674,1,test,1,0,Golden Gate Park,0,94117,0,37.77382693238,-122.45447502189
26EXC-04467,59.0,4.0943445622221,Excavation,Pacific Gas & Electric,Gabriel Howell,-0.9247843819388938,0.3433879113317138,0.5436811197885065,1.060259958694945,-0.37363614144629,1,train,2,0,Presidio Heights,0,94118,0,37.78744792067,-122.45276936361
26TOC-03568,0.0,0.0,TempOccup,Pacific Gas & Electric,Sin asignar,-0.9076139353104676,0.2400583106149423,0.5436811197885065,0.7225272202899977,-0.8811978807454991,0,train,1,0,Golden Gate Park,1,94121,0,37.77271631336,-122.480977768505
26EXC-04463,28.0,3.367295829986474,Excavation,Pacific Gas & Electric,Jeffrey Ramirez,-0.9247843819388938,0.5624466648512693,0.5436811197885065,1.3979926970998924,-0.1292545632651892,1,train,4,0,Sunset/Parkside,0,94122,0,37.76024681012,-122.48871359307
26TOC-03570,0.0,0.0,TempOccup,Pacific Gas & Electric,Sin asignar,-0.9247843819388938,0.2400583106149423,0.5436811197885065,0.7225272202899977,-0.8811978807454991,0,train,4,0,Sunset/Parkside,0,94122,0,37.76308781447,-122.50933563494
26TOC-03577,29.0,3.4011973816621555,TempOccup,Otros,Sin asignar,-0.9247843819388938,0.2028596543569046,0.5436811197885065,0.7225272202899977,-0.8811978807454991,0,test,5,0,Tenderloin,0,94102,0,37.78598138148,-122.41264165128
26TOC-03578,29.0,3.4011973816621555,TempOccup,Otros,Sin asignar,-0.9247843819388938,0.2028596543569046,0.5436811197885065,0.7225272202899977,-0.8811978807454991,0,test,9,0,Mission,0,94103,0,37.76830929274,-122.42107837931
26EXC-04487,13.0,2.6390573296152584,Excavation,Otros,Otros,-0.9076139353104676,0.2069928383855754,0.5436811197885065,0.7225272202899977,0.7166816689001593,1,train,8,0,Mission,0,94110,0,37.75393928772,-122.42322441972
26EXC-04508,11.0,2.4849066497880004,Excavation,Otros,Don Doan,-0.9076139353104676,0.2111260224142463,0.5436811197885065,0.7225272202899977,1.6754093986875542,1,train,4,0,Sunset/Parkside,0,94122,0,37.75749938944,-122.48641107658
26EXC-02870,59.0,4.0943445622221,Excavation,Pacific Gas & Electric,Jeffrey Ramirez,-0.9247843819388938,0.4301847759338018,0.5436811197885065,0.3847944818850504,-0.0352616485801505,1,test,10,0,Potrero Hill,0,94107,0,37.76058986108,-122.38916848332
26EXC-04562,13.0,2.6390573296152584,Excavation,Otros,Otros,-0.9247843819388938,0.2400583106149423,0.5436811197885065,0.7225272202899977,0.7542788347741748,1,train,7,0,Inner Sunset,0,94122,0,37.75634437753,-122.46806027839
26EXC-04535,44.0,3.80666248977032,Excavation,Otros,Otros,-0.9247843819388938,0.2152592064429171,0.5436811197885065,0.7225272202899977,-0.5804205537533752,1,train,4,0,Sunset/Parkside,0,94116,0,37.74436454101,-122.49119286717
26PKT-00045,147.0,4.997212273764115,Otros,Otros,Sin asignar,-0.9247843819388938,0.1863269182422211,0.5436811197885065,-0.9661364717347388,6.318659384128468,1,train,1,0,Outer Richmond,0,94121,0,37.7757960407,-122.49645621398
26EXC-04563,13.0,2.6390573296152584,Excavation,Otros,Otros,-0.9247843819388938,0.2400583106149423,0.5436811197885065,0.7225272202899977,0.7542788347741748,1,test,1,0,Outer Richmond,0,94121,0,37.77449671833,-122.50810992968
26EXC-04568,13.0,2.6390573296152584,Excavation,Otros,Otros,-0.9247843819388938,0.2400583106149423,0.5436811197885065,0.7225272202899977,0.9422646641442524,1,test,10,0,Visitacion Valley,0,94134,0,37.71093076396,-122.41134261887
26EXC-04580,28.0,3.367295829986474,Excavation,Pacific Gas & Electric,Don Doan,-0.9247843819388938,0.1821937342135502,0.5436811197885065,0.7225272202899977,-0.3172403926352667,1,train,4,0,Sunset/Parkside,0,94122,0,37.75504698218,-122.48496787551
26EXC-04594,6.0,1.9459101490553128,Excavation,Otros,Gabriel Howell,-0.9247843819388938,0.190460102270892,0.5436811197885065,0.7225272202899977,-0.2608446438242435,1,train,3,0,Tenderloin,0,94102,0,37.78725419187,-122.40905037217
26EXC-04410,25.0,3.258096538021482,Excavation,Otros,Jeffrey Ramirez,-0.8904434886820416,0.2069928383855754,0.5436811197885065,0.7225272202899977,-0.7496078001864449,1,train,3,0,Chinatown,0,94108,0,37.79363709167,-122.40857173256
26TOC-03614,0.0,0.0,TempOccup,Otros,Sin asignar,-0.9247843819388938,0.2441914946436131,0.5436811197885065,0.7225272202899977,-0.8811978807454991,0,test,8,0,Noe Valley,0,94114,0,37.7533287944,-122.42608071028
26EXC-04583,28.0,3.367295829986474,Excavation,Pacific Gas & Electric,Jeffrey Ramirez,-0.9247843819388938,0.1821937342135502,0.5436811197885065,0.7225272202899977,-0.2420460608872357,1,train,2,0,Marina,0,94123,0,37.79862344375,-122.43955101006
26EXC-04474,13.0,2.6390573296152584,Excavation,Otros,Otros,-0.9247843819388938,0.1945932862995628,0.5436811197885065,0.7225272202899977,0.810674583585198,1,train,8,0,Noe Valley,0,94114,0,37.75068179843,-122.42894233538
26EXC-04558,13.0,2.6390573296152584,Excavation,Otros,Otros,-0.9247843819388938,0.2400583106149423,0.5436811197885065,0.7225272202899977,0.8294731665222057,1,train,8,0,Haight Ashbury,0,94117,0,37.76634148589,-122.45223675665
26EXC-04470,13.0,2.6390573296152584,Excavation,Otros,Otros,-0.9247843819388938,0.190460102270892,0.5436811197885065,0.7225272202899977,0.5286958395300818,1,test,7,0,West of Twin Peaks,0,94127,0,37.72409688684,-122.46542951865
26N-00380,21.0,3.091042453358316,NightNoise,Otros,Sin asignar,-0.9247843819388938,0.1863269182422211,0.5436811197885065,0.7225272202899977,-0.5052262220053442,1,train,10,0,Bayview Hunters Point,0,94107,0,37.75028586225,-122.39259570732
26VDR-00026,304.0,5.720311776607412,Referral,Otros,Sin asignar,-0.9247843819388938,-0.4212511339723951,0.5436811197885065,-1.303869210139686,-0.1292545632651892,1,test,9,0,Mission,0,94110,0,37.75103361786,-122.41814399757
26EXC-04600,57.0,4.060443010546419,Excavation,Pacific Gas & Electric,Don Doan,-0.9247843819388938,0.3392547273030429,0.5436811197885065,1.060259958694945,-0.5428233878793597,1,train,10,0,Bayview Hunters Point,0,94124,0,37.73204741156,-122.39084287255
26TOC-03618,0.0,0.0,TempOccup,Otros,Sin asignar,-0.9247843819388938,0.2276587585289297,0.5436811197885065,0.7225272202899977,-0.8811978807454991,0,train,6,0,Financial District/South Beach,0,94105,0,37.78690971818,-122.39960472866
26EXC-04571,13.0,2.6390573296152584,Excavation,Otros,Otros,-0.9247843819388938,0.2400583106149423,0.5436811197885065,0.7225272202899977,1.036257578829291,1,test,9,0,Bernal Heights,0,94110,0,37.7364563135,-122.41754258632
26E-00515,22.0,3.1354942159291497,ExcStreet,Otros,Mario Novoa,-0.9247843819388938,0.2111260224142463,0.5436811197885065,0.7225272202899977,2.12657538917574,1,train,9,0,Bernal Heights,0,94110,0,37.74388567838,-122.42120568431
26EXC-04557,13.0,2.6390573296152584,Excavation,Otros,Otros,-0.9247843819388938,0.2400583106149423,0.5436811197885065,0.7225272202899977,0.8294731665222057,1,test,1,0,Outer Richmond,0,94121,0,37.77294615001,-122.48543161566
26EXC-04632,14.0,2.70805020110221,Excavation,Otros,Gabriel Howell,-0.8732730420536156,0.3268551752170303,0.5436811197885065,1.060259958694945,0.1715227637269346,1,train,5,0,Western Addition,0,94115,0,37.783357614734996,-122.43334497555
26EXC-04640,2.0,1.0986122886681098,Excavation,Pacific Gas & Electric,Jeffrey Ramirez,-0.9247843819388938,0.2855233349303218,0.5436811197885065,0.7225272202899977,-0.148053146202197,1,test,6,0,Financial District/South Beach,0,94105,0,37.78971952092,-122.39141465595
26TOC-03622,0.0,0.0,TempOccup,Pacific Gas & Electric,Sin asignar,-0.9247843819388938,0.2441914946436131,0.5436811197885065,0.7225272202899977,-0.8811978807454991,0,train,8,0,Noe Valley,0,94131,0,37.74481483124,-122.43457297634
26TOC-03624,3.0,1.3862943611198906,TempOccup,Pacific Gas & Electric,Sin asignar,-0.8904434886820416,0.2069928383855754,0.5436811197885065,0.7225272202899977,-0.8811978807454991,0,train,10,0,Bayview Hunters Point,0,94124,0,37.72291878362666,-122.39980449863333
26EXC-04624,28.0,3.367295829986474,Excavation,Pacific Gas & Electric,Don Doan,-0.9247843819388938,0.3475210953603846,0.5436811197885065,1.060259958694945,-0.3924347243832977,1,test,7,0,Inner Sunset,0,94122,0,37.76219840527,-122.46564770471
26TOC-03630,1.0,0.6931471805599453,TempOccup,Pacific Gas & Electric,Sin asignar,-0.9247843819388938,0.2152592064429171,0.5436811197885065,0.7225272202899977,-0.8811978807454991,0,train,11,0,Excelsior,0,94112,0,37.7124925178,-122.43083103076
26EXC-04626,28.0,3.367295829986474,Excavation,Pacific Gas & Electric,Don Doan,-0.9247843819388938,0.1863269182422211,0.5436811197885065,0.7225272202899977,-0.2796432267612512,1,test,9,0,Portola,0,94134,0,37.72943608361,-122.40434615823
26TOC-03623,0.0,0.0,TempOccup,Pacific Gas & Electric,Sin asignar,-0.9247843819388938,0.2400583106149423,0.5436811197885065,0.7225272202899977,-0.8811978807454991,0,train,2,0,Pacific Heights,0,94115,0,37.79353784683,-122.42971461172
26EXC-04611,44.0,3.80666248977032,Excavation,Otros,Otros,-0.9247843819388938,0.2152592064429171,0.5436811197885065,0.7225272202899977,-0.2608446438242435,1,train,10,0,Visitacion Valley,0,94134,0,37.7149947041,-122.41540802239
26EXC-04628,28.0,3.367295829986474,Excavation,Pacific Gas & Electric,Don Doan,-0.9247843819388938,0.1863269182422211,0.5436811197885065,0.7225272202899977,-0.37363614144629,1,test,9,0,Portola,0,94134,0,37.72917547201,-122.40534009958
26EXC-04631,57.0,4.060443010546419,Excavation,Pacific Gas & Electric,Jeffrey Ramirez,-0.9247843819388938,0.2689905988156383,0.5436811197885065,0.7225272202899977,-0.0352616485801505,1,train,6,0,South of Market,0,94107,0,37.77881159911,-122.39591725887
26TOC-03620,0.0,0.0,TempOccup,Otros,Sin asignar,-0.9247843819388938,0.2152592064429171,0.5436811197885065,0.7225272202899977,-0.8811978807454991,0,train,4,0,Sunset/Parkside,0,94116,0,37.74569723298,-122.50473988792
26SC-00467,2.0,1.0986122886681098,Otros,Otros,Sin asignar,-0.9247843819388938,0.2069928383855754,0.5436811197885065,0.7225272202899977,-0.8811978807454991,0,train,1,0,Seacliff,0,94121,0,37.78887628169,-122.48558699476
26TOC-03631,0.0,0.0,TempOccup,Pacific Gas & Electric,Sin asignar,-0.9247843819388938,0.2152592064429171,0.5436811197885065,0.7225272202899977,-0.8811978807454991,0,train,4,0,Sunset/Parkside,0,94116,0,37.739639684,-122.48942338759
26N-00384,1.0,0.6931471805599453,NightNoise,Pacific Gas & Electric,Sin asignar,-0.9247843819388938,0.2441914946436131,0.5436811197885065,0.7225272202899977,2.12657538917574,1,train,3,0,Financial District/South Beach,0,94104,0,37.78978857102,-122.40078873585
26EXC-04635,28.0,3.367295829986474,Excavation,Pacific Gas & Electric,Don Doan,-0.9247843819388938,0.1863269182422211,0.5436811197885065,0.7225272202899977,-0.2608446438242435,1,train,10,0,Bayview Hunters Point,0,94124,0,37.7313683711,-122.40071234688
26EXC-04633,28.0,3.367295829986474,Excavation,Pacific Gas & Electric,Don Doan,-0.9247843819388938,0.1863269182422211,0.5436811197885065,0.7225272202899977,-0.223247477950228,1,train,9,0,Portola,0,94134,0,37.72463534942,-122.40235439929
26TOC-03635,2.0,1.0986122886681098,TempOccup,Pacific Gas & Electric,Sin asignar,-0.9247843819388938,0.2111260224142463,0.5436811197885065,0.7225272202899977,-0.8811978807454991,0,train,2,0,Marina,0,94123,0,37.7966915121,-122.43009868421
26TOC-03644,0.0,0.0,TempOccup,Pacific Gas & Electric,Sin asignar,-0.9076139353104676,0.2317919425576006,0.5436811197885065,0.7225272202899977,-0.8811978807454991,0,train,11,0,Oceanview/Merced/Ingleside,0,94112,1,37.72042895562,-122.462359152935
26TOC-03645,0.0,0.0,TempOccup,Pacific Gas & Electric,Sin asignar,-0.9076139353104676,0.2359251265862714,0.5436811197885065,0.7225272202899977,-0.8811978807454991,0,train,4,0,Sunset/Parkside,0,94122,0,37.756740270254994,-122.504594333325
26EXC-04072,13.0,2.6390573296152584,Excavation,Otros,Jeffrey Ramirez,-0.8904434886820416,0.2565910467296257,0.5436811197885065,0.7225272202899977,-0.5240248049423519,1,train,3,0,North Beach,0,94111,0,37.79769346137,-122.4022186051
26EXC-04650,28.0,3.367295829986474,Excavation,Pacific Gas & Electric,Jeffrey Ramirez,-0.9247843819388938,0.5335143766505732,0.5436811197885065,1.7357254355048397,-0.1292545632651892,1,train,3,0,North Beach,0,94133,0,37.79869758131,-122.40395807358
26TOC-03646,1.0,0.6931471805599453,TempOccup,Pacific Gas & Electric,Sin asignar,-0.9247843819388938,0.2111260224142463,0.5436811197885065,0.7225272202899977,-0.8811978807454991,0,train,2,0,Presidio Heights,0,94118,0,37.78528443906,-122.45300612777
26IE-00400,29.0,3.4011973816621555,StrtImprov,Otros,Sin asignar,-0.9076139353104676,0.2111260224142463,0.5436811197885065,0.7225272202899977,-0.1104559803281815,1,test,8,0,Noe Valley,0,94114,0,37.75373627506,-122.43463263187
26EXC-04654,28.0,3.367295829986474,Excavation,Pacific Gas & Electric,Don Doan,-0.8561025954251895,0.2731237828443091,0.5436811197885065,0.7225272202899977,-0.5052262220053442,1,train,7,0,West of Twin Peaks,0,94116,0,37.741307110064,-122.47288190134
26EXC-04642,28.0,3.367295829986474,Excavation,Pacific Gas & Electric,Jeffrey Ramirez,-0.9247843819388938,0.4591170641344978,0.5436811197885065,1.3979926970998924,-0.1292545632651892,1,train,7,0,Inner Sunset,0,94122,0,37.75899413887,-122.47465902465
26EXC-04648,28.0,3.367295829986474,Excavation,Pacific Gas & Electric,Gabriel Howell,-0.9247843819388938,0.2689905988156383,0.5436811197885065,0.7225272202899977,-0.1292545632651892,1,train,3,0,Financial District/South Beach,0,94102,0,37.78651246942,-122.40721755857
26EXC-04461,28.0,3.367295829986474,Excavation,Pacific Gas & Electric,Mario Novoa,-0.9247843819388938,0.2855233349303218,0.5436811197885065,0.7225272202899977,-0.298441809698259,1,train,8,0,Noe Valley,0,94131,0,37.74829586103,-122.43045157604
26E-00524,17.0,2.8903717578961645,ExcStreet,Otros,Sin asignar,-0.9247843819388938,0.2028596543569046,0.5436811197885065,0.7225272202899977,0.4159043419080353,1,test,8,0,Glen Park,0,94131,0,37.74173935013,-122.43047656749
26TOC-03653,0.0,0.0,TempOccup,Pacific Gas & Electric,Sin asignar,-0.9247843819388938,0.2152592064429171,0.5436811197885065,0.7225272202899977,-0.8811978807454991,0,test,1,0,Outer Richmond,0,94121,0,37.78407361591,-122.48350793969
26TOC-03654,1.0,0.6931471805599453,TempOccup,Pacific Gas & Electric,Sin asignar,-0.9247843819388938,0.2111260224142463,0.5436811197885065,0.7225272202899977,-0.8811978807454991,0,train,2,0,Marina,0,94123,0,37.80615329431,-122.43592429599
26EXC-04649,28.0,3.367295829986474,Excavation,Pacific Gas & Electric,Jeffrey Ramirez,-0.9076139353104676,0.2235255745002588,0.5436811197885065,0.7225272202899977,-0.223247477950228,1,train,10,0,Potrero Hill,0,94107,0,37.757940744525,-122.388297994465
26TOC-03643,0.0,0.0,TempOccup,Pacific Gas & Electric,Sin asignar,-0.9247843819388938,0.2276587585289297,0.5436811197885065,0.7225272202899977,-0.8811978807454991,0,train,1,0,Outer Richmond,0,94121,0,37.78120188976,-122.50254922186
26TOC-03642,0.0,0.0,TempOccup,Pacific Gas & Electric,Sin asignar,-0.9247843819388938,0.2111260224142463,0.5436811197885065,0.7225272202899977,-0.8811978807454991,0,train,6,0,South of Market,0,94107,0,37.77985264093,-122.40390923278
26EXC-04638,28.0,3.367295829986474,Excavation,Pacific Gas & Electric,Don Doan,-0.9247843819388938,0.1821937342135502,0.5436811197885065,0.7225272202899977,-0.2608446438242435,1,test,7,0,Inner Sunset,0,94116,0,37.75332429884,-122.470405945
26TOC-03647,0.0,0.0,TempOccup,Pacific Gas & Electric,Sin asignar,-0.9247843819388938,0.2152592064429171,0.5436811197885065,0.7225272202899977,-0.8811978807454991,0,train,2,0,Presidio Heights,0,94118,0,37.78776189041,-122.45829012021
26EXC-04639,2.0,1.0986122886681098,Excavation,Otros,Jeffrey Ramirez,-0.9247843819388938,0.2276587585289297,0.5436811197885065,0.7225272202899977,-0.5240248049423519,1,train,3,0,Chinatown,0,94133,0,37.79784345752,-122.40684204717
26TOC-03674,0.0,0.0,TempOccup,Pacific Gas & Electric,Sin asignar,-0.9247843819388938,0.219392390471588,0.5436811197885065,0.7225272202899977,-0.8811978807454991,0,train,3,0,Tenderloin,0,94102,0,37.78492047559,-122.40858012071
26SC-00468,2.0,1.0986122886681098,Otros,Otros,Sin asignar,-0.9247843819388938,0.2111260224142463,0.5436811197885065,0.7225272202899977,-0.8811978807454991,0,train,4,0,Sunset/Parkside,0,94122,0,37.76207644585,-122.48575988626
26TOC-03649,0.0,0.0,TempOccup,Otros,Sin asignar,-0.9247843819388938,0.2276587585289297,0.5436811197885065,0.7225272202899977,-0.8811978807454991,0,train,9,0,Mission,0,94110,0,37.74953106092,-122.4150490387
26EXC-04647,13.0,2.6390573296152584,Excavation,Otros,Jeffrey Ramirez,-0.8389321487967634,0.3268551752170303,0.5436811197885065,1.060259958694945,0.2279185125379579,1,test,3,0,Chinatown,0,94111,0,37.79618166139,-122.40400122812999
26EXC-04655,14.0,2.70805020110221,Excavation,Otros,Sin asignar,-0.9247843819388938,0.2276587585289297,0.5436811197885065,0.7225272202899977,-0.6744134684384139,1,train,1,0,Outer Richmond,0,94121,0,37.77762339396,-122.47595677389
26TOC-03650,1.0,0.6931471805599453,TempOccup,Otros,Sin asignar,-0.9076139353104676,0.219392390471588,0.5436811197885065,0.7225272202899977,-0.8811978807454991,0,train,10,1,Bernal Heights,1,94112,1,37.72312627254,-122.411814922585
26EXC-04652,44.0,3.80666248977032,Excavation,Otros,Otros,-0.9247843819388938,0.1945932862995628,0.5436811197885065,0.7225272202899977,-0.6556148855014061,1,train,8,0,Noe Valley,0,94114,0,37.75002614574,-122.4301428667
26EXC-04643,59.0,4.0943445622221,Excavation,Pacific Gas & Electric,Mario Novoa,-0.9247843819388938,0.3144556231310177,0.5436811197885065,1.060259958694945,-0.4864276390683364,1,train,8,0,Noe Valley,0,94131,0,37.74469750711,-122.43677067438
26EXC-04651,14.0,2.70805020110221,Excavation,Otros,Sin asignar,-0.9247843819388938,0.2111260224142463,0.5436811197885065,0.7225272202899977,-0.6744134684384139,1,test,7,0,West of Twin Peaks,0,94116,0,37.74609018024,-122.47042991699
26EXC-04653,14.0,2.70805020110221,Excavation,Otros,Sin asignar,-0.9247843819388938,0.2111260224142463,0.5436811197885065,0.7225272202899977,-0.6744134684384139,1,train,4,0,Sunset/Parkside,0,94116,0,37.74374777939,-122.48111537484
26EXC-04586,11.0,2.4849066497880004,Excavation,Otros,Sin asignar,-0.9247843819388938,0.2400583106149423,0.5436811197885065,0.7225272202899977,-0.599219136690383,1,train,5,0,Tenderloin,0,94102,0,37.78266126645,-122.41619172977
26EXC-04607,44.0,3.80666248977032,Excavation,Otros,Otros,-0.9247843819388938,0.190460102270892,0.5436811197885065,0.7225272202899977,-0.6180177196273907,1,train,8,0,Glen Park,0,94131,0,37.73710152123,-122.42940673016
26EXC-04596,13.0,2.6390573296152584,Excavation,Otros,Otros,-0.9247843819388938,0.2111260224142463,0.5436811197885065,0.7225272202899977,0.7166816689001593,1,train,8,0,Castro/Upper Market,0,94114,0,37.76061406339,-122.44167317664
26EXC-04646,59.0,4.0943445622221,Excavation,Pacific Gas & Electric,Mario Novoa,-0.9247843819388938,0.2607242307582966,0.5436811197885065,0.7225272202899977,-0.4112333073203054,1,test,9,0,Bernal Heights,0,94110,0,37.73648153955,-122.41353079567
26EXC-04641,28.0,3.367295829986474,Excavation,Otros,Mario Novoa,-0.8904434886820416,0.2441914946436131,0.5436811197885065,0.7225272202899977,-0.5804205537533752,1,test,9,0,Bernal Heights,0,94110,0,37.7444822577,-122.42039489876
26TOC-03671,5.0,1.791759469228055,TempOccup,Pacific Gas & Electric,Sin asignar,-0.8904434886820416,0.2069928383855754,0.5436811197885065,0.7225272202899977,-0.8811978807454991,0,train,10,0,Potrero Hill,0,94107,0,37.75836417344333,-122.38836802854
26TOC-03658,1.0,0.6931471805599453,TempOccup,Pacific Gas & Electric,Sin asignar,-0.9247843819388938,0.2111260224142463,0.5436811197885065,0.7225272202899977,-0.8811978807454991,0,train,4,0,Sunset/Parkside,0,94132,0,37.7350000698,-122.48140733906
26TOC-03667,0.0,0.0,TempOccup,Pacific Gas & Electric,Sin asignar,-0.8904434886820416,0.2607242307582966,0.5436811197885065,0.7225272202899977,-0.8811978807454991,0,test,7,1,Oceanview/Merced/Ingleside,1,94132,0,37.721348686009996,-122.46448102246
26TOC-03661,1.0,0.6931471805599453,TempOccup,Pacific Gas & Electric,Sin asignar,-0.9076139353104676,0.2235255745002588,0.5436811197885065,0.7225272202899977,-0.8811978807454991,0,train,10,0,Visitacion Valley,0,94134,0,37.71305876204,-122.403445968455
26TOC-03662,0.0,0.0,TempOccup,Pacific Gas & Electric,Sin asignar,-0.9076139353104676,0.2359251265862714,0.5436811197885065,0.7225272202899977,-0.8811978807454991,0,train,11,0,Oceanview/Merced/Ingleside,0,94132,0,37.720730601460005,-122.464918579555
26TOC-03665,0.0,0.0,TempOccup,Pacific Gas & Electric,Sin asignar,-0.8904434886820416,0.2607242307582966,0.5436811197885065,0.7225272202899977,-0.8811978807454991,0,test,11,0,Oceanview/Merced/Ingleside,0,94132,0,37.720713610733334,-122.46507040037334
26E-00537,29.0,3.4011973816621555,ExcStreet,Otros,Sin asignar,-0.9247843819388938,0.190460102270892,0.5436811197885065,0.7225272202899977,0.2091199296009501,1,train,8,0,Haight Ashbury,0,94117,0,37.76805937427,-122.44470040758
26TOC-03677,1.0,0.6931471805599453,TempOccup,Pacific Gas & Electric,Sin asignar,-0.9247843819388938,0.2235255745002588,0.5436811197885065,0.7225272202899977,-0.8811978807454991,0,train,3,0,Financial District/South Beach,0,94104,0,37.78978857102,-122.40078873585
26TOC-03659,0.0,0.0,TempOccup,Pacific Gas & Electric,Sin asignar,-0.9076139353104676,0.2317919425576006,0.5436811197885065,0.7225272202899977,-0.8811978807454991,0,train,7,0,Inner Sunset,0,94116,1,37.752492982305,-122.46736089978
26TOC-03655,0.0,0.0,TempOccup,Pacific Gas & Electric,Sin asignar,-0.9247843819388938,0.2111260224142463,0.5436811197885065,0.7225272202899977,-0.8811978807454991,0,train,10,0,Bayview Hunters Point,0,94124,0,37.74056875324,-122.3849935993
26PKT-00093,98.0,4.59511985013459,Otros,Otros,Sin asignar,-0.9247843819388938,0.1863269182422211,0.5436811197885065,-0.2906709949248441,6.8826168722387004,1,train,2,0,Marina,0,94123,0,37.79783690065,-122.42861746271
26IE-00214,93.0,4.543294782270004,StrtImprov,Otros,Mario Novoa,-0.9247843819388938,0.2028596543569046,0.5436811197885065,0.3847944818850504,5.397528820215088,1,test,7,0,Twin Peaks,0,94131,0,37.75131949442,-122.45237903892
26IE-00160,29.0,3.4011973816621555,StrtImprov,Otros,Sin asignar,-0.9247843819388938,0.2069928383855754,0.5436811197885065,0.3847944818850504,2.3145612185458173,1,train,4,0,Sunset/Parkside,0,94116,0,37.74496033956,-122.50468599699
15WR-0364,3949.0,8.281470857895167,Wireless,"ExteNet Systems, Inc.",Sin asignar,-0.9247843819388938,0.1863269182422211,-2.417785063289399,-1.9793346869495807,-0.8811978807454991,0,train,3,0,Financial District/South Beach,0,94108,0,37.79329360636,-122.40438739945
24IE-00412,730.0,6.594413459749778,StrtImprov,Otros,Sin asignar,-0.7015685757693548,-0.276589692968915,0.247534501480716,1.3979926970998924,0.5662930054040973,1,test,10,0,Visitacion Valley,1,94134,1,37.71197972008286,-122.41922316921143
15WR-0435,3957.0,8.28349412616251,Wireless,Verizon Wireless,Sin asignar,-0.9247843819388938,0.1863269182422211,-2.417785063289399,-1.303869210139686,-0.8811978807454991,0,test,6,0,Financial District/South Beach,0,94103,0,37.78671332458,-122.40286361656
16WR-0165,3937.0,8.278428259199071,Wireless,"ExteNet Systems, Inc.",Sin asignar,-0.9076139353104676,0.1863269182422211,-2.417785063289399,1.060259958694945,-0.8811978807454991,0,train,3,0,Financial District/South Beach,0,94111,0,37.7938069506,-122.39871763552
15WR-0402,3935.0,8.277920258172143,Wireless,"ExteNet Systems, Inc.",Sin asignar,-0.9247843819388938,0.1863269182422211,-2.417785063289399,-0.2906709949248441,-0.8811978807454991,0,train,5,0,Hayes Valley,0,94102,0,37.77765775773,-122.42065245588
24EXC-04102,908.0,6.812345094177479,Excavation,"Cratus, Inc.",Gabriel Howell,2.028532438150391,0.2276587585289297,-0.0486121168270745,-1.9793346869495807,0.2467170954749656,1,train,1,1,Outer Richmond,1,94118,1,37.780617531440285,-122.47363554085827
16wr-0234,3938.0,8.278682162970906,Wireless,AT&T Mobility,Sin asignar,-0.9247843819388938,0.1863269182422211,-2.1216384449816084,-1.9793346869495807,-0.8811978807454991,0,train,6,0,Mission Bay,0,94107,0,37.77849746331,-122.39202268908
16WR-0356,3952.0,8.282230063296685,Wireless,"ExteNet Systems, Inc.",Sin asignar,-0.9247843819388938,0.1863269182422211,-2.1216384449816084,1.060259958694945,-0.8811978807454991,0,train,5,0,Tenderloin,0,94102,0,37.78393987086,-122.41158882656
16WR-0104,3937.0,8.278428259199071,Wireless,Otros,Sin asignar,-0.9247843819388938,0.1863269182422211,-1.529345208366027,-0.2906709949248441,-0.8811978807454991,0,train,1,0,Inner Richmond,0,94118,0,37.78646786923,-122.46343987161
25EXC-01752,564.0,6.336825731146441,Excavation,"Esquivel Grading & Paving, Inc.",Otros,0.7064080477615832,0.1987264703282337,0.247534501480716,-0.2906709949248441,0.3407100101600043,1,train,11,1,Outer Mission,1,94112,1,37.71850512943083,-122.4299280187876
21WR-00086,3944.0,8.280204233279974,Wireless,Otros,Sin asignar,-0.9247843819388938,0.1863269182422211,-0.937051971750446,1.7357254355048397,-0.8811978807454991,0,train,10,0,Bayview Hunters Point,0,94134,0,37.71051320738,-122.39932972631
18WR-0289,3941.0,8.279443487712665,Wireless,Otros,Sin asignar,-0.9247843819388938,0.1863269182422211,-1.529345208366027,-0.9661364717347388,-0.8811978807454991,0,train,1,0,Lone Mountain/USF,0,94118,0,37.78026842888,-122.44760720606
25EXC-02435,499.0,6.214608098422191,Excavation,Otros,Karl Johnson,-0.7187390223977809,0.1160627897548165,0.247534501480716,-0.6284037333297915,-0.148053146202197,1,test,6,0,Financial District/South Beach,0,94105,1,37.786650918704616,-122.40007015432539
24BW-00014,1837.0,7.516433302915632,Otros,Otros,Otros,-0.6157163426272245,0.2028596543569046,-0.0486121168270745,-0.2906709949248441,-0.8811978807454991,0,train,4,0,Sunset/Parkside,0,94116,1,37.74535528565053,-122.49262476762105
25EXC-00886,675.0,6.516193076042964,Excavation,LC General Engineering & Construction,Sin asignar,-0.289477856687129,0.0623313973820953,0.247534501480716,-1.6416019485446334,-0.3172403926352667,1,train,1,0,Outer Richmond,1,94121,0,37.775588367957894,-122.47957347356001
14WR-0052,4352.0,8.378620541552298,Wireless,"ExteNet Systems, Inc.",Sin asignar,-0.9247843819388938,0.1863269182422211,-2.713931681597189,-0.6284037333297915,-0.8811978807454991,0,train,3,0,Nob Hill,0,94133,0,37.79531271256,-122.41296079634
15WR-0342,3939.0,8.27893600229198,Wireless,Verizon Wireless,Sin asignar,-0.9247843819388938,0.1863269182422211,-2.713931681597189,1.7357254355048397,-0.8811978807454991,0,train,6,0,Financial District/South Beach,0,94107,0,37.78286123032,-122.39417009415
14wr-0058,4349.0,8.37793112408273,Wireless,"ExteNet Systems, Inc.",Sin asignar,-0.9247843819388938,0.1863269182422211,-2.713931681597189,-0.6284037333297915,-0.8811978807454991,0,train,3,0,Nob Hill,0,94108,0,37.794282662,-122.41248401411
15WR-0138,3933.0,8.277411998949004,Wireless,"ExteNet Systems, Inc.",Sin asignar,-0.9247843819388938,0.1863269182422211,-2.713931681597189,1.7357254355048397,-0.8811978807454991,0,train,3,0,Russian Hill,0,94109,0,37.79414574706,-122.42039689495
15WR-0419,3957.0,8.28349412616251,Wireless,"ExteNet Systems, Inc.",Sin asignar,-0.9247843819388938,0.1863269182422211,-2.417785063289399,-1.303869210139686,-0.8811978807454991,0,test,3,0,Financial District/South Beach,0,94111,0,37.79494824582,-122.397298121
19WR-00158,3930.0,8.27664912542186,Wireless,Otros,Sin asignar,-0.9247843819388938,0.1863269182422211,-1.529345208366027,0.3847944818850504,-0.8811978807454991,0,train,3,0,Nob Hill,0,94109,0,37.79375011666,-122.41441829954
16WR-0475,3934.0,8.277666160851503,Wireless,"ExteNet Systems, Inc.",Sin asignar,-0.9247843819388938,0.1863269182422211,-2.1216384449816084,-0.2906709949248441,-0.8811978807454991,0,train,3,0,Russian Hill,0,94109,0,37.80209524588,-122.4244360372
16WR-0135,3940.0,8.279189777195004,Wireless,Verizon Wireless,Otros,-0.9247843819388938,0.1863269182422211,-1.8254918266738176,-1.9793346869495807,-0.8811978807454991,0,train,2,0,Pacific Heights,0,94115,0,37.79147092992,-122.44141940289
16WR-0556,3934.0,8.277666160851503,Wireless,AT&T Mobility,Sin asignar,-0.9247843819388938,0.1863269182422211,-2.1216384449816084,-1.303869210139686,-0.8811978807454991,0,test,3,0,Financial District/South Beach,0,94111,0,37.80057002853,-122.4023250419
20wr-00007,3946.0,8.280711075662847,Wireless,Otros,Sin asignar,-0.9247843819388938,0.1863269182422211,-1.2331985900582365,0.0470617434801031,-0.8811978807454991,0,train,9,0,Mission,0,94110,0,37.75869930324,-122.41963469605
16WR-0211,3934.0,8.277666160851503,Wireless,Otros,Sin asignar,-0.9247843819388938,0.1863269182422211,-2.417785063289399,1.7357254355048397,-0.8811978807454991,0,test,3,0,Financial District/South Beach,0,94111,0,37.79549726937,-122.40011499781
17WR-0194,3927.0,8.275885669474356,Wireless,"ExteNet Systems, Inc.",Sin asignar,-0.9247843819388938,0.1863269182422211,-2.1216384449816084,0.7225272202899977,-0.8811978807454991,0,test,2,0,Western Addition,0,94109,0,37.78735970023,-122.42410407953
16WR-0568,3929.0,8.276394704863307,Wireless,AT&T Mobility,Otros,-0.9247843819388938,-1.2602874917925797,-1.8254918266738176,-1.303869210139686,-0.8811978807454991,0,test,6,0,South of Market,0,94107,0,37.78153288923,-122.39641276793
15WR-0035,3950.0,8.281723990411392,Wireless,"ExteNet Systems, Inc.",Sin asignar,-0.9247843819388938,0.1863269182422211,-2.417785063289399,-1.303869210139686,-0.8811978807454991,0,test,3,0,Chinatown,0,94108,0,37.79517711225,-122.40542872406
16WR-0319,3956.0,8.283241441385425,Wireless,"ExteNet Systems, Inc.",Sin asignar,-0.9247843819388938,0.1863269182422211,-2.1216384449816084,1.3979926970998924,-0.8811978807454991,0,train,9,0,Mission,0,94110,0,37.7586693026,-122.42063284444
15WR-0387,3929.0,8.276394704863307,Wireless,"ExteNet Systems, Inc.",Sin asignar,-0.9247843819388938,0.1863269182422211,-2.417785063289399,-1.9793346869495807,-0.8811978807454991,0,train,3,0,Nob Hill,0,94109,0,37.78747515147,-122.41820124604
16WR-0216,3946.0,8.280711075662847,Wireless,AT&T Mobility,Sin asignar,-0.9247843819388938,0.1863269182422211,-2.1216384449816084,-1.6416019485446334,-0.8811978807454991,0,train,6,0,Financial District/South Beach,0,94105,0,37.78898905326,-122.39829295327
14WR-0140,3947.0,8.280964400553373,Wireless,Otros,Sin asignar,-0.9247843819388938,0.1863269182422211,-2.713931681597189,1.7357254355048397,-0.8811978807454991,0,train,6,0,South of Market,0,94103,0,37.77433678252,-122.41307847119
18WR-0315,3928.0,8.27614021955846,Wireless,Otros,Sin asignar,-0.9247843819388938,0.1863269182422211,-1.2331985900582365,-1.6416019485446334,-0.8811978807454991,0,train,11,0,Excelsior,0,94112,0,37.72868218958,-122.42712827597
15WR-0144,3933.0,8.277411998949004,Wireless,"ExteNet Systems, Inc.",Sin asignar,-0.9247843819388938,0.1863269182422211,-2.713931681597189,1.7357254355048397,-0.8811978807454991,0,train,3,0,Nob Hill,0,94109,0,37.78924634208,-122.42065281431
16WR-0168,3942.0,8.279697133877628,Wireless,"ExteNet Systems, Inc.",Sin asignar,-0.9247843819388938,0.1863269182422211,-2.417785063289399,1.060259958694945,-0.8811978807454991,0,train,3,0,Nob Hill,0,94102,0,37.79011344937,-122.41000218486
17WR-0100,3927.0,8.275885669474356,Wireless,"ExteNet Systems, Inc.",Sin asignar,-0.9247843819388938,0.1863269182422211,-2.1216384449816084,0.3847944818850504,-0.8811978807454991,0,train,5,0,Hayes Valley,0,94102,0,37.77953560371,-122.4225523631
18WR-0241,3933.0,8.277411998949004,Wireless,Otros,Sin asignar,-0.9247843819388938,0.1863269182422211,-1.529345208366027,-0.9661364717347388,-0.8811978807454991,0,train,2,0,Marina,0,94123,0,37.80182600609,-122.43548134837
25EXC-00254,668.0,6.505784060128229,Excavation,Otros,Sin asignar,-0.049091603889164,0.2152592064429171,0.247534501480716,-1.303869210139686,0.5474944224670896,1,train,6,1,Tenderloin,1,Desconocido,1,37.78314651603058,-122.40886723856808
17WR-0244,3941.0,8.279443487712665,Wireless,Verizon Wireless,Sin asignar,-0.9247843819388938,0.1863269182422211,-2.1216384449816084,1.3979926970998924,-0.8811978807454991,0,train,6,0,South of Market,0,94103,0,37.78104424863,-122.40573171892
19WR-00100,3941.0,8.279443487712665,Wireless,Otros,Sin asignar,-0.9247843819388938,0.1863269182422211,-1.529345208366027,0.0470617434801031,-0.8811978807454991,0,train,3,0,North Beach,0,94133,0,37.80027272168,-122.40445407914
17WR-0099,3937.0,8.278428259199071,Wireless,"ExteNet Systems, Inc.",Sin asignar,-0.9247843819388938,0.1863269182422211,-2.1216384449816084,1.060259958694945,-0.8811978807454991,0,train,5,0,Hayes Valley,0,94102,0,37.77765776019,-122.42065230492
18WR-0236,3948.0,8.28121766128665,Wireless,Otros,Sin asignar,-0.9247843819388938,0.1863269182422211,-1.529345208366027,-0.9661364717347388,-0.8811978807454991,0,train,2,0,Marina,0,94123,0,37.80579833702,-122.4395886293
15WR-0442,3951.0,8.281977058867758,Wireless,Verizon Wireless,Sin asignar,-0.9247843819388938,0.1863269182422211,-2.417785063289399,1.7357254355048397,-0.8811978807454991,0,test,6,0,South of Market,0,94103,0,37.7780961129,-122.40897942807
20WR-00038,3930.0,8.27664912542186,Wireless,Otros,Sin asignar,-0.9247843819388938,0.1863269182422211,-1.2331985900582365,1.060259958694945,-0.8811978807454991,0,train,1,0,Inner Richmond,0,94118,0,37.78322369286,-122.461773594
16WR-0292,3938.0,8.278682162970906,Wireless,AT&T Mobility,Sin asignar,-0.9247843819388938,0.1863269182422211,-2.1216384449816084,-1.6416019485446334,-0.8811978807454991,0,train,6,0,South of Market,0,94103,0,37.7835194765,-122.40081676324
15wr-0028,3955.0,8.282988692742602,Wireless,"ExteNet Systems, Inc.",Sin asignar,-0.9247843819388938,0.1863269182422211,-2.417785063289399,-1.303869210139686,-0.8811978807454991,0,train,5,0,Tenderloin,0,94102,0,37.78032084609,-122.41537865921
16WR-0128,3928.0,8.27614021955846,Wireless,Verizon Wireless,Sin asignar,-0.9247843819388938,0.1863269182422211,-2.1216384449816084,-1.303869210139686,-0.8811978807454991,0,test,2,0,Marina,0,94123,0,37.79664845116,-122.43981275455
16WR-0008,3946.0,8.280711075662847,Wireless,Verizon Wireless,Sin asignar,-0.9076139353104676,0.1863269182422211,-2.1216384449816084,-1.9793346869495807,-0.8811978807454991,0,train,2,0,Marina,0,94123,0,37.80365873082,-122.44297373971
16WR-0303,3931.0,8.276903481267057,Wireless,AT&T Mobility,Sin asignar,-0.9247843819388938,0.1863269182422211,-2.1216384449816084,-1.6416019485446334,-0.8811978807454991,0,train,3,0,Financial District/South Beach,0,94111,0,37.79494824582,-122.397298121
16WR-0164,3937.0,8.278428259199071,Wireless,"ExteNet Systems, Inc.",Sin asignar,-0.9247843819388938,0.1863269182422211,-2.417785063289399,1.060259958694945,-0.8811978807454991,0,train,3,0,Chinatown,0,94111,0,37.79414404643,-122.40288516468
18WR-0341,3926.0,8.27563105457801,Wireless,"ExteNet Systems, Inc.",Sin asignar,-0.9247843819388938,0.1863269182422211,-1.529345208366027,-1.9793346869495807,-0.8811978807454991,0,train,9,0,Mission,0,94110,0,37.75398839001,-122.41826801102
18WR-0340,3935.0,8.277920258172143,Wireless,Otros,Sin asignar,-0.9247843819388938,0.1863269182422211,-1.529345208366027,0.0470617434801031,-0.8811978807454991,0,train,2,0,Presidio Heights,0,94118,0,37.78819152181,-122.44804819493
19WR-00071,3945.0,8.28045768658256,Wireless,Otros,Sin asignar,-0.9247843819388938,0.1863269182422211,-1.529345208366027,1.3979926970998924,-0.8811978807454991,0,test,1,0,Outer Richmond,0,94121,0,37.77824712855,-122.47828763141
17WR-0068,3936.0,8.278174290943738,Wireless,"ExteNet Systems, Inc.",Sin asignar,-0.9247843819388938,0.1863269182422211,-2.1216384449816084,0.3847944818850504,-0.8811978807454991,0,train,3,0,Nob Hill,0,94109,0,37.79222825672,-122.42194402525
16WR-0127,3952.0,8.282230063296685,Wireless,Otros,Sin asignar,-0.9247843819388938,0.1863269182422211,-1.2331985900582365,-1.6416019485446334,-0.8811978807454991,0,train,2,0,Pacific Heights,0,94115,0,37.79111359246,-122.44422723481
18WR-0109,3950.0,8.281723990411392,Wireless,Otros,Sin asignar,-0.9247843819388938,0.1863269182422211,-1.529345208366027,-0.9661364717347388,-0.8811978807454991,0,train,2,0,Marina,0,94123,0,37.80182600609,-122.43548134837
16WR-0037,3932.0,8.27715777243181,Wireless,Otros,Sin asignar,-0.9247843819388938,0.1863269182422211,-2.417785063289399,0.7225272202899977,-0.8811978807454991,0,train,6,0,Financial District/South Beach,0,94105,0,37.78889077757,-122.39524965519
15WR-0414,3953.0,8.282483003730562,Wireless,"ExteNet Systems, Inc.",Sin asignar,-0.9247843819388938,0.1863269182422211,-2.417785063289399,-0.6284037333297915,-0.8811978807454991,0,train,3,0,Nob Hill,0,94109,0,37.79490419546,-122.41609326801
14WR-0130,3956.0,8.283241441385425,Wireless,Verizon Wireless,Sin asignar,-0.9247843819388938,0.1863269182422211,-2.713931681597189,1.7357254355048397,-0.8811978807454991,0,train,6,0,South of Market,0,94107,0,37.77964307739,-122.40292737536
16WR-0447,3932.0,8.27715777243181,Wireless,"ExteNet Systems, Inc.",Sin asignar,-0.9247843819388938,0.1863269182422211,-2.1216384449816084,-0.9661364717347388,-0.8811978807454991,0,test,6,0,South of Market,0,94103,0,37.78198829758,-122.40734710948
16WR-0270,3938.0,8.278682162970906,Wireless,AT&T Mobility,Sin asignar,-0.9247843819388938,0.1863269182422211,-2.1216384449816084,-1.9793346869495807,-0.8811978807454991,0,test,6,0,Financial District/South Beach,0,94105,0,37.79167697813,-122.39178381002
15WR-0443,3955.0,8.282988692742602,Wireless,Verizon Wireless,Sin asignar,-0.9247843819388938,0.1863269182422211,-2.417785063289399,0.0470617434801031,-0.8811978807454991,0,train,6,0,South of Market,0,94103,0,37.77472393093,-122.41324959403
15WR-0176,3949.0,8.281470857895167,Wireless,"ExteNet Systems, Inc.",Sin asignar,-0.9247843819388938,0.1863269182422211,-2.417785063289399,-1.9793346869495807,-0.8811978807454991,0,test,5,0,Tenderloin,0,94109,0,37.7832639116,-122.41757017775
20WR-00065,3932.0,8.27715777243181,Wireless,Otros,Sin asignar,-0.9247843819388938,0.1863269182422211,-0.937051971750446,-0.6284037333297915,-0.8811978807454991,0,test,10,0,Bayview Hunters Point,0,94134,0,37.71109684889,-122.39173075301
25EXC-00745,692.0,6.541029999189903,Excavation,Otros,Sin asignar,-0.4268414297145376,0.2441914946436131,0.247534501480716,-1.303869210139686,-0.148053146202197,1,train,6,1,Mission,0,94103,1,37.76996306320434,-122.41885619983934
18WR-0342,3934.0,8.277666160851503,Wireless,"ExteNet Systems, Inc.",Sin asignar,-0.9247843819388938,0.1863269182422211,-1.529345208366027,-1.6416019485446334,-0.8811978807454991,0,train,9,0,Mission,0,94110,0,37.75724104335,-122.41679609774
18wr-0366,3948.0,8.28121766128665,Wireless,Otros,Sin asignar,-0.9247843819388938,0.1863269182422211,-1.2331985900582365,-0.2906709949248441,-0.8811978807454991,0,train,11,0,Excelsior,0,94112,0,37.72411110083,-122.42945314248
17WR-0307,3955.0,8.282988692742602,Wireless,"ExteNet Systems, Inc.",Sin asignar,-0.9076139353104676,0.1863269182422211,-1.529345208366027,-1.9793346869495807,-0.8811978807454991,0,train,3,0,North Beach,0,94133,0,37.80294717035,-122.41108155526
16WR-0202,3944.0,8.280204233279974,Wireless,"ExteNet Systems, Inc.",Sin asignar,-0.8904434886820416,0.1863269182422211,-2.417785063289399,1.060259958694945,-0.8811978807454991,0,train,3,0,North Beach,0,94133,0,37.79967708739,-122.40661014398
18WR-0060,3937.0,8.278428259199071,Wireless,AT&T Mobility,Otros,-0.9247843819388938,0.1863269182422211,-1.8254918266738176,0.7225272202899977,-0.8811978807454991,0,train,8,0,Haight Ashbury,0,94117,0,37.76213137647,-122.44672315321
16WR-0300,3931.0,8.276903481267057,Wireless,AT&T Mobility,Sin asignar,-0.9247843819388938,0.1863269182422211,-2.1216384449816084,-1.6416019485446334,-0.8811978807454991,0,train,3,0,Financial District/South Beach,0,94111,0,37.79208536038,-122.39936752444
18WR-0232,3951.0,8.281977058867758,Wireless,"ExteNet Systems, Inc.",Sin asignar,-0.9247843819388938,0.1863269182422211,-1.529345208366027,-1.6416019485446334,-0.8811978807454991,0,train,3,0,North Beach,0,94133,0,37.80569792318,-122.40764037771
19WR-00082,3945.0,8.28045768658256,Wireless,Otros,Sin asignar,-0.9247843819388938,0.1863269182422211,-1.529345208366027,1.3979926970998924,-0.8811978807454991,0,train,10,0,Bayview Hunters Point,0,94124,0,37.73991813823,-122.39129366171
16WR-0313,3931.0,8.276903481267057,Wireless,"ExteNet Systems, Inc.",Sin asignar,-0.9247843819388938,0.1863269182422211,-2.1216384449816084,-0.6284037333297915,-0.8811978807454991,0,train,8,0,Mission,0,94110,0,37.74897064496,-122.42150974227
16WR-0132,3948.0,8.28121766128665,Wireless,Verizon Wireless,Sin asignar,-0.9247843819388938,0.1863269182422211,-2.1216384449816084,-1.303869210139686,-0.8811978807454991,0,test,2,0,Pacific Heights,0,94115,0,37.78914870853,-122.43372953799
18WR-0268,3935.0,8.277920258172143,Wireless,Verizon Wireless,Sin asignar,-0.9247843819388938,0.1863269182422211,-1.529345208366027,-1.9793346869495807,-0.8811978807454991,0,test,2,0,Marina,0,94123,0,37.7993113245,-122.44460074266
15WR-0007,3942.0,8.279697133877628,Wireless,"ExteNet Systems, Inc.",Sin asignar,-0.9247843819388938,0.1863269182422211,-2.713931681597189,1.7357254355048397,-0.8811978807454991,0,train,3,0,Russian Hill,0,94133,0,37.80423633764,-122.41821743132
19WR-00264,3932.0,8.27715777243181,Wireless,Otros,Sin asignar,-0.9247843819388938,0.1863269182422211,-1.2331985900582365,-1.6416019485446334,-0.8811978807454991,0,train,9,0,Mission,0,94110,0,37.75158112546,-122.40792562131
15WR-0219,3945.0,8.28045768658256,Wireless,Verizon Wireless,Sin asignar,-0.9247843819388938,0.1863269182422211,-2.417785063289399,-1.6416019485446334,-0.8811978807454991,0,train,6,0,Financial District/South Beach,0,94105,0,37.78884292732,-122.40094441564
17WR-0210,3938.0,8.278682162970906,Wireless,AT&T Mobility,Sin asignar,-0.9247843819388938,0.1863269182422211,-2.1216384449816084,0.7225272202899977,-0.8811978807454991,0,train,6,0,Financial District/South Beach,0,94105,0,37.78935328243,-122.39766163064
16WR-0266,3944.0,8.280204233279974,Wireless,AT&T Mobility,Sin asignar,-0.9247843819388938,0.1863269182422211,-2.1216384449816084,-1.9793346869495807,-0.8811978807454991,0,train,6,0,Financial District/South Beach,0,94105,0,37.79092261167,-122.39322506134
20WR-00048,3947.0,8.280964400553373,Wireless,Otros,Sin asignar,-0.9247843819388938,0.1863269182422211,-1.2331985900582365,1.3979926970998924,-0.8811978807454991,0,train,11,0,Outer Mission,0,94112,0,37.71481363993,-122.44260878099
20WR-00044,3950.0,8.281723990411392,Wireless,Otros,Sin asignar,-0.9247843819388938,0.1863269182422211,-0.937051971750446,-1.9793346869495807,-0.8811978807454991,0,train,9,0,Mission,0,94110,0,37.76045196323,-122.41730661176
16WR-0192,3938.0,8.278682162970906,Wireless,AT&T Mobility,Sin asignar,-0.9247843819388938,0.1863269182422211,-2.1216384449816084,-1.9793346869495807,-0.8811978807454991,0,train,3,0,Financial District/South Beach,0,94111,0,37.79412669575,-122.39921662117
18WR-0377,3930.0,8.27664912542186,Wireless,"ExteNet Systems, Inc.",Sin asignar,-0.9247843819388938,0.1863269182422211,-1.529345208366027,-0.9661364717347388,-0.8811978807454991,0,train,3,0,Financial District/South Beach,0,94104,0,37.79138989211,-122.40285879512
16WR-0367,3943.0,8.279950715722526,Wireless,"ExteNet Systems, Inc.",Sin asignar,-0.9247843819388938,0.1863269182422211,-2.1216384449816084,-1.303869210139686,-0.8811978807454991,0,test,5,0,Hayes Valley,0,94102,0,37.77579738177,-122.42508323145
18WR-0031,3938.0,8.278682162970906,Wireless,Otros,Sin asignar,-0.9247843819388938,0.1863269182422211,-1.8254918266738176,0.0470617434801031,-0.8811978807454991,0,train,5,0,Tenderloin,0,94109,0,37.78307965323,-122.42044553226
15WR-0279,3955.0,8.282988692742602,Wireless,"ExteNet Systems, Inc.",Sin asignar,-0.9247843819388938,0.1863269182422211,-2.417785063289399,-1.303869210139686,-0.8811978807454991,0,train,6,0,Tenderloin,0,94102,0,37.77862072638,-122.41524405749
18WR-0145,3926.0,8.27563105457801,Wireless,Verizon Wireless,Sin asignar,-0.9247843819388938,0.1863269182422211,-1.529345208366027,-1.9793346869495807,-0.8811978807454991,0,test,8,0,Castro/Upper Market,0,94114,0,37.76725381408,-122.43488963417
16wr-0036,3941.0,8.279443487712665,Wireless,Otros,Sin asignar,-0.9247843819388938,0.1863269182422211,-2.417785063289399,1.3979926970998924,-0.8811978807454991,0,train,6,0,Financial District/South Beach,0,94105,0,37.78703694575,-122.39865394029
15WR-0268,3934.0,8.277666160851503,Wireless,Verizon Wireless,Sin asignar,-0.9247843819388938,0.1863269182422211,-2.417785063289399,-1.6416019485446334,-0.8811978807454991,0,train,6,0,Financial District/South Beach,0,94105,0,37.78889077757,-122.39524965519
21WR-00030,3934.0,8.277666160851503,Wireless,Otros,Sin asignar,-0.9247843819388938,0.1863269182422211,-0.937051971750446,-0.2906709949248441,-0.8811978807454991,0,train,9,0,Bernal Heights,0,94110,0,37.7437909012,-122.41020649748
18WR-0056,3931.0,8.276903481267057,Wireless,AT&T Mobility,Sin asignar,-0.9076139353104676,0.1863269182422211,-1.8254918266738176,1.060259958694945,-0.8811978807454991,0,train,2,0,Lone Mountain/USF,0,94115,0,37.77943368244,-122.44376838036
25IE-00072,639.0,6.461468176353717,StrtImprov,Otros,Sin asignar,-0.8561025954251895,0.3557874634177264,0.247534501480716,-0.9661364717347388,-0.1668517291392047,1,train,6,0,Mission Bay,0,Desconocido,1,37.774228129549996,-122.391655853414
15WR-0594,3945.0,8.28045768658256,Wireless,Otros,Sin asignar,-0.9247843819388938,0.1863269182422211,-2.417785063289399,-0.9661364717347388,-0.8811978807454991,0,train,4,0,Sunset/Parkside,0,94122,0,37.7579082313,-122.49929977361
17WR-0349,3949.0,8.281470857895167,Wireless,AT&T Mobility,Sin asignar,-0.9247843819388938,0.1863269182422211,-1.8254918266738176,0.3847944818850504,-0.8811978807454991,0,train,4,0,Lakeshore,0,94132,0,37.73103694268,-122.48356628961
18WR-0255,3934.0,8.277666160851503,Wireless,"ExteNet Systems, Inc.",Sin asignar,-0.9247843819388938,0.1863269182422211,-1.529345208366027,-1.9793346869495807,-0.8811978807454991,0,test,2,0,Japantown,0,94115,0,37.78390886796,-122.44190902269
16WR-0535,3952.0,8.282230063296685,Wireless,"ExteNet Systems, Inc.",Sin asignar,-0.9247843819388938,0.1863269182422211,-2.1216384449816084,-0.2906709949248441,-0.8811978807454991,0,train,3,0,Chinatown,0,94133,0,37.7967123382,-122.41164710758
18WR-0091,3943.0,8.279950715722526,Wireless,Otros,Sin asignar,-0.9247843819388938,0.1863269182422211,-1.529345208366027,-0.9661364717347388,-0.8811978807454991,0,train,2,0,Marina,0,94123,0,37.80423776965,-122.43982820734
15WR-0159,3953.0,8.282483003730562,Wireless,"ExteNet Systems, Inc.",Sin asignar,-0.9247843819388938,0.1863269182422211,-2.417785063289399,0.7225272202899977,-0.8811978807454991,0,train,3,0,Russian Hill,0,94133,0,37.79983463402,-122.41514560501
16WR-0209,3938.0,8.278682162970906,Wireless,Otros,Sin asignar,-0.9247843819388938,0.1863269182422211,-2.1216384449816084,-1.303869210139686,-0.8811978807454991,0,test,3,0,Financial District/South Beach,0,Desconocido,0,37.79618605812,-122.39815206704
16WR-0392,3930.0,8.27664912542186,Wireless,"ExteNet Systems, Inc.",Sin asignar,-0.9247843819388938,0.1863269182422211,-2.1216384449816084,0.0470617434801031,-0.8811978807454991,0,train,10,0,Bayview Hunters Point,0,94124,0,37.73269265582,-122.39348654449
17WR-0264,3933.0,8.277411998949004,Wireless,Verizon Wireless,Otros,-0.9247843819388938,0.1863269182422211,-1.8254918266738176,-0.6284037333297915,-0.8811978807454991,0,test,5,0,Haight Ashbury,0,94117,0,37.77138649853,-122.43511434707
16WR-0119,3928.0,8.27614021955846,Wireless,Verizon Wireless,Sin asignar,-0.9247843819388938,0.1863269182422211,-2.1216384449816084,-1.6416019485446334,-0.8811978807454991,0,test,2,0,Presidio Heights,0,94115,0,37.78747408844,-122.44613564071
18WR-0387,3935.0,8.277920258172143,Wireless,Otros,Sin asignar,-0.9247843819388938,0.1863269182422211,-1.529345208366027,0.3847944818850504,-0.8811978807454991,0,test,6,0,South of Market,0,94103,0,37.77606731825,-122.41369464001
17WR-0300,3949.0,8.281470857895167,Wireless,"ExteNet Systems, Inc.",Otros,-0.9076139353104676,0.1863269182422211,-1.8254918266738176,-0.2906709949248441,-0.8811978807454991,0,train,5,0,Western Addition,0,94115,0,37.77978060965,-122.42677705632
15WR-0470,3929.0,8.276394704863307,Wireless,"ExteNet Systems, Inc.",Sin asignar,-0.9247843819388938,0.1863269182422211,-2.417785063289399,-1.9793346869495807,-0.8811978807454991,0,train,3,0,Financial District/South Beach,0,94111,0,37.79543711396,-122.39846331564
16WR-0560,3938.0,8.278682162970906,Wireless,AT&T Mobility,Sin asignar,-0.9247843819388938,0.1863269182422211,-2.1216384449816084,-1.303869210139686,-0.8811978807454991,0,train,6,0,Financial District/South Beach,0,94105,0,37.79136982602,-122.39526727998
18WR-0346,3946.0,8.280711075662847,Wireless,"ExteNet Systems, Inc.",Sin asignar,-0.9247843819388938,0.1863269182422211,-1.529345208366027,-0.2906709949248441,-0.8811978807454991,0,train,11,0,Excelsior,0,94112,0,37.72140460541,-122.43312974061
17WR-0083,3946.0,8.280711075662847,Wireless,AT&T Mobility,Sin asignar,-0.9247843819388938,0.1863269182422211,-2.1216384449816084,0.3847944818850504,-0.8811978807454991,0,train,3,0,Chinatown,0,94111,0,37.79554992018,-122.40211967472
16WR-0279,3943.0,8.279950715722526,Wireless,Otros,Sin asignar,-0.9247843819388938,0.1863269182422211,-2.1216384449816084,-1.303869210139686,-0.8811978807454991,0,train,6,0,South of Market,0,94107,0,37.78318510247,-122.39907114949
16WR-0390,3936.0,8.278174290943738,Wireless,"ExteNet Systems, Inc.",Sin asignar,-0.9247843819388938,0.1863269182422211,-2.1216384449816084,0.7225272202899977,-0.8811978807454991,0,train,10,0,Bayview Hunters Point,0,94124,0,37.73297257965,-122.39438104327
16WR-0237,3946.0,8.280711075662847,Wireless,AT&T Mobility,Sin asignar,-0.9247843819388938,0.1863269182422211,-2.1216384449816084,-1.6416019485446334,-0.8811978807454991,0,test,6,0,Financial District/South Beach,0,94105,0,37.78891253248,-122.40039533445
20IE-00027,184.0,5.220355825078324,StrtImprov,Otros,Otros,-0.9247843819388938,0.1863269182422211,0.5436811197885065,0.3847944818850504,-0.3360389755722744,1,test,4,0,Sunset/Parkside,0,94122,0,37.75343885276,-122.50742427352
15WR-0607,3925.0,8.275376374836407,Wireless,"ExteNet Systems, Inc.",Sin asignar,-0.9247843819388938,0.1863269182422211,-2.417785063289399,1.060259958694945,-0.8811978807454991,0,train,3,0,Nob Hill,0,94109,0,37.7919542197,-122.4165414773
16WR-0271,3940.0,8.279189777195004,Wireless,AT&T Mobility,Sin asignar,-0.9076139353104676,0.1863269182422211,-2.1216384449816084,-0.6284037333297915,-0.8811978807454991,0,train,3,0,Financial District/South Beach,0,94111,0,37.80035306545,-122.40104685347
19WR-00075,3948.0,8.28121766128665,Wireless,Otros,Sin asignar,-0.9247843819388938,0.1863269182422211,-1.2331985900582365,-1.9793346869495807,-0.8811978807454991,0,test,5,0,Haight Ashbury,0,94117,0,37.77110719821,-122.44482240369
15WR-0190,3956.0,8.283241441385425,Wireless,"ExteNet Systems, Inc.",Sin asignar,-0.9247843819388938,0.1863269182422211,-2.713931681597189,1.7357254355048397,-0.8811978807454991,0,test,5,0,Tenderloin,0,94109,0,37.78479093689,-122.41762805905
19WR-00095,3944.0,8.280204233279974,Wireless,Otros,Sin asignar,-0.9247843819388938,0.1863269182422211,-1.529345208366027,0.3847944818850504,-0.8811978807454991,0,train,3,0,Financial District/South Beach,0,94111,0,37.79590647368,-122.39686470558
17WR-0201,3945.0,8.28045768658256,Wireless,AT&T Mobility,Sin asignar,-0.9247843819388938,0.1863269182422211,-2.1216384449816084,1.060259958694945,-0.8811978807454991,0,test,3,0,Financial District/South Beach,0,94111,0,37.79494824582,-122.397298121
16WR-0496,3952.0,8.282230063296685,Wireless,"ExteNet Systems, Inc.",Sin asignar,-0.9247843819388938,0.1863269182422211,-2.1216384449816084,-0.9661364717347388,-0.8811978807454991,0,train,3,0,Chinatown,0,94133,0,37.79741733743,-122.40913602077
17WR-0103,3941.0,8.279443487712665,Wireless,"ExteNet Systems, Inc.",Sin asignar,-0.9247843819388938,0.1863269182422211,-2.1216384449816084,0.7225272202899977,-0.8811978807454991,0,train,2,0,Pacific Heights,0,94109,0,37.79085594567,-122.42279596944
15WR-0185,3932.0,8.27715777243181,Wireless,"ExteNet Systems, Inc.",Sin asignar,-0.9247843819388938,0.1863269182422211,-2.417785063289399,-1.6416019485446334,-0.8811978807454991,0,train,3,0,North Beach,0,94133,0,37.80230508954,-122.41069531391
17WR-0278,3943.0,8.279950715722526,Wireless,AT&T Mobility,Sin asignar,-0.9247843819388938,0.1863269182422211,-1.8254918266738176,-0.9661364717347388,-0.8811978807454991,0,train,3,0,Financial District/South Beach,0,94104,0,37.78905936898,-122.40200995889
16WR-0397,3943.0,8.279950715722526,Wireless,"ExteNet Systems, Inc.",Sin asignar,-0.9076139353104676,0.1863269182422211,-2.1216384449816084,1.7357254355048397,-0.8811978807454991,0,train,6,0,Financial District/South Beach,0,94107,0,37.785596803095,-122.39041609245001
20WR-00032,3947.0,8.280964400553373,Wireless,Otros,Sin asignar,-0.9247843819388938,0.1863269182422211,-1.2331985900582365,1.060259958694945,-0.8811978807454991,0,train,3,0,Russian Hill,0,94109,0,37.80139350691,-122.42316441366
15WR-0363,3931.0,8.276903481267057,Wireless,"ExteNet Systems, Inc.",Sin asignar,-0.9247843819388938,0.1863269182422211,-2.417785063289399,-1.6416019485446334,-0.8811978807454991,0,train,6,0,Financial District/South Beach,0,94105,0,37.79278430631,-122.39674423996
15WR-0302,3939.0,8.27893600229198,Wireless,"ExteNet Systems, Inc.",Sin asignar,-0.9247843819388938,0.1863269182422211,-2.417785063289399,-0.9661364717347388,-0.8811978807454991,0,train,5,0,Tenderloin,0,94102,0,37.78353138692,-122.40938135699
16WR-0286,3934.0,8.277666160851503,Wireless,AT&T Mobility,Sin asignar,-0.9247843819388938,0.1863269182422211,-2.1216384449816084,-1.6416019485446334,-0.8811978807454991,0,train,3,0,Financial District/South Beach,0,94111,0,37.79529367244,-122.39915245809
15WR-0164,3939.0,8.27893600229198,Wireless,"ExteNet Systems, Inc.",Sin asignar,-0.9247843819388938,0.1863269182422211,-2.713931681597189,1.7357254355048397,-0.8811978807454991,0,train,3,0,Nob Hill,0,94108,0,37.7936192836,-122.41271265848
16WR-0203,3942.0,8.279697133877628,Wireless,"ExteNet Systems, Inc.",Sin asignar,-0.9247843819388938,0.1863269182422211,-2.417785063289399,1.060259958694945,-0.8811978807454991,0,train,5,0,Tenderloin,0,94109,0,37.78587073599,-122.41890778251
16WR-0274,3938.0,8.278682162970906,Wireless,AT&T Mobility,Sin asignar,-0.9247843819388938,0.1863269182422211,-2.1216384449816084,-1.9793346869495807,-0.8811978807454991,0,train,6,0,Financial District/South Beach,0,94105,0,37.79195943868,-122.39763628307
15WR-0294,3944.0,8.280204233279974,Wireless,"ExteNet Systems, Inc.",Sin asignar,-0.9247843819388938,0.1863269182422211,-2.417785063289399,-0.6284037333297915,-0.8811978807454991,0,train,3,0,Nob Hill,0,94102,0,37.78924427587,-122.40954767834
18WR-0138,3944.0,8.280204233279974,Wireless,Otros,Sin asignar,-0.9247843819388938,0.1863269182422211,-1.529345208366027,-0.2906709949248441,-0.8811978807454991,0,train,2,0,Pacific Heights,0,94109,0,37.78972558807,-122.42622564604
16WR-0396,3931.0,8.276903481267057,Wireless,"ExteNet Systems, Inc.",Sin asignar,-0.9247843819388938,0.1863269182422211,-2.1216384449816084,0.7225272202899977,-0.8811978807454991,0,train,10,0,Bayview Hunters Point,0,Desconocido,0,37.73735074406,-122.39352363239
16WR-0269,3939.0,8.27893600229198,Wireless,AT&T Mobility,Sin asignar,-0.9247843819388938,0.1863269182422211,-2.1216384449816084,-1.9793346869495807,-0.8811978807454991,0,train,6,0,Financial District/South Beach,0,94105,0,37.79226473718,-122.39284682405
18WR-0029,3934.0,8.277666160851503,Wireless,Otros,Sin asignar,-0.9247843819388938,0.1863269182422211,-1.8254918266738176,0.0470617434801031,-0.8811978807454991,0,train,6,0,South of Market,0,94103,0,37.76989443056,-122.40742313715
17WR-0105,3930.0,8.27664912542186,Wireless,"ExteNet Systems, Inc.",Sin asignar,-0.9247843819388938,0.1863269182422211,-2.1216384449816084,0.7225272202899977,-0.8811978807454991,0,train,2,0,Western Addition,0,94109,0,37.78258759969,-122.42285058319
16WR-0346,3937.0,8.278428259199071,Wireless,"ExteNet Systems, Inc.",Sin asignar,-0.9247843819388938,0.1863269182422211,-2.1216384449816084,0.0470617434801031,-0.8811978807454991,0,train,9,0,Mission,0,94110,0,37.75261243777,-122.41434298308
20WR-00020,3944.0,8.280204233279974,Wireless,Otros,Sin asignar,-0.9247843819388938,0.1863269182422211,-1.2331985900582365,0.7225272202899977,-0.8811978807454991,0,train,3,0,Nob Hill,0,94109,0,37.78960935951,-122.4139809085
17WR-0221,3935.0,8.277920258172143,Wireless,Otros,Otros,-0.9247843819388938,0.1863269182422211,-2.1216384449816084,1.3979926970998924,-0.8811978807454991,0,train,1,0,Outer Richmond,0,94118,0,37.77325408998,-122.47266183912
16WR-0519,3947.0,8.280964400553373,Wireless,"ExteNet Systems, Inc.",Sin asignar,-0.9247843819388938,0.1863269182422211,-2.1216384449816084,0.0470617434801031,-0.8811978807454991,0,train,3,0,North Beach,0,94133,0,37.80037239009,-122.4101834411
14WR-0065,4352.0,8.378620541552298,Wireless,"ExteNet Systems, Inc.",Otros,-0.9247843819388938,0.1863269182422211,-2.713931681597189,-0.6284037333297915,-0.8811978807454991,0,train,3,0,Chinatown,0,94133,0,37.79798381159,-122.41073705711
18WR-0396,3939.0,8.27893600229198,Wireless,Otros,Sin asignar,-0.9247843819388938,0.1863269182422211,-1.529345208366027,-0.2906709949248441,-0.8811978807454991,0,train,11,0,Excelsior,0,94112,0,37.72297994346,-122.43084624561
18WR-0168,3950.0,8.281723990411392,Wireless,AT&T Mobility,Sin asignar,-0.9247843819388938,0.1863269182422211,-1.8254918266738176,1.3979926970998924,-0.8811978807454991,0,train,2,0,Presidio Heights,0,94115,0,37.78838082015,-122.44656157287
14WR-0120,3956.0,8.283241441385425,Wireless,"ExteNet Systems, Inc.",Otros,-0.9247843819388938,0.1863269182422211,-2.713931681597189,1.7357254355048397,-0.8811978807454991,0,train,3,0,Russian Hill,0,94109,0,37.8003459,-122.42393686492
14WR-0137,3956.0,8.283241441385425,Wireless,Otros,Sin asignar,-0.9247843819388938,0.1863269182422211,-2.713931681597189,1.7357254355048397,-0.8811978807454991,0,train,6,0,Mission Bay,0,94107,0,37.76691172145,-122.39914490169
18WR-0165,3945.0,8.28045768658256,Wireless,Otros,Sin asignar,-0.9247843819388938,0.1863269182422211,-1.529345208366027,-0.2906709949248441,-0.8811978807454991,0,test,2,0,Pacific Heights,0,94115,0,37.78929596455,-122.43181426048
18WR-0218,3943.0,8.279950715722526,Wireless,Otros,Sin asignar,-0.9247843819388938,0.1863269182422211,-1.529345208366027,-0.6284037333297915,-0.8811978807454991,0,train,2,0,Pacific Heights,0,94109,0,37.79270995582,-122.42641999984
15WR-0284,3935.0,8.277920258172143,Wireless,"ExteNet Systems, Inc.",Sin asignar,-0.9247843819388938,0.1863269182422211,-2.417785063289399,-1.9793346869495807,-0.8811978807454991,0,train,6,0,Financial District/South Beach,0,94103,0,37.78717548616,-122.40357360491
15WR-0450,3956.0,8.283241441385425,Wireless,"ExteNet Systems, Inc.",Sin asignar,-0.9247843819388938,0.1863269182422211,-2.417785063289399,-1.303869210139686,-0.8811978807454991,0,train,3,0,Financial District/South Beach,0,94111,0,37.79698446844,-122.39701521207
16WR-0517,3929.0,8.276394704863307,Wireless,"ExteNet Systems, Inc.",Sin asignar,-0.9247843819388938,0.1863269182422211,-2.1216384449816084,1.3979926970998924,-0.8811978807454991,0,train,3,0,Nob Hill,0,94109,0,37.78804524064,-122.41870564195
16WR-0334,3942.0,8.279697133877628,Wireless,"ExteNet Systems, Inc.",Sin asignar,-0.9247843819388938,0.1863269182422211,-2.1216384449816084,0.7225272202899977,-0.8811978807454991,0,test,8,0,Noe Valley,0,94110,0,37.7467769544,-122.42228315814
15WR-0217,3945.0,8.28045768658256,Wireless,Verizon Wireless,Sin asignar,-0.9247843819388938,0.1863269182422211,-2.417785063289399,-1.6416019485446334,-0.8811978807454991,0,train,3,0,Financial District/South Beach,0,94105,0,37.7936967139,-122.39268880696
16WR-0554,3939.0,8.27893600229198,Wireless,Verizon Wireless,Sin asignar,-0.9247843819388938,0.1863269182422211,-2.1216384449816084,-0.6284037333297915,-0.8811978807454991,0,train,6,0,South of Market,0,94103,0,37.77844384485,-122.41429949659
16WR-0328,3933.0,8.277411998949004,Wireless,"ExteNet Systems, Inc.",Sin asignar,-0.9247843819388938,0.1863269182422211,-1.8254918266738176,-1.6416019485446334,-0.8811978807454991,0,test,3,0,Tenderloin,0,94109,0,37.78616924283,-122.41864972676
14WR-0115,3956.0,8.283241441385425,Wireless,"ExteNet Systems, Inc.",Otros,-0.9247843819388938,0.1863269182422211,-2.713931681597189,1.7357254355048397,-0.8811978807454991,0,train,3,0,Russian Hill,0,94109,0,37.79705102816,-122.41991455052
20IE-00234,730.0,6.594413459749778,StrtImprov,Otros,Otros,-0.9247843819388938,0.2069928383855754,0.247534501480716,-0.9661364717347388,0.5850915883411051,1,test,1,0,Outer Richmond,0,94121,0,37.77873494574,-122.48769752459
18WR-0158,3927.0,8.275885669474356,Wireless,Otros,Sin asignar,-0.9247843819388938,0.1863269182422211,-1.529345208366027,-0.6284037333297915,-0.8811978807454991,0,train,2,0,Marina,0,94123,0,37.80577314642,-122.43574524599
21WR-00079,3927.0,8.275885669474356,Wireless,Otros,Sin asignar,-0.9247843819388938,0.1863269182422211,-0.937051971750446,1.3979926970998924,-0.8811978807454991,0,train,7,0,West of Twin Peaks,0,94127,0,37.73663581749,-122.45956778392
19WR-00017,3946.0,8.280711075662847,Wireless,Otros,Sin asignar,-0.9076139353104676,0.1863269182422211,-1.2331985900582365,-1.303869210139686,-0.8811978807454991,0,test,10,0,Bayview Hunters Point,0,94124,0,37.73538505214,-122.40046490692
18WR-0045,3927.0,8.275885669474356,Wireless,"ExteNet Systems, Inc.",Sin asignar,-0.9247843819388938,0.1863269182422211,-1.8254918266738176,0.0470617434801031,-0.8811978807454991,0,train,5,0,Hayes Valley,0,94102,0,37.77706913341,-122.42053398588
16WR-0115,3954.0,8.282735880201754,Wireless,Verizon Wireless,Sin asignar,-0.9247843819388938,0.1863269182422211,-2.1216384449816084,-0.9661364717347388,-0.8811978807454991,0,train,2,0,Presidio Heights,0,94118,0,37.78686264147,-122.44873324132
18WR-0331,3931.0,8.276903481267057,Wireless,Otros,Sin asignar,-0.9247843819388938,0.1863269182422211,-1.529345208366027,0.0470617434801031,-0.8811978807454991,0,train,6,0,South of Market,0,94103,0,37.78181794573,-122.4104784339
18WR-0054,3938.0,8.278682162970906,Wireless,"ExteNet Systems, Inc.",Sin asignar,-0.9247843819388938,0.1863269182422211,-1.8254918266738176,0.7225272202899977,-0.8811978807454991,0,test,3,0,North Beach,0,94133,0,37.80282548439,-122.40951023942
17WR-0229,3931.0,8.276903481267057,Wireless,Otros,Sin asignar,-0.9247843819388938,0.1863269182422211,-2.1216384449816084,1.060259958694945,-0.8811978807454991,0,train,1,0,Inner Richmond,0,94118,0,37.7735360623,-122.46788132871
16WR-0329,3956.0,8.283241441385425,Wireless,"ExteNet Systems, Inc.",Sin asignar,-0.9247843819388938,0.1863269182422211,-2.1216384449816084,1.3979926970998924,-0.8811978807454991,0,test,6,0,South of Market,0,94103,0,37.77534469811,-122.41332291439
18WR-0420,3955.0,8.282988692742602,Wireless,Otros,Sin asignar,-0.9247843819388938,0.1863269182422211,-1.529345208366027,0.3847944818850504,-0.8811978807454991,0,train,2,0,Marina,0,94123,0,37.79744015688,-122.42605012093
21WR-00053,3948.0,8.28121766128665,Wireless,Otros,Sin asignar,-0.9247843819388938,0.1863269182422211,-0.937051971750446,0.0470617434801031,-0.8811978807454991,0,train,10,0,Bayview Hunters Point,0,94124,0,37.72338057059,-122.40028780396
18WR-0090,3940.0,8.279189777195004,Wireless,Otros,Sin asignar,-0.9076139353104676,0.1863269182422211,-1.529345208366027,-0.9661364717347388,-0.8811978807454991,0,train,2,0,Marina,0,94123,0,37.80534819925,-122.43808687767
16WR-0421,3945.0,8.28045768658256,Wireless,"ExteNet Systems, Inc.",Sin asignar,-0.9247843819388938,0.1863269182422211,-2.1216384449816084,-0.6284037333297915,-0.8811978807454991,0,train,2,0,Pacific Heights,0,94109,0,37.7951583607,-122.42684177422
17WR-0281,3951.0,8.281977058867758,Wireless,AT&T Mobility,Sin asignar,-0.9076139353104676,0.1863269182422211,-1.8254918266738176,-1.303869210139686,-0.8811978807454991,0,train,6,0,Financial District/South Beach,0,94105,0,37.79195943868,-122.39763628307
17WR-0303,3931.0,8.276903481267057,Wireless,"ExteNet Systems, Inc.",Sin asignar,-0.9247843819388938,0.1863269182422211,-1.8254918266738176,0.0470617434801031,-0.8811978807454991,0,test,2,0,Western Addition,0,94109,0,37.78482399487,-122.4227372357
18WR-0362,3935.0,8.277920258172143,Wireless,Otros,Sin asignar,-0.9247843819388938,0.1863269182422211,-1.529345208366027,-0.6284037333297915,-0.8811978807454991,0,train,11,0,Oceanview/Merced/Ingleside,0,94112,0,37.72281725556,-122.45087625656
15WR-0256,3929.0,8.276394704863307,Wireless,"ExteNet Systems, Inc.",Sin asignar,-0.9247843819388938,0.1863269182422211,-2.417785063289399,-1.9793346869495807,-0.8811978807454991,0,train,5,0,Tenderloin,0,94109,0,37.78613157739,-122.41486785799
16WR-0465,3936.0,8.278174290943738,Wireless,"ExteNet Systems, Inc.",Sin asignar,-0.9247843819388938,0.1863269182422211,-2.1216384449816084,0.3847944818850504,-0.8811978807454991,0,train,3,0,Russian Hill,0,94109,0,37.79601270675,-122.4209366163
15WR-0231,3945.0,8.28045768658256,Wireless,Verizon Wireless,Sin asignar,-0.9247843819388938,0.1863269182422211,-2.417785063289399,-1.6416019485446334,-0.8811978807454991,0,train,6,0,Financial District/South Beach,0,94105,0,37.79132014003,-122.39786534024
17WR-0187,3931.0,8.276903481267057,Wireless,Verizon Wireless,Sin asignar,-0.9247843819388938,0.1863269182422211,-2.1216384449816084,1.060259958694945,-0.8811978807454991,0,train,6,0,Financial District/South Beach,0,94105,0,37.78889077757,-122.39524965519
15WR-0145,3933.0,8.277411998949004,Wireless,"ExteNet Systems, Inc.",Sin asignar,-0.9247843819388938,0.1863269182422211,-2.713931681597189,1.7357254355048397,-0.8811978807454991,0,test,3,0,Nob Hill,0,94109,0,37.78787646575,-122.41521646912
16WR-0267,3928.0,8.27614021955846,Wireless,AT&T Mobility,Sin asignar,-0.9247843819388938,0.1863269182422211,-2.1216384449816084,-1.6416019485446334,-0.8811978807454991,0,train,6,0,South of Market,0,94107,0,37.78122184926,-122.40041300757
14WR-0126,3956.0,8.283241441385425,Wireless,"ExteNet Systems, Inc.",Otros,-0.9247843819388938,0.1863269182422211,-2.713931681597189,1.7357254355048397,-0.8811978807454991,0,train,3,0,Nob Hill,0,94109,0,37.79122572482,-122.41930148093
16WR-0366,3935.0,8.277920258172143,Wireless,"ExteNet Systems, Inc.",Otros,-0.9247843819388938,0.1863269182422211,-2.1216384449816084,1.3979926970998924,-0.8811978807454991,0,train,5,0,Hayes Valley,0,94117,0,37.77411217866,-122.42874226025
19WR-00084,3928.0,8.27614021955846,Wireless,Otros,Sin asignar,-0.9247843819388938,0.1863269182422211,-1.529345208366027,0.0470617434801031,-0.8811978807454991,0,train,5,0,Hayes Valley,0,94102,0,37.77622840729,-122.42604940365
15WR-0193,3928.0,8.27614021955846,Wireless,"ExteNet Systems, Inc.",Sin asignar,-0.9247843819388938,0.1863269182422211,-2.713931681597189,1.7357254355048397,-0.8811978807454991,0,train,3,0,Nob Hill,0,94108,0,37.79086524348,-122.41160038727
18WR-0116,3952.0,8.282230063296685,Wireless,Otros,Sin asignar,-0.9247843819388938,0.1863269182422211,-1.8254918266738176,1.060259958694945,-0.8811978807454991,0,test,6,0,South of Market,0,94103,0,37.77201757942,-122.41100303635
15WR-0052,3941.0,8.279443487712665,Wireless,"ExteNet Systems, Inc.",Sin asignar,-0.9247843819388938,0.1863269182422211,-2.713931681597189,1.7357254355048397,-0.8811978807454991,0,test,5,0,Tenderloin,0,94102,0,37.78523498156,-122.41031383612
18WR-0114,3953.0,8.282483003730562,Wireless,Otros,Sin asignar,-0.9247843819388938,0.1863269182422211,-1.8254918266738176,1.060259958694945,-0.8811978807454991,0,test,6,0,South of Market,0,94103,0,37.77836390262,-122.41020056328
16WR-0482,3935.0,8.277920258172143,Wireless,"ExteNet Systems, Inc.",Sin asignar,-0.9247843819388938,0.1863269182422211,-2.1216384449816084,-1.303869210139686,-0.8811978807454991,0,train,5,0,Tenderloin,0,94109,0,37.78521524276,-122.41796163103
18WR-0011,3949.0,8.281470857895167,Wireless,Verizon Wireless,Sin asignar,-0.9247843819388938,0.1863269182422211,-1.8254918266738176,0.3847944818850504,-0.8811978807454991,0,train,6,0,Financial District/South Beach,0,94105,0,37.78980323876,-122.38975744776
14WR-0063,4352.0,8.378620541552298,Wireless,"ExteNet Systems, Inc.",Sin asignar,-0.9247843819388938,0.1863269182422211,-2.713931681597189,-0.6284037333297915,-0.8811978807454991,0,train,5,0,Tenderloin,0,94109,0,37.78339121638,-122.4200521103
16WR-0423,3940.0,8.279189777195004,Wireless,"ExteNet Systems, Inc.",Sin asignar,-0.9247843819388938,0.1863269182422211,-2.1216384449816084,0.3847944818850504,-0.8811978807454991,0,test,3,0,Russian Hill,0,94109,0,37.80121215327,-122.41823626271
21WR-00043,3928.0,8.27614021955846,Wireless,Otros,Sin asignar,-0.9247843819388938,0.1863269182422211,-0.937051971750446,-0.2906709949248441,-0.8811978807454991,0,train,3,0,Financial District/South Beach,0,94108,0,37.78959039083,-122.40605151108
16WR-0200,3950.0,8.281723990411392,Wireless,"ExteNet Systems, Inc.",Sin asignar,-0.9247843819388938,0.1863269182422211,-2.417785063289399,1.060259958694945,-0.8811978807454991,0,train,3,0,North Beach,0,94133,0,37.79832434305,-122.40405424062
18WR-0127,3956.0,8.283241441385425,Wireless,AT&T Mobility,Sin asignar,-0.9076139353104676,0.1863269182422211,-1.8254918266738176,1.060259958694945,-0.8811978807454991,0,train,7,0,Lakeshore,0,94132,0,37.71462004641,-122.48276089664
18WR-0372,3939.0,8.27893600229198,Wireless,Otros,Sin asignar,-0.9247843819388938,0.1863269182422211,-1.529345208366027,-0.2906709949248441,-0.8811978807454991,0,test,2,0,Presidio,0,94129,0,37.79602495095,-122.46790443787
18WR-0182,3945.0,8.28045768658256,Wireless,Otros,Sin asignar,-0.9247843819388938,0.1863269182422211,-1.529345208366027,-0.2906709949248441,-0.8811978807454991,0,train,2,0,Presidio Heights,0,94118,0,37.78413941713,-122.45665152814
16WR-0500,3931.0,8.276903481267057,Wireless,"ExteNet Systems, Inc.",Sin asignar,-0.9247843819388938,0.1863269182422211,-2.1216384449816084,-0.9661364717347388,-0.8811978807454991,0,train,3,0,North Beach,0,94133,0,37.8058638171,-122.41278893105
15wr-0531,3947.0,8.280964400553373,Wireless,Otros,Sin asignar,-0.9247843819388938,0.1863269182422211,-2.713931681597189,1.7357254355048397,-0.8811978807454991,0,test,8,0,Noe Valley,0,94114,0,37.75076893616,-122.43385050225
18WR-0155,3943.0,8.279950715722526,Wireless,AT&T Mobility,Sin asignar,-0.9247843819388938,0.1863269182422211,-1.8254918266738176,0.7225272202899977,-0.8811978807454991,0,train,9,0,Bernal Heights,0,94110,0,37.7482760201,-122.41009420777
18WR-0417,3953.0,8.282483003730562,Wireless,Otros,Sin asignar,-0.9247843819388938,0.1863269182422211,-1.529345208366027,-0.2906709949248441,-0.8811978807454991,0,train,1,0,Lone Mountain/USF,0,94117,0,37.77310671146,-122.45348295609
20WR-00013,3945.0,8.28045768658256,Wireless,Otros,Sin asignar,-0.9247843819388938,0.1863269182422211,-1.2331985900582365,0.3847944818850504,-0.8811978807454991,0,train,1,0,Inner Richmond,0,94118,0,37.78328767533,-122.46035939296
18WR-0230,3946.0,8.280711075662847,Wireless,AT&T Mobility,Sin asignar,-0.9247843819388938,0.1863269182422211,-1.529345208366027,-1.9793346869495807,-0.8811978807454991,0,train,9,0,Mission,0,94110,0,37.76143674357,-122.41948158607
17WR-0228,3931.0,8.276903481267057,Wireless,Otros,Sin asignar,-0.9247843819388938,0.1863269182422211,-2.1216384449816084,1.060259958694945,-0.8811978807454991,0,train,4,0,Sunset/Parkside,0,94122,0,37.76331832235,-122.50969643265
15WR-0097,3935.0,8.277920258172143,Wireless,"ExteNet Systems, Inc.",Sin asignar,-0.9247843819388938,0.1863269182422211,-2.713931681597189,1.7357254355048397,-0.8811978807454991,0,test,3,0,Russian Hill,0,94133,0,37.80426991761,-122.41719349083
14WR-0124,3956.0,8.283241441385425,Wireless,"ExteNet Systems, Inc.",Otros,-0.9247843819388938,0.1863269182422211,-2.713931681597189,1.7357254355048397,-0.8811978807454991,0,test,2,0,Marina,0,94109,0,37.79742133266,-122.4240291019
18WR-0383,3929.0,8.276394704863307,Wireless,Otros,Sin asignar,-0.9247843819388938,0.1863269182422211,-1.529345208366027,-0.6284037333297915,-0.8811978807454991,0,train,5,0,Japantown,0,94115,0,37.78635415175,-122.43012521945
15WR-0557,3947.0,8.280964400553373,Wireless,Otros,Sin asignar,-0.9247843819388938,0.1863269182422211,-2.713931681597189,1.7357254355048397,-0.8811978807454991,0,train,8,0,Noe Valley,0,94114,0,37.75263430479,-122.44231302917
18WR-0179,3946.0,8.280711075662847,Wireless,AT&T Mobility,Sin asignar,-0.9247843819388938,0.1863269182422211,-1.8254918266738176,1.7357254355048397,-0.8811978807454991,0,train,5,0,Pacific Heights,0,94115,0,37.78717389538,-122.4333318403
18WR-0309,3943.0,8.279950715722526,Wireless,"ExteNet Systems, Inc.",Sin asignar,-0.9247843819388938,0.1863269182422211,-1.529345208366027,-0.2906709949248441,-0.8811978807454991,0,train,7,0,Inner Sunset,0,94122,0,37.75558757906,-122.47426242529
19WR-00240,3937.0,8.278428259199071,Wireless,Otros,Sin asignar,-0.9247843819388938,0.1863269182422211,-1.2331985900582365,-0.2906709949248441,-0.8811978807454991,0,test,1,0,Golden Gate Park,0,94117,0,37.77285947013,-122.45433025629
16WR-0419,3937.0,8.278428259199071,Wireless,"ExteNet Systems, Inc.",Sin asignar,-0.9247843819388938,0.1863269182422211,-2.1216384449816084,-1.303869210139686,-0.8811978807454991,0,train,3,0,Russian Hill,0,94109,0,37.7938669147,-122.41979314966
16wr-0181,3938.0,8.278682162970906,Wireless,AT&T Mobility,Sin asignar,-0.9247843819388938,0.1863269182422211,-2.1216384449816084,-1.9793346869495807,-0.8811978807454991,0,train,3,0,Financial District/South Beach,0,94111,0,37.79899255114,-122.39906491009
18WR-0392,3955.0,8.282988692742602,Wireless,Otros,Sin asignar,-0.9247843819388938,0.1863269182422211,-1.529345208366027,0.3847944818850504,-0.8811978807454991,0,train,9,0,Mission,0,94110,0,37.75169730111,-122.42043933826
16WR-0044,3941.0,8.279443487712665,Wireless,Otros,Sin asignar,-0.9247843819388938,0.1863269182422211,-2.417785063289399,1.3979926970998924,-0.8811978807454991,0,test,3,0,Financial District/South Beach,0,94111,0,37.79249811139,-122.39965360878
17WR-0031,3947.0,8.280964400553373,Wireless,AT&T Mobility,Sin asignar,-0.9247843819388938,0.1863269182422211,-2.1216384449816084,-0.6284037333297915,-0.8811978807454991,0,train,6,0,Financial District/South Beach,0,94105,0,37.78828580087,-122.39396039001
15WR-0447,3956.0,8.283241441385425,Wireless,Verizon Wireless,Sin asignar,-0.9247843819388938,0.1863269182422211,-2.417785063289399,-1.303869210139686,-0.8811978807454991,0,train,6,0,South of Market,0,94103,0,37.78015249807,-122.4073981689
21WR-00076,3950.0,8.281723990411392,Wireless,Otros,Sin asignar,-0.9247843819388938,0.1863269182422211,-0.937051971750446,1.7357254355048397,-0.8811978807454991,0,train,5,0,Hayes Valley,0,94102,0,37.77351614795,-122.42798183298
16WR-0344,3955.0,8.282988692742602,Wireless,"ExteNet Systems, Inc.",Sin asignar,-0.9247843819388938,0.1863269182422211,-2.1216384449816084,-0.2906709949248441,-0.8811978807454991,0,train,9,0,Mission,0,94110,0,37.75419424449,-122.41447949755
17WR-0086,3934.0,8.277666160851503,Wireless,Otros,Sin asignar,-0.9247843819388938,0.1863269182422211,-2.1216384449816084,1.060259958694945,-0.8811978807454991,0,train,6,0,Financial District/South Beach,0,94105,0,37.78837791174,-122.39997987849
17WR-0071,3935.0,8.277920258172143,Wireless,AT&T Mobility,Sin asignar,-0.9247843819388938,0.1863269182422211,-2.1216384449816084,-0.2906709949248441,-0.8811978807454991,0,train,6,0,Financial District/South Beach,0,94105,0,37.78898905326,-122.39829295327
18WR-0301,3937.0,8.278428259199071,Wireless,Verizon Wireless,Sin asignar,-0.9247843819388938,0.1863269182422211,-1.8254918266738176,1.7357254355048397,-0.8811978807454991,0,train,2,0,Marina,0,94123,0,37.80496864585,-122.44708937701
15WR-0252,3931.0,8.276903481267057,Wireless,"ExteNet Systems, Inc.",Sin asignar,-0.9247843819388938,0.1863269182422211,-2.417785063289399,-1.6416019485446334,-0.8811978807454991,0,train,3,0,Russian Hill,0,94133,0,37.79876287931,-122.4158131325
19WR-00074,3948.0,8.28121766128665,Wireless,Otros,Sin asignar,-0.9247843819388938,0.1863269182422211,-1.2331985900582365,-1.9793346869495807,-0.8811978807454991,0,test,5,0,Lone Mountain/USF,0,94117,0,37.77426382166,-122.44464377359
17WR-0249,3938.0,8.278682162970906,Wireless,Verizon Wireless,Sin asignar,-0.9247843819388938,0.1863269182422211,-1.8254918266738176,-1.303869210139686,-0.8811978807454991,0,train,6,0,Mission Bay,0,94158,0,37.77162179921,-122.39395666817
21WR-00031,3943.0,8.279950715722526,Wireless,Otros,Sin asignar,-0.9247843819388938,0.1863269182422211,-0.937051971750446,0.0470617434801031,-0.8811978807454991,0,train,9,0,Portola,0,94134,0,37.73132666277,-122.40636007242
20WR-00031,3946.0,8.280711075662847,Wireless,Otros,Sin asignar,-0.9247843819388938,0.1863269182422211,-1.2331985900582365,1.3979926970998924,-0.8811978807454991,0,train,2,0,Marina,0,94123,0,37.80059732782,-122.42621823711
17WR-0272,3953.0,8.282483003730562,Wireless,Otros,Sin asignar,-0.9247843819388938,0.1863269182422211,-1.8254918266738176,1.060259958694945,-0.8811978807454991,0,train,1,0,Inner Richmond,0,94118,0,37.7849232405,-122.46510223613
15WR-0171,3935.0,8.277920258172143,Wireless,"ExteNet Systems, Inc.",Sin asignar,-0.9247843819388938,0.1863269182422211,-2.417785063289399,-1.9793346869495807,-0.8811978807454991,0,train,5,0,Tenderloin,0,94102,0,37.78204554531,-122.41356014008
18WR-0013,3927.0,8.275885669474356,Wireless,Otros,Sin asignar,-0.9247843819388938,0.1863269182422211,-1.529345208366027,-0.6284037333297915,-0.8811978807454991,0,train,6,0,Mission Bay,0,94158,0,37.77462082024,-122.38988409048
15WR-0336,3935.0,8.277920258172143,Wireless,Verizon Wireless,Sin asignar,-0.9247843819388938,0.1863269182422211,-2.417785063289399,-1.9793346869495807,-0.8811978807454991,0,train,6,0,South of Market,0,94103,0,37.77953813873,-122.40929589576
16wr-0351,3937.0,8.278428259199071,Wireless,"ExteNet Systems, Inc.",Sin asignar,-0.9247843819388938,0.1863269182422211,-2.1216384449816084,0.0470617434801031,-0.8811978807454991,0,train,5,0,Tenderloin,0,94109,0,37.78441622092,-122.41719623791
19WR-00110,3941.0,8.279443487712665,Wireless,Otros,Sin asignar,-0.9247843819388938,0.1863269182422211,-1.529345208366027,0.0470617434801031,-0.8811978807454991,0,train,6,0,South of Market,0,94103,0,37.77632414414,-122.41732641373
20WR-00047,3952.0,8.282230063296685,Wireless,Otros,Sin asignar,-0.9247843819388938,0.1863269182422211,-0.937051971750446,-1.6416019485446334,-0.8811978807454991,0,train,9,0,Mission,0,94110,0,37.75412449379,-122.41185293002
16WR-0220,3935.0,8.277920258172143,Wireless,AT&T Mobility,Sin asignar,-0.9247843819388938,0.1863269182422211,-2.1216384449816084,-1.303869210139686,-0.8811978807454991,0,train,6,0,Financial District/South Beach,0,94105,0,37.78909646458,-122.39431595621
19WR-00073,3926.0,8.27563105457801,Wireless,Otros,Sin asignar,-0.9247843819388938,0.1863269182422211,-1.2331985900582365,1.060259958694945,-0.8811978807454991,0,test,5,0,Western Addition,0,94115,0,37.77829181747,-122.43529138594
17WR-0243,3933.0,8.277411998949004,Wireless,"ExteNet Systems, Inc.",Sin asignar,-0.9247843819388938,0.1863269182422211,-1.8254918266738176,-1.9793346869495807,-0.8811978807454991,0,train,2,0,Pacific Heights,0,94109,0,37.7896199252,-122.42705685532
15WR-0253,3938.0,8.278682162970906,Wireless,"ExteNet Systems, Inc.",Sin asignar,-0.9247843819388938,0.1863269182422211,-2.417785063289399,-1.9793346869495807,-0.8811978807454991,0,train,3,0,Russian Hill,0,94109,0,37.79536844584,-122.41970169195
16WR-0321,3927.0,8.275885669474356,Wireless,"ExteNet Systems, Inc.",Sin asignar,-0.9076139353104676,0.1863269182422211,-2.1216384449816084,0.3847944818850504,-0.8811978807454991,0,train,9,0,Mission,0,94110,0,37.75114548738,-122.41301498423
16WR-0280,3941.0,8.279443487712665,Wireless,Otros,Sin asignar,-0.9247843819388938,0.1863269182422211,-2.1216384449816084,-1.6416019485446334,-0.8811978807454991,0,test,6,0,Financial District/South Beach,0,94105,0,37.78968453931,-122.40051664121
18WR-0119,3935.0,8.277920258172143,Wireless,Otros,Sin asignar,-0.9247843819388938,0.1863269182422211,-1.8254918266738176,-0.2906709949248441,-0.8811978807454991,0,train,6,0,Financial District/South Beach,0,94105,0,37.79182950178,-122.39522611541
16WR-0379,3940.0,8.279189777195004,Wireless,"ExteNet Systems, Inc.",Sin asignar,-0.9247843819388938,0.1863269182422211,-2.1216384449816084,0.0470617434801031,-0.8811978807454991,0,train,10,0,Bayview Hunters Point,0,94124,0,37.73623280242,-122.39294939598
16WR-0533,3937.0,8.278428259199071,Wireless,"ExteNet Systems, Inc.",Sin asignar,-0.9247843819388938,0.1863269182422211,-2.1216384449816084,0.0470617434801031,-0.8811978807454991,0,test,5,0,Tenderloin,0,94102,0,37.78501361105,-122.41061283144
18WR-0132,3942.0,8.279697133877628,Wireless,AT&T Mobility,Sin asignar,-0.9247843819388938,0.1863269182422211,-1.8254918266738176,0.7225272202899977,-0.8811978807454991,0,train,9,0,Mission,0,94103,0,37.76876349195,-122.42207783407
18WR-0435,3947.0,8.280964400553373,Wireless,Otros,Sin asignar,-0.9247843819388938,0.1863269182422211,-1.2331985900582365,-1.303869210139686,-0.8811978807454991,0,train,6,0,South of Market,0,94103,0,37.774544013,-122.41347741765
15WR-0084,3940.0,8.279189777195004,Wireless,"ExteNet Systems, Inc.",Sin asignar,-0.9247843819388938,0.1863269182422211,-2.713931681597189,1.7357254355048397,-0.8811978807454991,0,test,3,0,North Beach,0,94133,0,37.80155126204,-122.4087923057
16wr-0190,3938.0,8.278682162970906,Wireless,"ExteNet Systems, Inc.",Sin asignar,-0.9076139353104676,0.1863269182422211,-2.417785063289399,1.060259958694945,-0.8811978807454991,0,test,3,0,North Beach,0,94133,0,37.79881419848,-122.40549702125
17WR-0130,3933.0,8.277411998949004,Wireless,AT&T Mobility,Sin asignar,-0.9247843819388938,0.1863269182422211,-2.1216384449816084,1.060259958694945,-0.8811978807454991,0,train,6,0,South of Market,0,94107,0,37.77723262447,-122.39557792907
18WR-0094,3937.0,8.278428259199071,Wireless,Verizon Wireless,Sin asignar,-0.9247843819388938,0.1863269182422211,-1.8254918266738176,1.3979926970998924,-0.8811978807454991,0,train,2,0,Marina,0,94123,0,37.80223795845,-122.44653778819
18WR-0024,3942.0,8.279697133877628,Wireless,Verizon Wireless,Sin asignar,-0.9247843819388938,0.1863269182422211,-1.8254918266738176,1.060259958694945,-0.8811978807454991,0,train,5,0,Haight Ashbury,0,94117,0,37.77179405808,-122.43731063747
16WR-0284,3938.0,8.278682162970906,Wireless,AT&T Mobility,Sin asignar,-0.9247843819388938,0.1863269182422211,-2.1216384449816084,-1.6416019485446334,-0.8811978807454991,0,test,3,0,Financial District/South Beach,0,94111,0,37.79633695979,-122.39770363223
15WR-0143,3933.0,8.277411998949004,Wireless,"ExteNet Systems, Inc.",Sin asignar,-0.9247843819388938,0.1863269182422211,-2.713931681597189,1.7357254355048397,-0.8811978807454991,0,train,3,0,Nob Hill,0,94109,0,37.78942101525,-122.4186004874
16WR-0488,3948.0,8.28121766128665,Wireless,"ExteNet Systems, Inc.",Sin asignar,-0.9247843819388938,0.1863269182422211,-2.1216384449816084,-0.6284037333297915,-0.8811978807454991,0,train,3,0,Chinatown,0,94108,0,37.79501970203,-122.41130757496
18WR-0413,3951.0,8.281977058867758,Wireless,Otros,Sin asignar,-0.9247843819388938,0.1863269182422211,-1.529345208366027,0.7225272202899977,-0.8811978807454991,0,train,9,0,Mission,0,94110,0,37.75811339743,-122.4210536611
18WR-0186,3955.0,8.282988692742602,Wireless,Otros,Sin asignar,-0.9247843819388938,0.1863269182422211,-1.529345208366027,0.0470617434801031,-0.8811978807454991,0,test,10,0,Mission,0,94110,0,37.75322518261,-122.40485446794
21WR-00015,3933.0,8.277411998949004,Wireless,Otros,Sin asignar,-0.9247843819388938,0.1863269182422211,-0.937051971750446,-0.6284037333297915,-0.8811978807454991,0,test,3,0,Russian Hill,0,94109,0,37.79924584849,-122.422276051
16WR-0163,3937.0,8.278428259199071,Wireless,"ExteNet Systems, Inc.",Sin asignar,-0.9247843819388938,0.1863269182422211,-2.417785063289399,1.060259958694945,-0.8811978807454991,0,train,3,0,Financial District/South Beach,0,94108,0,37.79057058007,-122.40451272805
16WR-0422,3957.0,8.28349412616251,Wireless,"ExteNet Systems, Inc.",Sin asignar,-0.9247843819388938,0.1863269182422211,-2.1216384449816084,-1.303869210139686,-0.8811978807454991,0,train,2,0,Marina,0,94123,0,37.79966248297,-122.42461663988
19WR-00130,3945.0,8.28045768658256,Wireless,Otros,Sin asignar,-0.9247843819388938,0.1863269182422211,-1.529345208366027,1.3979926970998924,-0.8811978807454991,0,test,4,0,Sunset/Parkside,0,94116,0,37.74264482409,-122.49053227064
15WR-0592,3945.0,8.28045768658256,Wireless,Otros,Sin asignar,-0.9247843819388938,0.1863269182422211,-2.417785063289399,-0.9661364717347388,-0.8811978807454991,0,train,4,0,Sunset/Parkside,0,94116,0,37.73973433092,-122.48728167289
18WR-0349,3954.0,8.282735880201754,Wireless,Otros,Sin asignar,-0.9247843819388938,0.1863269182422211,-1.529345208366027,0.0470617434801031,-0.8811978807454991,0,train,1,0,Lone Mountain/USF,0,94118,0,37.77629993778,-122.45300560634
18WR-0137,3942.0,8.279697133877628,Wireless,AT&T Mobility,Otros,-0.9076139353104676,0.1863269182422211,-1.8254918266738176,0.3847944818850504,-0.8811978807454991,0,train,2,0,Presidio Heights,0,94115,0,37.78288285878,-122.44430550649
18WR-0067,3944.0,8.280204233279974,Wireless,Otros,Sin asignar,-0.9247843819388938,0.1863269182422211,-1.529345208366027,-1.6416019485446334,-0.8811978807454991,0,train,2,0,Lone Mountain/USF,0,94118,0,37.77891179663,-122.44688419646
21WR-00020,3944.0,8.280204233279974,Wireless,Otros,Sin asignar,-0.9247843819388938,0.1863269182422211,-0.937051971750446,-0.6284037333297915,-0.8811978807454991,0,test,1,0,Seacliff,0,94121,0,37.78967868133,-122.48559821909
15WR-0227,3951.0,8.281977058867758,Wireless,Verizon Wireless,Sin asignar,-0.9247843819388938,0.1863269182422211,-2.417785063289399,-1.9793346869495807,-0.8811978807454991,0,train,6,0,South of Market,0,94103,0,37.77571292229,-122.40286346781
18WR-0111,3954.0,8.282735880201754,Wireless,Verizon Wireless,Sin asignar,-0.9076139353104676,0.1863269182422211,-1.8254918266738176,1.060259958694945,-0.8811978807454991,0,train,2,0,Pacific Heights,0,94109,0,37.79339135486,-122.42817637804
16wr-0318,3930.0,8.27664912542186,Wireless,"ExteNet Systems, Inc.",Sin asignar,-0.9247843819388938,0.1863269182422211,-2.1216384449816084,0.0470617434801031,-0.8811978807454991,0,train,9,0,Mission,0,94110,0,37.75885810464,-122.41750703495
18WR-0082,3955.0,8.282988692742602,Wireless,Otros,Sin asignar,-0.9247843819388938,0.1863269182422211,-1.8254918266738176,1.060259958694945,-0.8811978807454991,0,test,5,0,Tenderloin,0,94102,0,37.78261379909,-122.41451239563
16WR-0188,3938.0,8.278682162970906,Wireless,"ExteNet Systems, Inc.",Sin asignar,-0.9247843819388938,0.1863269182422211,-2.417785063289399,1.060259958694945,-0.8811978807454991,0,train,2,0,Russian Hill,0,94109,0,37.80313773879,-122.42452260905
16WR-0337,3935.0,8.277920258172143,Wireless,"ExteNet Systems, Inc.",Sin asignar,-0.9247843819388938,0.1863269182422211,-2.1216384449816084,-0.2906709949248441,-0.8811978807454991,0,train,9,0,Bernal Heights,0,94110,0,37.74626221721,-122.42026068536
16WR-0355,3931.0,8.276903481267057,Wireless,"ExteNet Systems, Inc.",Sin asignar,-0.9247843819388938,0.1863269182422211,-2.1216384449816084,0.0470617434801031,-0.8811978807454991,0,test,5,0,Tenderloin,0,94102,0,37.78321758452,-122.41397802743
20SC-00424,5.0,1.791759469228055,Otros,Otros,Sin asignar,-0.9247843819388938,15.272448622890858,-1.2331985900582365,-0.2906709949248441,-0.8811978807454991,0,test,6,0,Mission Bay,0,94158,0,37.77233621181,-122.39708593136
14WR-0101,4352.0,8.378620541552298,Wireless,"ExteNet Systems, Inc.",Otros,-0.9247843819388938,0.1863269182422211,-2.713931681597189,-0.6284037333297915,-0.8811978807454991,0,train,3,0,Nob Hill,0,94109,0,37.79256455936,-122.41755296256
25EXC-00643,28.0,3.367295829986474,Excavation,Pacific Gas & Electric,Gabriel Howell,-0.9247843819388938,0.2648574147869674,0.5436811197885065,0.7225272202899977,-0.6744134684384139,1,train,3,0,Nob Hill,0,94102,0,37.78797716722,-122.41087808209
21WR-00075,3943.0,8.279950715722526,Wireless,Otros,Sin asignar,-0.9247843819388938,0.1863269182422211,-0.6409053534426555,-1.9793346869495807,-0.8811978807454991,0,test,10,0,Bayview Hunters Point,0,94124,0,37.74264544316,-122.40121127869
18WR-0193,3927.0,8.275885669474356,Wireless,"ExteNet Systems, Inc.",Sin asignar,-0.9247843819388938,0.1863269182422211,-1.8254918266738176,1.3979926970998924,-0.8811978807454991,0,train,8,0,Castro/Upper Market,0,94114,0,37.76574448682,-122.43148429735
14WR-0117,3956.0,8.283241441385425,Wireless,"ExteNet Systems, Inc.",Sin asignar,-0.9247843819388938,0.1863269182422211,-2.713931681597189,1.7357254355048397,-0.8811978807454991,0,train,3,0,Financial District/South Beach,0,94111,0,37.79930008126,-122.4005840288
21WR-00095,3940.0,8.279189777195004,Wireless,Otros,Sin asignar,-0.9247843819388938,0.1863269182422211,-0.6409053534426555,-0.9661364717347388,-0.8811978807454991,0,train,10,0,Bayview Hunters Point,0,94124,0,37.73161755715,-122.39038754169
17WR-0339,3934.0,8.277666160851503,Wireless,"ExteNet Systems, Inc.",Sin asignar,-0.9247843819388938,0.1863269182422211,-1.8254918266738176,0.0470617434801031,-0.8811978807454991,0,train,10,0,Bayview Hunters Point,0,94124,0,37.73351823275,-122.38362253333
16WR-0420,3957.0,8.28349412616251,Wireless,"ExteNet Systems, Inc.",Sin asignar,-0.9247843819388938,0.1863269182422211,-2.1216384449816084,-1.303869210139686,-0.8811978807454991,0,train,2,0,Marina,0,94123,0,37.79980759731,-122.42816481356
21WR-00107,3943.0,8.279950715722526,Wireless,Otros,Sin asignar,-0.9247843819388938,0.1863269182422211,-0.6409053534426555,-1.303869210139686,-0.8811978807454991,0,train,10,0,Bayview Hunters Point,0,94124,0,37.73920164432,-122.38985133118
18WR-0171,3943.0,8.279950715722526,Wireless,Otros,Sin asignar,-0.9247843819388938,0.1863269182422211,-1.529345208366027,-0.9661364717347388,-0.8811978807454991,0,train,2,0,Presidio Heights,0,94118,0,37.78764800824,-122.45078243601
16WR-0522,3945.0,8.28045768658256,Wireless,"ExteNet Systems, Inc.",Sin asignar,-0.9247843819388938,0.1863269182422211,-2.1216384449816084,-0.6284037333297915,-0.8811978807454991,0,train,3,0,Chinatown,0,94111,0,37.79463264159,-122.40244342244
15WR-0136,3935.0,8.277920258172143,Wireless,"ExteNet Systems, Inc.",Sin asignar,-0.9247843819388938,0.1863269182422211,-2.417785063289399,-1.9793346869495807,-0.8811978807454991,0,train,3,0,Nob Hill,0,94133,0,37.79627388897,-122.41275830748
17WR-0301,3947.0,8.280964400553373,Wireless,"ExteNet Systems, Inc.",Sin asignar,-0.9247843819388938,0.1863269182422211,-1.8254918266738176,0.3847944818850504,-0.8811978807454991,0,train,5,0,Western Addition,0,Desconocido,0,37.77969561867,-122.42380687453
16WR-0342,3926.0,8.27563105457801,Wireless,"ExteNet Systems, Inc.",Sin asignar,-0.9247843819388938,0.1863269182422211,-2.1216384449816084,1.060259958694945,-0.8811978807454991,0,train,8,0,Mission,0,94110,0,37.75637349476,-122.42325297781
16wr-0034,3930.0,8.27664912542186,Wireless,"ExteNet Systems, Inc.",Sin asignar,-0.9247843819388938,0.1863269182422211,-2.417785063289399,0.0470617434801031,-0.8811978807454991,0,train,3,0,Nob Hill,0,94108,0,37.79328443948,-122.40956170639
18WR-0027,3926.0,8.27563105457801,Wireless,Verizon Wireless,Sin asignar,-0.9076139353104676,0.1863269182422211,-1.529345208366027,-1.9793346869495807,-0.8811978807454991,0,train,5,0,Haight Ashbury,0,94117,0,37.77165331332,-122.44238392989
15WR-0102,3935.0,8.277920258172143,Wireless,"ExteNet Systems, Inc.",Sin asignar,-0.9247843819388938,0.1863269182422211,-2.713931681597189,1.7357254355048397,-0.8811978807454991,0,test,3,0,Russian Hill,0,94109,0,37.80163570513,-122.42311237191
15WR-0032,3929.0,8.276394704863307,Wireless,"ExteNet Systems, Inc.",Sin asignar,-0.9247843819388938,0.1863269182422211,-2.417785063289399,-1.303869210139686,-0.8811978807454991,0,train,3,0,Chinatown,0,94108,0,37.79409298059,-122.40636360595
18WR-0358,3953.0,8.282483003730562,Wireless,Otros,Sin asignar,-0.9247843819388938,0.1863269182422211,-1.529345208366027,1.3979926970998924,-0.8811978807454991,0,test,8,0,Inner Sunset,0,94117,0,37.76151475315,-122.44933159485
18WR-0364,3955.0,8.282988692742602,Wireless,Otros,Sin asignar,-0.9247843819388938,0.1863269182422211,-1.529345208366027,0.0470617434801031,-0.8811978807454991,0,test,2,0,Marina,0,94123,0,37.79699973321,-122.43741822041
18WR-0002,3940.0,8.279189777195004,Wireless,AT&T Mobility,Otros,-0.9247843819388938,0.1863269182422211,-1.8254918266738176,0.0470617434801031,-0.8811978807454991,0,train,7,0,West of Twin Peaks,0,94127,0,37.7348754322,-122.47140906272
16WR-0195,3937.0,8.278428259199071,Wireless,"ExteNet Systems, Inc.",Sin asignar,-0.9247843819388938,0.1863269182422211,-2.417785063289399,1.060259958694945,-0.8811978807454991,0,test,3,0,Financial District/South Beach,0,94108,0,37.79032013358,-122.40538121894
18WR-0250,3954.0,8.282735880201754,Wireless,AT&T Mobility,Sin asignar,-0.9247843819388938,0.1863269182422211,-1.8254918266738176,1.7357254355048397,-0.8811978807454991,0,train,9,0,Mission,0,94110,0,37.74923280613,-122.41797165177
15WR-0461,3949.0,8.281470857895167,Wireless,"ExteNet Systems, Inc.",Sin asignar,-0.9247843819388938,0.1863269182422211,-2.417785063289399,-1.9793346869495807,-0.8811978807454991,0,test,3,0,Financial District/South Beach,0,94111,0,37.79745509061,-122.39901162338
16WR-0043,3941.0,8.279443487712665,Wireless,Otros,Sin asignar,-0.9247843819388938,0.1863269182422211,-2.417785063289399,1.3979926970998924,-0.8811978807454991,0,train,3,0,Financial District/South Beach,0,94111,0,37.79216034064,-122.39806318896
16WR-0118,3943.0,8.279950715722526,Wireless,Otros,Sin asignar,-0.9247843819388938,0.1863269182422211,-1.529345208366027,-0.6284037333297915,-0.8811978807454991,0,test,2,0,Pacific Heights,0,94115,0,37.79065398595,-122.44281024624
16WR-0418,3928.0,8.27614021955846,Wireless,"ExteNet Systems, Inc.",Sin asignar,-0.9247843819388938,0.1863269182422211,-2.1216384449816084,-1.6416019485446334,-0.8811978807454991,0,train,3,0,Nob Hill,0,94109,0,37.79274644805,-122.41742986135
16WR-0241,3931.0,8.276903481267057,Wireless,Verizon Wireless,Sin asignar,-0.9247843819388938,0.1863269182422211,-2.1216384449816084,-1.303869210139686,-0.8811978807454991,0,test,2,0,Presidio Heights,0,94115,0,37.78831515921,-122.4471338392
24EXC-04808,864.0,6.762729506931879,Excavation,Otros,Karl Johnson,-0.7702503622830591,0.1408618939268417,0.247534501480716,-1.6416019485446334,-0.0164630656431428,1,train,6,0,Financial District/South Beach,0,94105,0,37.79105948491,-122.39751384881
18WR-0156,3935.0,8.277920258172143,Wireless,AT&T Mobility,Sin asignar,-0.9076139353104676,0.1863269182422211,-1.8254918266738176,1.060259958694945,-0.8811978807454991,0,train,5,0,Lone Mountain/USF,0,94117,0,37.77230480179,-122.45229705334
17WR-0084,3952.0,8.282230063296685,Wireless,"ExteNet Systems, Inc.",Sin asignar,-0.9247843819388938,0.1863269182422211,-2.1216384449816084,1.060259958694945,-0.8811978807454991,0,test,5,0,Pacific Heights,0,94115,0,37.78746946113,-122.42895500428
18MSE-0663,591.0,6.3835066348840055,MinorEnc,Otros,Otros,-0.9076139353104676,-1.0949601306457453,-1.8254918266738176,1.3979926970998924,7.239789948041848,1,test,10,0,Bayview Hunters Point,0,94124,0,37.73853291829,-122.3870006049
18WR-0080,3936.0,8.278174290943738,Wireless,Otros,Sin asignar,-0.9247843819388938,0.1863269182422211,-1.8254918266738176,0.7225272202899977,-0.8811978807454991,0,train,6,0,South of Market,0,94107,0,37.77846038063,-122.39437049085
14WR-0160,3947.0,8.280964400553373,Wireless,Verizon Wireless,Sin asignar,-0.9247843819388938,0.1863269182422211,-2.713931681597189,1.7357254355048397,-0.8811978807454991,0,test,6,0,Mission Bay,0,94103,0,37.76973231051,-122.40407625738
19WR-00228,3934.0,8.277666160851503,Wireless,Otros,Sin asignar,-0.9247843819388938,0.1863269182422211,-1.2331985900582365,-0.9661364717347388,-0.8811978807454991,0,train,9,0,Mission,0,94103,0,37.76687914202,-122.41861080477
16WR-0576,3931.0,8.276903481267057,Wireless,Otros,Sin asignar,-0.9247843819388938,0.1863269182422211,-2.1216384449816084,-0.9661364717347388,-0.8811978807454991,0,train,6,0,Financial District/South Beach,0,94107,0,37.78352941736,-122.3958813633
17wr-0140,3937.0,8.278428259199071,Wireless,Otros,Sin asignar,-0.9247843819388938,0.1863269182422211,-2.1216384449816084,1.7357254355048397,-0.8811978807454991,0,train,6,0,Financial District/South Beach,0,94103,0,37.78528839553,-122.40072452253
18WR-0053,3951.0,8.281977058867758,Wireless,AT&T Mobility,Sin asignar,-0.9247843819388938,0.1863269182422211,-1.8254918266738176,-0.2906709949248441,-0.8811978807454991,0,train,9,0,Mission,0,94103,0,37.7669590833,-122.42203249794
19WR-00107,3935.0,8.277920258172143,Wireless,Otros,Sin asignar,-0.9247843819388938,0.1863269182422211,-1.529345208366027,0.0470617434801031,-0.8811978807454991,0,train,6,0,Mission,0,94103,0,37.77181337359,-122.41747210377
16WR-0563,3930.0,8.27664912542186,Wireless,Otros,Sin asignar,-0.9247843819388938,0.1863269182422211,-2.1216384449816084,-1.303869210139686,-0.8811978807454991,0,test,5,0,Tenderloin,0,94102,0,37.78491134178,-122.41144742525
17WR-0135,3942.0,8.279697133877628,Wireless,AT&T Mobility,Sin asignar,-0.9247843819388938,0.1863269182422211,-2.1216384449816084,0.7225272202899977,-0.8811978807454991,0,train,6,0,Financial District/South Beach,0,94107,0,37.78114645434,-122.392699294
16WR-0381,3940.0,8.279189777195004,Wireless,"ExteNet Systems, Inc.",Sin asignar,-0.9247843819388938,0.1863269182422211,-2.1216384449816084,0.3847944818850504,-0.8811978807454991,0,train,10,0,Bayview Hunters Point,0,94124,0,37.73587119226,-122.39454994598
18WR-0063,3953.0,8.282483003730562,Wireless,Otros,Sin asignar,-0.9247843819388938,0.1863269182422211,-1.8254918266738176,1.060259958694945,-0.8811978807454991,0,test,5,0,Haight Ashbury,0,94117,0,37.76994067271,-122.44831761776
18WR-0322,3946.0,8.280711075662847,Wireless,Otros,Sin asignar,-0.9247843819388938,0.1863269182422211,-1.529345208366027,-0.2906709949248441,-0.8811978807454991,0,train,11,0,Excelsior,0,94112,0,37.7284195264,-122.4267326551
18WR-0050,3931.0,8.276903481267057,Wireless,"ExteNet Systems, Inc.",Otros,-0.9247843819388938,0.1863269182422211,-1.8254918266738176,-0.2906709949248441,-0.8811978807454991,0,train,5,0,Japantown,0,94115,0,37.7849727242,-122.43037977165
22EXC-03749,145.0,4.983606621708336,Excavation,Pacific Gas & Electric,Don Doan,-0.7015685757693548,0.2111260224142463,0.5436811197885065,-0.2906709949248441,0.4910986736560663,1,test,10,1,Bayview Hunters Point,1,94124,1,37.72326422903715,-122.39963328565143
16WR-0316,3931.0,8.276903481267057,Wireless,"ExteNet Systems, Inc.",Sin asignar,-0.9247843819388938,0.1863269182422211,-2.1216384449816084,0.0470617434801031,-0.8811978807454991,0,train,9,0,Mission,0,94110,0,37.74915106235,-122.41433993074
18WR-0108,3956.0,8.283241441385425,Wireless,Verizon Wireless,Otros,-0.9247843819388938,0.1863269182422211,-1.8254918266738176,1.060259958694945,-0.8811978807454991,0,train,2,0,Marina,0,94123,0,37.80332172448,-122.43244914399
15WR-0389,3957.0,8.28349412616251,Wireless,"ExteNet Systems, Inc.",Sin asignar,-0.9247843819388938,0.1863269182422211,-2.417785063289399,-1.303869210139686,-0.8811978807454991,0,test,3,0,Chinatown,0,94111,0,37.79512116737,-122.4013927406
16WR-0299,3937.0,8.278428259199071,Wireless,AT&T Mobility,Sin asignar,-0.9247843819388938,0.1863269182422211,-2.1216384449816084,0.7225272202899977,-0.8811978807454991,0,train,6,0,South of Market,0,94107,0,37.77822537816,-122.39382054202
16WR-0268,3939.0,8.27893600229198,Wireless,AT&T Mobility,Sin asignar,-0.9247843819388938,0.1863269182422211,-2.1216384449816084,-1.9793346869495807,-0.8811978807454991,0,train,6,0,Financial District/South Beach,0,94107,0,37.78448055054,-122.39827587969
16WR-0293,3938.0,8.278682162970906,Wireless,AT&T Mobility,Sin asignar,-0.9247843819388938,0.1863269182422211,-2.1216384449816084,-1.6416019485446334,-0.8811978807454991,0,test,6,0,Financial District/South Beach,0,94107,0,37.7828089542,-122.39486129924
15WR-0201,3943.0,8.279950715722526,Wireless,"ExteNet Systems, Inc.",Sin asignar,-0.9247843819388938,0.1863269182422211,-2.417785063289399,-1.9793346869495807,-0.8811978807454991,0,train,5,0,Tenderloin,0,94109,0,37.78420921206,-122.41886517711
16wr-0040,3934.0,8.277666160851503,Wireless,Otros,Sin asignar,-0.9247843819388938,0.1863269182422211,-2.417785063289399,0.7225272202899977,-0.8811978807454991,0,test,3,0,Financial District/South Beach,0,94104,0,37.7919968605,-122.40213173269
16WR-0489,3951.0,8.281977058867758,Wireless,"ExteNet Systems, Inc.",Sin asignar,-0.9247843819388938,0.1863269182422211,-2.1216384449816084,-0.9661364717347388,-0.8811978807454991,0,train,3,0,Nob Hill,0,94108,0,37.79129004208,-122.40847528298
19WR-00025,3938.0,8.278682162970906,Wireless,Otros,Sin asignar,-0.9247843819388938,0.1863269182422211,-1.529345208366027,0.0470617434801031,-0.8811978807454991,0,train,9,0,Bernal Heights,0,94110,0,37.7476086209,-122.41940873967
16WR-0198,3942.0,8.279697133877628,Wireless,"ExteNet Systems, Inc.",Sin asignar,-0.9247843819388938,0.1863269182422211,-2.417785063289399,1.060259958694945,-0.8811978807454991,0,train,3,0,Russian Hill,0,94109,0,37.79846334264,-122.42211796888
21WR-00050,3927.0,8.275885669474356,Wireless,Otros,Sin asignar,-0.9247843819388938,0.1863269182422211,-0.937051971750446,-0.2906709949248441,-0.8811978807454991,0,train,9,0,Bernal Heights,0,94110,0,37.74747951623,-122.41032370889
16WR-0532,3950.0,8.281723990411392,Wireless,"ExteNet Systems, Inc.",Sin asignar,-0.9247843819388938,0.1863269182422211,-2.1216384449816084,1.3979926970998924,-0.8811978807454991,0,test,5,0,Tenderloin,0,94102,0,37.78028794088,-122.41962509949
16WR-0507,3931.0,8.276903481267057,Wireless,"ExteNet Systems, Inc.",Sin asignar,-0.9247843819388938,0.1863269182422211,-2.1216384449816084,0.0470617434801031,-0.8811978807454991,0,train,5,0,Tenderloin,0,94102,0,37.78306056006,-122.41306446201
17WR-0036,3930.0,8.27664912542186,Wireless,"ExteNet Systems, Inc.",Sin asignar,-0.9247843819388938,0.1863269182422211,-2.1216384449816084,-0.2906709949248441,-0.8811978807454991,0,train,5,0,Tenderloin,0,94102,0,37.7856439174,-122.4104124994
16WR-0007,3934.0,8.277666160851503,Wireless,Verizon Wireless,Sin asignar,-0.9247843819388938,0.1863269182422211,-2.1216384449816084,0.7225272202899977,-0.8811978807454991,0,test,2,0,Marina,0,94123,0,37.80447388001,-122.44408883275
18WR-0273,3930.0,8.27664912542186,Wireless,Verizon Wireless,Sin asignar,-0.9247843819388938,0.1863269182422211,-1.8254918266738176,1.7357254355048397,-0.8811978807454991,0,train,2,0,Marina,0,94123,0,37.80119356825,-122.43110207971
21WR-00054,3955.0,8.282988692742602,Wireless,Otros,Sin asignar,-0.9247843819388938,0.1863269182422211,-0.937051971750446,0.3847944818850504,-0.8811978807454991,0,train,9,0,Portola,0,94134,0,37.72868320977,-122.40420622454
16WR-0530,3935.0,8.277920258172143,Wireless,"ExteNet Systems, Inc.",Sin asignar,-0.9247843819388938,0.1863269182422211,-2.1216384449816084,-1.303869210139686,-0.8811978807454991,0,train,3,0,North Beach,0,94133,0,37.80652000227,-122.41025322374
17WR-0101,3947.0,8.280964400553373,Wireless,"ExteNet Systems, Inc.",Sin asignar,-0.9247843819388938,0.1863269182422211,-2.1216384449816084,1.060259958694945,-0.8811978807454991,0,train,5,0,Western Addition,0,94102,0,37.77919295323,-122.42637094989
16wr-0122,3927.0,8.275885669474356,Wireless,Verizon Wireless,Sin asignar,-0.9247843819388938,0.1863269182422211,-2.1216384449816084,1.060259958694945,-0.8811978807454991,0,test,2,0,Pacific Heights,0,94115,0,37.78521632159,-122.4417641646
18WR-0075,3927.0,8.275885669474356,Wireless,AT&T Mobility,Sin asignar,-0.9247843819388938,0.1863269182422211,-1.8254918266738176,1.3979926970998924,-0.8811978807454991,0,train,5,0,Lone Mountain/USF,0,94117,0,37.77464425609,-122.44707503177
20WR-00006,3932.0,8.27715777243181,Wireless,Otros,Sin asignar,-0.9247843819388938,0.1863269182422211,-1.2331985900582365,0.0470617434801031,-0.8811978807454991,0,train,1,0,Inner Richmond,0,94118,0,37.78257153879,-122.46955454465
18WR-0207,3932.0,8.27715777243181,Wireless,Otros,Sin asignar,-0.9247843819388938,0.1863269182422211,-1.529345208366027,1.060259958694945,-0.8811978807454991,0,test,1,0,Outer Richmond,0,94121,0,37.78553367901,-122.48673313131
18WR-0033,3937.0,8.278428259199071,Wireless,Otros,Sin asignar,-0.9247843819388938,0.1863269182422211,-1.8254918266738176,0.7225272202899977,-0.8811978807454991,0,train,8,0,Inner Sunset,0,94117,0,37.76126104855,-122.45067857177
15WR-0303,3944.0,8.280204233279974,Wireless,"ExteNet Systems, Inc.",Sin asignar,-0.9247843819388938,0.1863269182422211,-2.417785063289399,-0.6284037333297915,-0.8811978807454991,0,train,6,0,Tenderloin,0,94102,0,37.77748033978,-122.41785421312
16WR-0226,3937.0,8.278428259199071,Wireless,"ExteNet Systems, Inc.",Sin asignar,-0.9247843819388938,0.1863269182422211,-2.417785063289399,1.060259958694945,-0.8811978807454991,0,train,3,0,Russian Hill,0,94109,0,37.79358305912,-122.4214676545
18WR-0018,3934.0,8.277666160851503,Wireless,Otros,Sin asignar,-0.9247843819388938,0.1863269182422211,-1.8254918266738176,0.0470617434801031,-0.8811978807454991,0,train,9,0,Mission,0,94110,0,37.75976695182,-122.42121200184
15WR-0233,3938.0,8.278682162970906,Wireless,Verizon Wireless,Sin asignar,-0.9247843819388938,0.1863269182422211,-2.417785063289399,-1.6416019485446334,-0.8811978807454991,0,train,6,0,South of Market,0,94107,0,37.78160082315,-122.40035376751
18WR-0382,3928.0,8.27614021955846,Wireless,Otros,Sin asignar,-0.9247843819388938,0.1863269182422211,-1.529345208366027,-0.6284037333297915,-0.8811978807454991,0,train,2,0,Presidio Heights,0,94118,0,37.78157159792,-122.45684087834
16WR-0469,3937.0,8.278428259199071,Wireless,"ExteNet Systems, Inc.",Sin asignar,-0.9247843819388938,0.1863269182422211,-2.1216384449816084,-1.303869210139686,-0.8811978807454991,0,train,3,0,Nob Hill,0,94109,0,37.79117672136,-122.41481746796
17WR-0021,3951.0,8.281977058867758,Wireless,AT&T Mobility,Sin asignar,-0.9247843819388938,0.1863269182422211,-2.1216384449816084,0.0470617434801031,-0.8811978807454991,0,train,6,0,Financial District/South Beach,0,94105,0,37.78908040069,-122.39159565309
15WR-0577,3945.0,8.28045768658256,Wireless,Verizon Wireless,Sin asignar,-0.9247843819388938,0.1863269182422211,-2.417785063289399,-1.9793346869495807,-0.8811978807454991,0,train,10,0,Mission Bay,0,94107,0,37.76537334584,-122.39856031794
15WR-0277,3933.0,8.277411998949004,Wireless,"ExteNet Systems, Inc.",Sin asignar,-0.9247843819388938,0.1863269182422211,-2.417785063289399,-1.6416019485446334,-0.8811978807454991,0,train,5,0,Tenderloin,0,94102,0,37.78021548075,-122.41602576899
16WR-0435,3957.0,8.28349412616251,Wireless,"ExteNet Systems, Inc.",Sin asignar,-0.9247843819388938,0.1863269182422211,-2.1216384449816084,-1.303869210139686,-0.8811978807454991,0,train,3,0,North Beach,0,94133,0,37.80738906062,-122.4185387555
15WR-0228,3953.0,8.282483003730562,Wireless,Verizon Wireless,Sin asignar,-0.9247843819388938,0.1863269182422211,-2.713931681597189,1.7357254355048397,-0.8811978807454991,0,test,6,0,Financial District/South Beach,0,94107,0,37.78190136812,-122.39299610031
16wr-0455,3927.0,8.275885669474356,Wireless,"ExteNet Systems, Inc.",Sin asignar,-0.9247843819388938,0.1863269182422211,-2.1216384449816084,-0.6284037333297915,-0.8811978807454991,0,test,3,0,Chinatown,0,94133,0,37.79920003207,-122.41046849956
16WR-0175,3928.0,8.27614021955846,Wireless,AT&T Mobility,Sin asignar,-0.9247843819388938,0.1863269182422211,-2.417785063289399,1.7357254355048397,-0.8811978807454991,0,train,3,0,Financial District/South Beach,0,94104,0,37.79193562419,-122.4012962322
15WR-0034,3942.0,8.279697133877628,Wireless,"ExteNet Systems, Inc.",Sin asignar,-0.9247843819388938,0.1863269182422211,-2.713931681597189,1.7357254355048397,-0.8811978807454991,0,test,3,0,Chinatown,0,94108,0,37.79290625098,-122.40751543869
16wr-0223,3939.0,8.27893600229198,Wireless,"ExteNet Systems, Inc.",Sin asignar,-0.9247843819388938,0.1863269182422211,-2.417785063289399,1.3979926970998924,-0.8811978807454991,0,train,2,0,Russian Hill,0,94109,0,37.80369899838,-122.42009371449
18WR-0103,3950.0,8.281723990411392,Wireless,Otros,Sin asignar,-0.9247843819388938,0.1863269182422211,-1.529345208366027,0.7225272202899977,-0.8811978807454991,0,train,2,0,Marina,0,94123,0,37.79602742062,-122.42965511854
15WR-0038,3950.0,8.281723990411392,Wireless,"ExteNet Systems, Inc.",Sin asignar,-0.9247843819388938,0.1863269182422211,-2.417785063289399,-1.303869210139686,-0.8811978807454991,0,train,3,0,Financial District/South Beach,0,94111,0,37.79396171881,-122.40071231403
15WR-0094,3936.0,8.278174290943738,Wireless,"ExteNet Systems, Inc.",Sin asignar,-0.9247843819388938,0.1863269182422211,-2.713931681597189,1.7357254355048397,-0.8811978807454991,0,test,2,0,Russian Hill,0,94109,0,37.80437085752,-122.42234859532
15WR-0572,3930.0,8.27664912542186,Wireless,"ExteNet Systems, Inc.",Sin asignar,-0.9247843819388938,0.1863269182422211,-2.417785063289399,0.0470617434801031,-0.8811978807454991,0,test,3,0,North Beach,0,94133,0,37.80277667072,-122.41221854465
16WR-0186,3929.0,8.276394704863307,Wireless,AT&T Mobility,Sin asignar,-0.9247843819388938,0.1863269182422211,-2.1216384449816084,-1.303869210139686,-0.8811978807454991,0,train,3,0,Financial District/South Beach,0,94111,0,37.79650417969,-122.39617684168
15WR-0265,3955.0,8.282988692742602,Wireless,"ExteNet Systems, Inc.",Sin asignar,-0.9247843819388938,0.1863269182422211,-2.417785063289399,-1.6416019485446334,-0.8811978807454991,0,train,3,0,Nob Hill,0,94109,0,37.79163973097,-122.41597553291
17WR-0202,3938.0,8.278682162970906,Wireless,"ExteNet Systems, Inc.",Sin asignar,-0.9247843819388938,0.1863269182422211,-2.1216384449816084,1.7357254355048397,-0.8811978807454991,0,train,3,0,North Beach,0,94133,0,37.80404660013,-122.41532278417
16WR-0395,3931.0,8.276903481267057,Wireless,"ExteNet Systems, Inc.",Sin asignar,-0.9247843819388938,0.1863269182422211,-2.1216384449816084,0.7225272202899977,-0.8811978807454991,0,train,10,0,Bayview Hunters Point,0,94124,0,37.73291794522,-122.37979510512
16WR-0492,3932.0,8.27715777243181,Wireless,"ExteNet Systems, Inc.",Sin asignar,-0.9247843819388938,0.1863269182422211,-2.1216384449816084,-0.9661364717347388,-0.8811978807454991,0,test,3,0,Financial District/South Beach,0,94108,0,37.79081313255,-122.4044592546
16WR-0330,3937.0,8.278428259199071,Wireless,"ExteNet Systems, Inc.",Sin asignar,-0.9247843819388938,0.1863269182422211,-2.1216384449816084,0.0470617434801031,-0.8811978807454991,0,test,6,0,South of Market,0,94103,0,37.77320577402,-122.41117482059
16WR-0501,3935.0,8.277920258172143,Wireless,"ExteNet Systems, Inc.",Sin asignar,-0.9247843819388938,0.1863269182422211,-2.1216384449816084,-0.6284037333297915,-0.8811978807454991,0,test,3,0,Nob Hill,0,94108,0,37.79382471572,-122.41106537547
17WR-0189,3934.0,8.277666160851503,Wireless,Verizon Wireless,Sin asignar,-0.9247843819388938,0.1863269182422211,-2.1216384449816084,1.060259958694945,-0.8811978807454991,0,train,6,0,Financial District/South Beach,0,94105,0,37.78777192157,-122.39303985615
15WR-0260,3938.0,8.278682162970906,Wireless,"ExteNet Systems, Inc.",Sin asignar,-0.9247843819388938,0.1863269182422211,-2.417785063289399,-1.9793346869495807,-0.8811978807454991,0,train,5,0,Tenderloin,0,94102,0,37.78529719128,-122.41271081854
15WR-0350,3932.0,8.27715777243181,Wireless,Verizon Wireless,Sin asignar,-0.9247843819388938,0.1863269182422211,-2.417785063289399,-0.6284037333297915,-0.8811978807454991,0,train,6,0,Mission,0,94103,0,37.77290241611,-122.42022627392
15WR-0101,3935.0,8.277920258172143,Wireless,"ExteNet Systems, Inc.",Sin asignar,-0.9247843819388938,0.1863269182422211,-2.713931681597189,1.7357254355048397,-0.8811978807454991,0,train,3,0,Russian Hill,0,94109,0,37.79708324918,-122.41711044656
24IE-00024,184.0,5.220355825078324,StrtImprov,Otros,Otros,-0.9247843819388938,0.27725696687298,0.5436811197885065,-0.6284037333297915,1.2242434081993685,1,train,5,0,Hayes Valley,0,94102,0,37.77726695256,-122.4245844041
15WR-0109,3935.0,8.277920258172143,Wireless,"ExteNet Systems, Inc.",Sin asignar,-0.9247843819388938,0.1863269182422211,-2.713931681597189,1.7357254355048397,-0.8811978807454991,0,train,3,0,Russian Hill,0,94109,0,37.79664979733,-122.41737821333
19WR-00008,3936.0,8.278174290943738,Wireless,Otros,Sin asignar,-0.9247843819388938,0.1863269182422211,-1.529345208366027,-0.9661364717347388,-0.8811978807454991,0,train,9,0,Mission,0,94110,0,37.75225676115,-122.41556500708
17WR-0148,3943.0,8.279950715722526,Wireless,Otros,Sin asignar,-0.9247843819388938,0.1863269182422211,-1.529345208366027,-0.6284037333297915,-0.8811978807454991,0,train,10,0,Potrero Hill,0,94107,0,37.76401443898,-122.39842995839
17WR-0225,3931.0,8.276903481267057,Wireless,Otros,Sin asignar,-0.9247843819388938,0.1863269182422211,-2.1216384449816084,1.060259958694945,-0.8811978807454991,0,train,7,0,Inner Sunset,0,94122,0,37.76514986901,-122.46622905478
18WR-0058,3927.0,8.275885669474356,Wireless,AT&T Mobility,Sin asignar,-0.9247843819388938,0.1863269182422211,-1.8254918266738176,1.060259958694945,-0.8811978807454991,0,train,7,0,Inner Sunset,0,94122,0,37.76386052997,-122.46719498653
14WR-0172,3947.0,8.280964400553373,Wireless,Otros,Sin asignar,-0.9247843819388938,0.1863269182422211,-2.713931681597189,1.7357254355048397,-0.8811978807454991,0,train,4,0,Sunset/Parkside,0,94122,0,37.75483466286,-122.49140341045
15WR-0079,3940.0,8.279189777195004,Wireless,"ExteNet Systems, Inc.",Sin asignar,-0.9247843819388938,0.1863269182422211,-2.713931681597189,1.7357254355048397,-0.8811978807454991,0,train,3,0,North Beach,0,94133,0,37.80655412879,-122.40993708472
15WR-0051,3938.0,8.278682162970906,Wireless,"ExteNet Systems, Inc.",Sin asignar,-0.9247843819388938,0.1863269182422211,-2.417785063289399,-1.9793346869495807,-0.8811978807454991,0,train,3,0,Financial District/South Beach,0,Desconocido,0,37.79447970475,-122.39474757939
19WR-00147,3948.0,8.28121766128665,Wireless,Otros,Sin asignar,-0.9247843819388938,0.1863269182422211,-1.2331985900582365,-1.9793346869495807,-0.8811978807454991,0,train,11,0,Excelsior,0,94112,0,37.71275507361,-122.43335898152
21WR-00003,3943.0,8.279950715722526,Wireless,Otros,Sin asignar,-0.9247843819388938,0.1863269182422211,-0.937051971750446,-0.2906709949248441,-0.8811978807454991,0,train,10,0,Bayview Hunters Point,0,94124,0,37.72960056549,-122.38959076501
15WR-0383,3949.0,8.281470857895167,Wireless,"ExteNet Systems, Inc.",Sin asignar,-0.9247843819388938,0.1863269182422211,-2.417785063289399,-1.9793346869495807,-0.8811978807454991,0,train,3,0,Chinatown,0,94133,0,37.79821671803,-122.40858000945
18WR-0016,3953.0,8.282483003730562,Wireless,AT&T Mobility,Otros,-0.9247843819388938,0.1863269182422211,-1.8254918266738176,-0.2906709949248441,-0.8811978807454991,0,test,5,0,Western Addition,0,94115,0,37.78151294417,-122.43253826518
16WR-0364,3952.0,8.282230063296685,Wireless,"ExteNet Systems, Inc.",Sin asignar,-0.9247843819388938,0.1863269182422211,-2.1216384449816084,1.060259958694945,-0.8811978807454991,0,test,5,0,Hayes Valley,0,94102,0,37.77625117945,-122.42879120066
17WR-0265,3934.0,8.277666160851503,Wireless,Verizon Wireless,Otros,-0.9247843819388938,0.1863269182422211,-1.8254918266738176,-1.9793346869495807,-0.8811978807454991,0,test,8,0,Haight Ashbury,0,94117,0,37.7704695379,-122.44331168821
18WR-0122,3940.0,8.279189777195004,Wireless,Otros,Sin asignar,-0.9247843819388938,0.1863269182422211,-1.8254918266738176,0.3847944818850504,-0.8811978807454991,0,test,9,0,Mission,0,94110,0,37.75514678224,-122.42160077712
15WR-0091,3936.0,8.278174290943738,Wireless,"ExteNet Systems, Inc.",Sin asignar,-0.9247843819388938,0.1863269182422211,-2.713931681597189,1.7357254355048397,-0.8811978807454991,0,train,3,0,North Beach,0,94111,0,37.80280980291,-122.40324033978
16WR-0277,3928.0,8.27614021955846,Wireless,AT&T Mobility,Sin asignar,-0.9247843819388938,0.1863269182422211,-2.1216384449816084,-1.6416019485446334,-0.8811978807454991,0,train,6,0,Financial District/South Beach,0,94105,0,37.78841279607,-122.39151561762
17WR-0028,3946.0,8.280711075662847,Wireless,AT&T Mobility,Sin asignar,-0.9247843819388938,0.1863269182422211,-2.1216384449816084,-0.9661364717347388,-0.8811978807454991,0,train,3,0,Chinatown,0,94111,0,37.79460347184,-122.40159022425
17WR-0275,3929.0,8.276394704863307,Wireless,AT&T Mobility,Otros,-0.9247843819388938,0.1863269182422211,-1.8254918266738176,-1.303869210139686,-0.8811978807454991,0,train,7,0,West of Twin Peaks,0,94127,0,37.737747575,-122.46963941408
18WR-0414,3955.0,8.282988692742602,Wireless,Otros,Sin asignar,-0.9247843819388938,0.1863269182422211,-1.529345208366027,0.0470617434801031,-0.8811978807454991,0,train,5,0,Lone Mountain/USF,0,94117,0,37.77331850748,-122.44615932914
16WR-0212,3931.0,8.276903481267057,Wireless,"ExteNet Systems, Inc.",Sin asignar,-0.9247843819388938,0.1863269182422211,-2.1216384449816084,-1.303869210139686,-0.8811978807454991,0,test,3,0,Nob Hill,0,94102,0,37.78839616823,-122.41194167268
18WR-0281,3940.0,8.279189777195004,Wireless,"ExteNet Systems, Inc.",Sin asignar,-0.9247843819388938,0.1863269182422211,-1.529345208366027,-0.9661364717347388,-0.8811978807454991,0,test,9,0,Mission,0,94110,0,37.76372621658,-122.40933362151
17WR-0277,3946.0,8.280711075662847,Wireless,AT&T Mobility,Sin asignar,-0.9247843819388938,0.1863269182422211,-1.8254918266738176,-0.9661364717347388,-0.8811978807454991,0,train,3,0,Financial District/South Beach,0,94104,0,37.78995356673,-122.40253457972
16WR-0035,3934.0,8.277666160851503,Wireless,Otros,Sin asignar,-0.9247843819388938,0.1863269182422211,-2.417785063289399,0.7225272202899977,-0.8811978807454991,0,test,3,0,Nob Hill,0,94108,0,37.7914049159,-122.41024821343
18WR-0106,3957.0,8.28349412616251,Wireless,Otros,Sin asignar,-0.9247843819388938,0.1863269182422211,-1.529345208366027,-0.9661364717347388,-0.8811978807454991,0,train,2,0,Marina,0,94123,0,37.8048349441,-122.44098713927
16wr-0244,3951.0,8.281977058867758,Wireless,AT&T Mobility,Sin asignar,-0.9247843819388938,0.1863269182422211,-2.417785063289399,1.7357254355048397,-0.8811978807454991,0,train,6,0,Financial District/South Beach,0,94105,0,37.78595592565,-122.39646145602
16wr-0205,3933.0,8.277411998949004,Wireless,AT&T Mobility,Sin asignar,-0.9247843819388938,0.1863269182422211,-2.1216384449816084,-1.9793346869495807,-0.8811978807454991,0,train,3,0,Financial District/South Beach,0,94111,0,37.79344497725,-122.39696534542
16WR-0138,3926.0,8.27563105457801,Wireless,Verizon Wireless,Sin asignar,-0.9247843819388938,0.1863269182422211,-2.1216384449816084,-1.9793346869495807,-0.8811978807454991,0,train,2,0,Presidio Heights,0,94118,0,37.78640843383,-122.45188686249
17WR-0141,3935.0,8.277920258172143,Wireless,Verizon Wireless,Sin asignar,-0.9247843819388938,0.1863269182422211,-2.1216384449816084,0.7225272202899977,-0.8811978807454991,0,train,6,0,Financial District/South Beach,0,94105,0,37.79084315349,-122.39008993067
17WR-0209,3932.0,8.27715777243181,Wireless,Verizon Wireless,Otros,-0.9247843819388938,0.1863269182422211,-1.8254918266738176,-1.9793346869495807,-0.8811978807454991,0,train,8,0,Haight Ashbury,0,94117,0,37.76964959796,-122.43494929513
16WR-0473,3945.0,8.28045768658256,Wireless,"ExteNet Systems, Inc.",Sin asignar,-0.9247843819388938,0.1863269182422211,-2.1216384449816084,-0.2906709949248441,-0.8811978807454991,0,train,3,0,Russian Hill,0,94109,0,37.79327805387,-122.4222206397
17WR-0224,3935.0,8.277920258172143,Wireless,Otros,Otros,-0.9076139353104676,0.1863269182422211,-2.1216384449816084,1.3979926970998924,-0.8811978807454991,0,train,8,0,Inner Sunset,0,94117,0,37.76601250899,-122.45481561411
18WR-0369,3938.0,8.278682162970906,Wireless,Otros,Sin asignar,-0.9247843819388938,0.1863269182422211,-1.2331985900582365,-0.2906709949248441,-0.8811978807454991,0,test,9,0,Mission,0,94110,0,37.75138016481,-122.40818504465
17WR-0246,3929.0,8.276394704863307,Wireless,"ExteNet Systems, Inc.",Sin asignar,-0.9076139353104676,0.1863269182422211,-2.1216384449816084,1.7357254355048397,-0.8811978807454991,0,train,9,0,Bernal Heights,0,94110,0,37.74793628744,-122.42085053033
21WR-00092,3939.0,8.27893600229198,Wireless,Otros,Sin asignar,-0.9247843819388938,0.1863269182422211,-0.6409053534426555,-1.9793346869495807,-0.8811978807454991,0,train,10,0,Bayview Hunters Point,0,94124,0,37.7210915501,-122.3918130106
16WR-0167,3942.0,8.279697133877628,Wireless,"ExteNet Systems, Inc.",Sin asignar,-0.9247843819388938,0.1863269182422211,-2.417785063289399,1.060259958694945,-0.8811978807454991,0,train,3,0,Nob Hill,0,94109,0,37.78951524692,-122.41471663749
15WR-0479,3936.0,8.278174290943738,Wireless,Verizon Wireless,Sin asignar,-0.9247843819388938,0.1863269182422211,-2.417785063289399,-1.9793346869495807,-0.8811978807454991,0,train,6,0,South of Market,0,94103,0,37.7835194765,-122.40081676324
18WR-0079,3950.0,8.281723990411392,Wireless,Otros,Sin asignar,-0.9247843819388938,0.1863269182422211,-1.529345208366027,0.3847944818850504,-0.8811978807454991,0,train,9,0,Mission,0,94110,0,37.76010215528,-122.41935381695
18wr-0086,3937.0,8.278428259199071,Wireless,AT&T Mobility,Sin asignar,-0.9247843819388938,0.1863269182422211,-1.8254918266738176,0.0470617434801031,-0.8811978807454991,0,train,6,0,Financial District/South Beach,0,94105,0,37.79105948491,-122.39751384881
15WR-0054,3941.0,8.279443487712665,Wireless,"ExteNet Systems, Inc.",Sin asignar,-0.9247843819388938,0.1863269182422211,-2.713931681597189,1.7357254355048397,-0.8811978807454991,0,train,3,0,Chinatown,0,94108,0,37.7950699513,-122.40992571704
16WR-0185,3938.0,8.278682162970906,Wireless,AT&T Mobility,Sin asignar,-0.9247843819388938,0.1863269182422211,-2.1216384449816084,-1.9793346869495807,-0.8811978807454991,0,train,6,0,Financial District/South Beach,0,94105,0,37.78838213934,-122.39649030928
18WR-0152,3937.0,8.278428259199071,Wireless,"ExteNet Systems, Inc.",Sin asignar,-0.9247843819388938,0.1863269182422211,-1.8254918266738176,1.3979926970998924,-0.8811978807454991,0,test,3,0,Financial District/South Beach,0,94104,0,37.79113180924,-122.40012779964
14WR-0134,3956.0,8.283241441385425,Wireless,Verizon Wireless,Sin asignar,-0.9247843819388938,0.1863269182422211,-2.713931681597189,1.7357254355048397,-0.8811978807454991,0,train,6,0,South of Market,0,94107,0,37.77957962341,-122.39538654813
15wr-0424,3955.0,8.282988692742602,Wireless,Verizon Wireless,Otros,-0.9247843819388938,0.1863269182422211,-2.417785063289399,0.0470617434801031,-0.8811978807454991,0,train,6,0,Mission,0,94103,0,37.76997239365,-122.40951300891
16WR-0557,3951.0,8.281977058867758,Wireless,AT&T Mobility,Sin asignar,-0.9247843819388938,0.1863269182422211,-2.1216384449816084,-1.303869210139686,-0.8811978807454991,0,test,6,0,Financial District/South Beach,0,94103,0,37.78688001396,-122.40273950808
16WR-0470,3946.0,8.280711075662847,Wireless,"ExteNet Systems, Inc.",Sin asignar,-0.9247843819388938,0.1863269182422211,-2.1216384449816084,-0.9661364717347388,-0.8811978807454991,0,test,2,0,Russian Hill,0,94109,0,37.80619400173,-122.42190637032
16WR-0449,3955.0,8.282988692742602,Wireless,"ExteNet Systems, Inc.",Sin asignar,-0.9247843819388938,0.1863269182422211,-2.1216384449816084,-0.6284037333297915,-0.8811978807454991,0,train,5,0,Hayes Valley,0,94102,0,37.77765775773,-122.42065245588
15WR-0202,3947.0,8.280964400553373,Wireless,"ExteNet Systems, Inc.",Sin asignar,-0.9247843819388938,0.1863269182422211,-2.417785063289399,-1.6416019485446334,-0.8811978807454991,0,train,5,0,Tenderloin,0,94102,0,37.78282896684,-122.41557434015
15WR-0375,3955.0,8.282988692742602,Wireless,"ExteNet Systems, Inc.",Sin asignar,-0.9247843819388938,0.1863269182422211,-2.417785063289399,-1.6416019485446334,-0.8811978807454991,0,train,3,0,North Beach,0,94133,0,37.80159846205,-122.40659101181
16WR-0143,3928.0,8.27614021955846,Wireless,"ExteNet Systems, Inc.",Sin asignar,-0.9247843819388938,0.1863269182422211,-2.417785063289399,1.3979926970998924,-0.8811978807454991,0,test,3,0,Russian Hill,0,94109,0,37.80159698771,-122.42366357397
17wr-0065,3929.0,8.276394704863307,Wireless,"ExteNet Systems, Inc.",Sin asignar,-0.9247843819388938,0.1863269182422211,-2.1216384449816084,0.7225272202899977,-0.8811978807454991,0,train,2,0,Western Addition,0,94109,0,37.79011605374,-122.42315357322
18WR-0357,3935.0,8.277920258172143,Wireless,Otros,Sin asignar,-0.9247843819388938,0.1863269182422211,-1.529345208366027,0.0470617434801031,-0.8811978807454991,0,train,5,0,Hayes Valley,0,94117,0,37.77576729631,-122.43811882432
15wr-0139,3941.0,8.279443487712665,Wireless,"ExteNet Systems, Inc.",Sin asignar,-0.9247843819388938,0.1863269182422211,-2.417785063289399,-0.2906709949248441,-0.8811978807454991,0,test,3,0,Nob Hill,0,94109,0,37.79120891892,-122.41665155638
15WR-0533,3947.0,8.280964400553373,Wireless,Otros,Sin asignar,-0.9247843819388938,0.1863269182422211,-2.713931681597189,1.7357254355048397,-0.8811978807454991,0,train,8,0,Noe Valley,0,94114,0,37.75485148376,-122.43015485485
16WR-0113,3929.0,8.276394704863307,Wireless,Verizon Wireless,Sin asignar,-0.9247843819388938,0.1863269182422211,-2.1216384449816084,0.3847944818850504,-0.8811978807454991,0,train,2,0,Presidio Heights,0,94118,0,37.78980053164,-122.44929246965
19WR-00006,3937.0,8.278428259199071,Wireless,Otros,Sin asignar,-0.9247843819388938,0.1863269182422211,-1.529345208366027,-0.2906709949248441,-0.8811978807454991,0,test,5,0,Hayes Valley,0,94123,0,37.77645514881,-122.42113370134
16WR-0272,3933.0,8.277411998949004,Wireless,AT&T Mobility,Sin asignar,-0.9247843819388938,0.1863269182422211,-2.1216384449816084,-1.6416019485446334,-0.8811978807454991,0,train,6,0,South of Market,0,94107,0,37.78128577073,-122.39889239824
16WR-0285,3938.0,8.278682162970906,Wireless,AT&T Mobility,Sin asignar,-0.9247843819388938,0.1863269182422211,-2.1216384449816084,-1.6416019485446334,-0.8811978807454991,0,test,6,0,South of Market,0,94103,0,37.78351944208,-122.40081889825
15WR-0478,3952.0,8.282230063296685,Wireless,Verizon Wireless,Sin asignar,-0.9247843819388938,0.1863269182422211,-2.417785063289399,-1.6416019485446334,-0.8811978807454991,0,train,6,0,Mission,0,94103,0,37.7735328348,-122.41620267001
16WR-0196,3942.0,8.279697133877628,Wireless,"ExteNet Systems, Inc.",Sin asignar,-0.9247843819388938,0.1863269182422211,-2.417785063289399,1.3979926970998924,-0.8811978807454991,0,train,3,0,Tenderloin,0,94109,0,37.78655769773,-122.41536071075
15WR-0191,3935.0,8.277920258172143,Wireless,"ExteNet Systems, Inc.",Sin asignar,-0.9247843819388938,0.1863269182422211,-2.417785063289399,-1.9793346869495807,-0.8811978807454991,0,test,5,0,Tenderloin,0,94102,0,37.78579226125,-122.41328006065
15WR-0129,3933.0,8.277411998949004,Wireless,"ExteNet Systems, Inc.",Sin asignar,-0.9247843819388938,0.1863269182422211,-2.713931681597189,1.7357254355048397,-0.8811978807454991,0,train,3,0,Nob Hill,0,94109,0,37.79623848154,-122.4149114913
16WR-0327,3954.0,8.282735880201754,Wireless,"ExteNet Systems, Inc.",Sin asignar,-0.9247843819388938,0.1863269182422211,-1.8254918266738176,-0.6284037333297915,-0.8811978807454991,0,train,3,0,Tenderloin,0,94109,0,37.78631401949,-122.41685514027
16WR-0569,3954.0,8.282735880201754,Wireless,AT&T Mobility,Sin asignar,-0.9247843819388938,0.1863269182422211,-2.1216384449816084,-0.9661364717347388,-0.8811978807454991,0,train,6,0,Financial District/South Beach,0,94107,0,37.78292369827,-122.3931955112
18WR-0161,3956.0,8.283241441385425,Wireless,AT&T Mobility,Sin asignar,-0.9247843819388938,0.1863269182422211,-1.8254918266738176,1.3979926970998924,-0.8811978807454991,0,train,9,0,Mission,0,94110,0,37.75263718055,-122.40992831386
15WR-0151,3949.0,8.281470857895167,Wireless,"ExteNet Systems, Inc.",Sin asignar,-0.9247843819388938,0.1863269182422211,-2.417785063289399,-1.9793346869495807,-0.8811978807454991,0,test,3,0,Financial District/South Beach,0,94104,0,37.79074113204,-122.40316661246
17WR-0289,3934.0,8.277666160851503,Wireless,Verizon Wireless,Sin asignar,-0.9247843819388938,0.1863269182422211,-1.529345208366027,-1.303869210139686,-0.8811978807454991,0,train,5,0,Haight Ashbury,0,94117,0,37.77085400821,-122.4338225542
17WR-0085,3931.0,8.276903481267057,Wireless,Otros,Sin asignar,-0.9247843819388938,0.1863269182422211,-2.1216384449816084,1.060259958694945,-0.8811978807454991,0,train,6,0,Financial District/South Beach,0,Desconocido,0,37.78420529312,-122.39211876641
18WR-0174,3937.0,8.278428259199071,Wireless,AT&T Mobility,Sin asignar,-0.9247843819388938,0.1863269182422211,-1.8254918266738176,1.3979926970998924,-0.8811978807454991,0,train,2,0,Presidio Heights,0,94118,0,37.78762985251,-122.45012707947
18WR-0121,3936.0,8.278174290943738,Wireless,Otros,Otros,-0.9247843819388938,0.1863269182422211,-1.8254918266738176,0.7225272202899977,-0.8811978807454991,0,test,5,0,Pacific Heights,0,94115,0,37.78684950697,-122.43565833468
18WR-0402,3928.0,8.27614021955846,Wireless,Otros,Sin asignar,-0.9247843819388938,0.1863269182422211,-1.529345208366027,0.0470617434801031,-0.8811978807454991,0,train,8,0,Inner Sunset,0,94117,0,37.76570459057,-122.45722896788
17wr-0226,3931.0,8.276903481267057,Wireless,Otros,Sin asignar,-0.9076139353104676,0.1863269182422211,-2.1216384449816084,1.060259958694945,-0.8811978807454991,0,train,4,0,Sunset/Parkside,0,94122,0,37.76461904589,-122.49238607705
18WR-0131,3940.0,8.279189777195004,Wireless,Verizon Wireless,Otros,-0.9247843819388938,0.1863269182422211,-1.8254918266738176,0.3847944818850504,-0.8811978807454991,0,train,2,0,Pacific Heights,0,94115,0,37.79228991239,-122.42997651318
18WR-0169,3941.0,8.279443487712665,Wireless,AT&T Mobility,Sin asignar,-0.9247843819388938,0.1863269182422211,-1.8254918266738176,1.060259958694945,-0.8811978807454991,0,train,2,0,Lone Mountain/USF,0,94115,0,37.78250039038,-122.44232247749
18WR-0128,3949.0,8.281470857895167,Wireless,AT&T Mobility,Otros,-0.9247843819388938,0.1863269182422211,-1.8254918266738176,0.3847944818850504,-0.8811978807454991,0,train,8,0,Inner Sunset,0,94117,0,37.76137677524,-122.45176394706
15WR-0451,3956.0,8.283241441385425,Wireless,"ExteNet Systems, Inc.",Sin asignar,-0.9247843819388938,0.1863269182422211,-2.713931681597189,1.7357254355048397,-0.8811978807454991,0,train,5,0,Tenderloin,0,94102,0,37.77947698133,-122.4175968462
16WR-0320,3940.0,8.279189777195004,Wireless,"ExteNet Systems, Inc.",Sin asignar,-0.9076139353104676,0.1863269182422211,-2.1216384449816084,1.060259958694945,-0.8811978807454991,0,train,9,0,Mission,0,94110,0,37.75451607705,-122.41223510539
19WR-00125,3948.0,8.28121766128665,Wireless,Otros,Sin asignar,-0.9247843819388938,0.1863269182422211,-1.2331985900582365,-1.9793346869495807,-0.8811978807454991,0,train,11,0,Outer Mission,0,94112,0,37.70834863306,-122.45445461531
18WR-0070,3956.0,8.283241441385425,Wireless,AT&T Mobility,Sin asignar,-0.9076139353104676,0.1863269182422211,-1.8254918266738176,1.060259958694945,-0.8811978807454991,0,test,8,0,Castro/Upper Market,0,94114,0,37.76916152759,-122.43162313783
16WR-0509,3948.0,8.28121766128665,Wireless,"ExteNet Systems, Inc.",Sin asignar,-0.9247843819388938,0.1863269182422211,-2.1216384449816084,-0.6284037333297915,-0.8811978807454991,0,train,3,0,Nob Hill,0,94108,0,37.79166359731,-122.41239822095
21WR-00038,3935.0,8.277920258172143,Wireless,Otros,Sin asignar,-0.9247843819388938,0.1863269182422211,-0.937051971750446,-0.2906709949248441,-0.8811978807454991,0,train,10,0,Potrero Hill,0,94107,0,37.75757716176,-122.39306372681
15WR-0012,3942.0,8.279697133877628,Wireless,"ExteNet Systems, Inc.",Sin asignar,-0.9247843819388938,0.1863269182422211,-2.713931681597189,1.7357254355048397,-0.8811978807454991,0,train,3,0,Russian Hill,0,94109,0,37.79884719646,-122.41911613084
15WR-0189,3949.0,8.281470857895167,Wireless,"ExteNet Systems, Inc.",Sin asignar,-0.9247843819388938,0.1863269182422211,-2.417785063289399,-1.9793346869495807,-0.8811978807454991,0,train,3,0,Russian Hill,0,94109,0,37.80366059171,-122.41978696275
16WR-0169,3942.0,8.279697133877628,Wireless,"ExteNet Systems, Inc.",Sin asignar,-0.9247843819388938,0.1863269182422211,-2.417785063289399,1.060259958694945,-0.8811978807454991,0,test,3,0,Nob Hill,0,94109,0,37.78889295472,-122.41983056831
15wr-0611,3934.0,8.277666160851503,Wireless,Otros,Sin asignar,-0.9247843819388938,0.1863269182422211,-2.417785063289399,0.7225272202899977,-0.8811978807454991,0,train,3,0,Financial District/South Beach,0,94111,0,37.79344497725,-122.39696534542
18WR-0123,3929.0,8.276394704863307,Wireless,Otros,Sin asignar,-0.9247843819388938,0.1863269182422211,-1.529345208366027,-0.6284037333297915,-0.8811978807454991,0,test,8,0,Castro/Upper Market,0,94114,0,37.76410596436,-122.43288737758
19WR-00145,3926.0,8.27563105457801,Wireless,Otros,Sin asignar,-0.9247843819388938,0.1863269182422211,-1.529345208366027,1.060259958694945,-0.8811978807454991,0,train,9,0,Mission,0,94103,0,37.76891406767,-122.4102412053
15WR-0039,3938.0,8.278682162970906,Wireless,"ExteNet Systems, Inc.",Otros,-0.9247843819388938,0.1863269182422211,-2.417785063289399,-1.9793346869495807,-0.8811978807454991,0,train,3,0,Nob Hill,0,94102,0,37.78815074012,-122.41037563662
15WR-0394,3955.0,8.282988692742602,Wireless,"ExteNet Systems, Inc.",Sin asignar,-0.9247843819388938,0.1863269182422211,-2.417785063289399,-1.6416019485446334,-0.8811978807454991,0,test,3,0,Nob Hill,0,94108,0,37.7914049159,-122.41024821343
15WR-0377,3929.0,8.276394704863307,Wireless,"ExteNet Systems, Inc.",Sin asignar,-0.9247843819388938,0.1863269182422211,-2.417785063289399,-1.9793346869495807,-0.8811978807454991,0,train,2,0,Russian Hill,0,94109,0,37.80574956951,-122.42181556726
15WR-0173,3929.0,8.276394704863307,Wireless,"ExteNet Systems, Inc.",Sin asignar,-0.9247843819388938,0.1863269182422211,-2.713931681597189,1.7357254355048397,-0.8811978807454991,0,train,5,0,Tenderloin,0,94102,0,37.78408360557,-122.41042423999
16WR-0441,3946.0,8.280711075662847,Wireless,"ExteNet Systems, Inc.",Sin asignar,-0.9247843819388938,0.1863269182422211,-2.1216384449816084,-0.9661364717347388,-0.8811978807454991,0,test,5,0,Hayes Valley,0,94102,0,37.77724321373,-122.42322905594
15WR-0106,3935.0,8.277920258172143,Wireless,"ExteNet Systems, Inc.",Sin asignar,-0.9247843819388938,0.1863269182422211,-2.713931681597189,1.7357254355048397,-0.8811978807454991,0,test,3,0,Chinatown,0,94133,0,37.79760953547,-122.41182914729
18WR-0120,3949.0,8.281470857895167,Wireless,Otros,Sin asignar,-0.9247843819388938,0.1863269182422211,-1.8254918266738176,0.3847944818850504,-0.8811978807454991,0,test,3,0,North Beach,0,94133,0,37.80540584044,-122.41032170701
14WR-0139,3947.0,8.280964400553373,Wireless,Otros,Sin asignar,-0.9076139353104676,0.1863269182422211,-2.713931681597189,1.7357254355048397,-0.8811978807454991,0,test,6,0,South of Market,0,94103,0,37.77232322717,-122.41318565549
21WR-00109,3945.0,8.28045768658256,Wireless,Otros,Sin asignar,-0.9247843819388938,0.1863269182422211,-0.6409053534426555,-1.303869210139686,-0.8811978807454991,0,test,9,0,Portola,0,94134,0,37.72566554413,-122.40701806378
16WR-0151,3948.0,8.28121766128665,Wireless,AT&T Mobility,Sin asignar,-0.9247843819388938,0.1863269182422211,-2.1216384449816084,-1.303869210139686,-0.8811978807454991,0,test,6,0,Financial District/South Beach,0,94103,0,37.78449619561,-122.40141681781
18WR-0117,3942.0,8.279697133877628,Wireless,Otros,Sin asignar,-0.9247843819388938,0.1863269182422211,-1.8254918266738176,1.060259958694945,-0.8811978807454991,0,train,10,0,Bayview Hunters Point,0,94124,0,37.74008164733,-122.3869667698
17WR-0034,3929.0,8.276394704863307,Wireless,"ExteNet Systems, Inc.",Sin asignar,-0.9247843819388938,0.1863269182422211,-2.1216384449816084,0.7225272202899977,-0.8811978807454991,0,train,9,0,Mission,0,94110,0,37.74832247017,-122.41257823808
15WR-0167,3939.0,8.27893600229198,Wireless,"ExteNet Systems, Inc.",Sin asignar,-0.9247843819388938,0.1863269182422211,-2.713931681597189,1.7357254355048397,-0.8811978807454991,0,test,3,0,Nob Hill,0,94109,0,37.79238853426,-122.42001822287
17WR-0223,3935.0,8.277920258172143,Wireless,Otros,Otros,-0.9247843819388938,0.1863269182422211,-2.1216384449816084,1.3979926970998924,-0.8811978807454991,0,train,5,0,Haight Ashbury,0,94117,0,37.76994897596,-122.45351222917
17WR-0252,3945.0,8.28045768658256,Wireless,Otros,Sin asignar,-0.9247843819388938,0.1863269182422211,-1.529345208366027,-0.2906709949248441,-0.8811978807454991,0,train,2,0,Pacific Heights,0,94123,0,37.79556378742,-122.42996536657
19WR-00105,3939.0,8.27893600229198,Wireless,Otros,Sin asignar,-0.9247843819388938,0.1863269182422211,-1.529345208366027,1.060259958694945,-0.8811978807454991,0,train,8,0,Castro/Upper Market,0,94110,0,37.75884640049,-122.42596427591
16WR-0137,3939.0,8.27893600229198,Wireless,Verizon Wireless,Sin asignar,-0.9247843819388938,0.1863269182422211,-2.1216384449816084,-1.9793346869495807,-0.8811978807454991,0,train,2,0,Pacific Heights,0,94115,0,37.78759913789,-122.44294445892
16WR-0133,3948.0,8.28121766128665,Wireless,Verizon Wireless,Sin asignar,-0.9247843819388938,0.1863269182422211,-2.1216384449816084,-1.6416019485446334,-0.8811978807454991,0,train,2,0,Pacific Heights,0,94109,0,37.79237814025,-122.42784533661
16wr-0027,3934.0,8.277666160851503,Wireless,Otros,Sin asignar,-0.9247843819388938,0.1863269182422211,-2.417785063289399,0.7225272202899977,-0.8811978807454991,0,train,3,0,Nob Hill,0,94108,0,37.79110118912,-122.40786361433
18WR-0303,3929.0,8.276394704863307,Wireless,Otros,Sin asignar,-0.9247843819388938,0.1863269182422211,-1.529345208366027,-0.2906709949248441,-0.8811978807454991,0,test,2,0,Marina,0,94123,0,37.79732537374,-122.44200681525
16WR-0189,3944.0,8.280204233279974,Wireless,"ExteNet Systems, Inc.",Sin asignar,-0.9247843819388938,0.1863269182422211,-2.417785063289399,1.060259958694945,-0.8811978807454991,0,train,3,0,Nob Hill,0,94109,0,37.79201449335,-122.42081923612
17wr-0227,3935.0,8.277920258172143,Wireless,Otros,Otros,-0.9247843819388938,0.1863269182422211,-2.1216384449816084,1.3979926970998924,-0.8811978807454991,0,test,4,0,Sunset/Parkside,0,94122,0,37.76423402706,-122.49958517771
21WR-00052,3927.0,8.275885669474356,Wireless,Otros,Sin asignar,-0.9247843819388938,0.1863269182422211,-0.937051971750446,0.0470617434801031,-0.8811978807454991,0,train,2,0,Marina,0,94123,0,37.79707263244,-122.43787270715
16WR-0194,3942.0,8.279697133877628,Wireless,"ExteNet Systems, Inc.",Sin asignar,-0.9247843819388938,0.1863269182422211,-2.417785063289399,1.3979926970998924,-0.8811978807454991,0,train,3,0,Nob Hill,0,94108,0,37.79002626975,-122.41069637081
18WR-0129,3940.0,8.279189777195004,Wireless,Otros,Sin asignar,-0.9247843819388938,0.1863269182422211,-1.529345208366027,-0.9661364717347388,-0.8811978807454991,0,train,2,0,Pacific Heights,0,94115,0,37.79067653137,-122.43096074236
16WR-0478,3939.0,8.27893600229198,Wireless,"ExteNet Systems, Inc.",Sin asignar,-0.9247843819388938,0.1863269182422211,-2.1216384449816084,-0.9661364717347388,-0.8811978807454991,0,train,3,0,Russian Hill,0,94109,0,37.80270049129,-122.42057600387
19WR-00238,3933.0,8.277411998949004,Wireless,Otros,Sin asignar,-0.9247843819388938,0.1863269182422211,-1.2331985900582365,-1.303869210139686,-0.8811978807454991,0,train,3,0,Financial District/South Beach,0,94108,0,37.79080225068,-122.40708067682
15WR-0005,3943.0,8.279950715722526,Wireless,"ExteNet Systems, Inc.",Sin asignar,-0.9247843819388938,0.1863269182422211,-2.713931681597189,1.7357254355048397,-0.8811978807454991,0,train,3,0,Russian Hill,0,94133,0,37.80366407295,-122.41637438183
15WR-0125,3934.0,8.277666160851503,Wireless,"ExteNet Systems, Inc.",Sin asignar,-0.9247843819388938,0.1863269182422211,-2.713931681597189,1.7357254355048397,-0.8811978807454991,0,train,3,0,Russian Hill,0,94109,0,37.80056073586,-122.41916106372
15WR-0087,3936.0,8.278174290943738,Wireless,"ExteNet Systems, Inc.",Sin asignar,-0.9247843819388938,0.1863269182422211,-2.713931681597189,1.7357254355048397,-0.8811978807454991,0,test,3,0,North Beach,0,94133,0,37.80061016096,-122.40868700631
16WR-0026,3934.0,8.277666160851503,Wireless,Otros,Sin asignar,-0.9247843819388938,0.1863269182422211,-2.417785063289399,0.7225272202899977,-0.8811978807454991,0,train,3,0,Nob Hill,0,94108,0,37.79190172026,-122.41133322438
15WR-0098,3935.0,8.277920258172143,Wireless,"ExteNet Systems, Inc.",Sin asignar,-0.9247843819388938,0.1863269182422211,-2.713931681597189,1.7357254355048397,-0.8811978807454991,0,test,3,0,Russian Hill,0,94109,0,37.80250511783,-122.41985423448
15WR-0322,3953.0,8.282483003730562,Wireless,Verizon Wireless,Sin asignar,-0.9247843819388938,0.1863269182422211,-2.713931681597189,1.7357254355048397,-0.8811978807454991,0,train,6,0,South of Market,0,94107,0,37.78125895892,-122.39614078242
16WR-0315,3931.0,8.276903481267057,Wireless,"ExteNet Systems, Inc.",Sin asignar,-0.9247843819388938,0.1863269182422211,-2.1216384449816084,1.060259958694945,-0.8811978807454991,0,train,9,0,Noe Valley,0,94110,0,37.74709766764,-122.42165256815
16WR-0440,3950.0,8.281723990411392,Wireless,"ExteNet Systems, Inc.",Sin asignar,-0.9247843819388938,0.1863269182422211,-1.8254918266738176,-1.303869210139686,-0.8811978807454991,0,test,6,0,Tenderloin,0,94102,0,37.77733406431,-122.41814157379
16wr-0210,3938.0,8.278682162970906,Wireless,Otros,Sin asignar,-0.9247843819388938,0.1863269182422211,-2.1216384449816084,-1.9793346869495807,-0.8811978807454991,0,train,3,0,Chinatown,0,94108,0,37.79582330348,-122.40521449336
16WR-0106,3939.0,8.27893600229198,Wireless,Verizon Wireless,Sin asignar,-0.9247843819388938,0.1863269182422211,-2.1216384449816084,-0.9661364717347388,-0.8811978807454991,0,train,2,0,Presidio Heights,0,94118,0,37.78592376287,-122.45600803115
15WR-0370,3931.0,8.276903481267057,Wireless,"ExteNet Systems, Inc.",Sin asignar,-0.9247843819388938,0.1863269182422211,-2.417785063289399,-1.6416019485446334,-0.8811978807454991,0,test,3,0,Financial District/South Beach,0,94111,0,37.79893469133,-122.40096159136
18WR-0126,3949.0,8.281470857895167,Wireless,AT&T Mobility,Sin asignar,-0.9247843819388938,0.1863269182422211,-1.8254918266738176,0.3847944818850504,-0.8811978807454991,0,train,3,0,North Beach,0,94133,0,37.79954322389,-122.40724679545
17WR-0138,3948.0,8.28121766128665,Wireless,Verizon Wireless,Otros,-0.9247843819388938,0.1863269182422211,-2.1216384449816084,1.3979926970998924,-0.8811978807454991,0,train,8,0,Haight Ashbury,0,94117,0,37.76591550912,-122.44594654769
17WR-0030,3947.0,8.280964400553373,Wireless,AT&T Mobility,Sin asignar,-0.9247843819388938,0.1863269182422211,-2.1216384449816084,-0.6284037333297915,-0.8811978807454991,0,train,3,0,Financial District/South Beach,0,94111,0,37.79464858373,-122.39965039077
21WR-00087,3944.0,8.280204233279974,Wireless,Otros,Sin asignar,-0.9247843819388938,0.1863269182422211,-0.937051971750446,1.7357254355048397,-0.8811978807454991,0,train,10,0,Bayview Hunters Point,0,94134,0,37.71280068572,-122.40034341359
18WR-0287,3952.0,8.282230063296685,Wireless,Otros,Sin asignar,-0.9247843819388938,0.1863269182422211,-1.2331985900582365,-1.6416019485446334,-0.8811978807454991,0,test,10,0,Bayview Hunters Point,0,94124,0,37.74879096557,-122.39702423776
21WR-00032,3934.0,8.277666160851503,Wireless,Otros,Sin asignar,-0.9247843819388938,0.1863269182422211,-0.937051971750446,-0.2906709949248441,-0.8811978807454991,0,train,9,0,Portola,0,94134,0,37.7268946206,-122.40562228083
14WR-0027,4330.0,8.373553741214627,Wireless,"ExteNet Systems, Inc.",Sin asignar,-0.9247843819388938,0.1863269182422211,-2.713931681597189,-0.9661364717347388,-0.8811978807454991,0,train,3,0,Chinatown,0,94133,0,37.79572343063,-122.40969587345
16wr-0275,3938.0,8.278682162970906,Wireless,AT&T Mobility,Sin asignar,-0.9247843819388938,0.1863269182422211,-2.1216384449816084,-1.9793346869495807,-0.8811978807454991,0,train,6,0,Financial District/South Beach,0,Desconocido,0,37.78637892344,-122.3956454663
18WR-0400,3952.0,8.282230063296685,Wireless,Otros,Sin asignar,-0.9247843819388938,0.1863269182422211,-1.529345208366027,0.3847944818850504,-0.8811978807454991,0,train,2,0,Marina,0,94123,0,37.7976672714,-122.43931995916
15WR-0589,3942.0,8.279697133877628,Wireless,Otros,Sin asignar,-0.9247843819388938,0.1863269182422211,-2.417785063289399,0.7225272202899977,-0.8811978807454991,0,test,1,0,Outer Richmond,0,94121,0,37.77497755156,-122.49297351938
17WR-0146,3950.0,8.281723990411392,Wireless,Verizon Wireless,Otros,-0.9076139353104676,0.1863269182422211,-1.8254918266738176,-1.303869210139686,-0.8811978807454991,0,train,5,0,Haight Ashbury,0,94117,0,37.76740204135,-122.4457689371
17WR-0069,3946.0,8.280711075662847,Wireless,AT&T Mobility,Sin asignar,-0.9247843819388938,0.1863269182422211,-2.1216384449816084,0.0470617434801031,-0.8811978807454991,0,train,3,0,Financial District/South Beach,0,94111,0,37.79318067332,-122.39905207704
17WR-0304,3931.0,8.276903481267057,Wireless,"ExteNet Systems, Inc.",Otros,-0.9247843819388938,0.1863269182422211,-1.8254918266738176,0.0470617434801031,-0.8811978807454991,0,test,2,0,Western Addition,0,94109,0,37.78504872883,-122.42307970156
16WR-0131,3929.0,8.276394704863307,Wireless,Verizon Wireless,Otros,-0.9247843819388938,0.1863269182422211,-2.1216384449816084,1.7357254355048397,-0.8811978807454991,0,test,2,0,Pacific Heights,0,94115,0,37.78858726852,-122.43517784428
15WR-0263,3936.0,8.278174290943738,Wireless,"ExteNet Systems, Inc.",Sin asignar,-0.9247843819388938,0.1863269182422211,-2.417785063289399,-1.9793346869495807,-0.8811978807454991,0,train,5,0,Tenderloin,0,94102,0,37.78154154398,-122.41149480451
20WR-00029,3947.0,8.280964400553373,Wireless,Otros,Sin asignar,-0.9247843819388938,0.1863269182422211,-0.937051971750446,-1.303869210139686,-0.8811978807454991,0,test,3,0,Tenderloin,0,94109,0,37.78616924283,-122.41864972676
17wr-0102,3954.0,8.282735880201754,Wireless,"ExteNet Systems, Inc.",Sin asignar,-0.9247843819388938,0.1863269182422211,-2.1216384449816084,1.3979926970998924,-0.8811978807454991,0,train,2,0,Western Addition,0,94109,0,37.78226699313,-122.42575230383
16WR-0445,3951.0,8.281977058867758,Wireless,"ExteNet Systems, Inc.",Sin asignar,-0.9247843819388938,0.1863269182422211,-2.1216384449816084,1.3979926970998924,-0.8811978807454991,0,test,5,0,Tenderloin,0,94102,0,37.78032084609,-122.41537865921
16WR-0380,3936.0,8.278174290943738,Wireless,"ExteNet Systems, Inc.",Sin asignar,-0.9076139353104676,0.1863269182422211,-2.1216384449816084,0.7225272202899977,-0.8811978807454991,0,test,10,0,Bayview Hunters Point,0,94124,0,37.73509857995,-122.39036104967
15wr-0541,3947.0,8.280964400553373,Wireless,Otros,Sin asignar,-0.9247843819388938,0.1863269182422211,-2.713931681597189,1.7357254355048397,-0.8811978807454991,0,train,8,0,Glen Park,0,94131,0,37.73856928024,-122.43425915581
16WR-0204,3942.0,8.279697133877628,Wireless,"ExteNet Systems, Inc.",Sin asignar,-0.9247843819388938,0.1863269182422211,-2.417785063289399,1.3979926970998924,-0.8811978807454991,0,test,3,0,North Beach,0,94133,0,37.79943628708,-122.4030829717
18WR-0177,3956.0,8.283241441385425,Wireless,AT&T Mobility,Sin asignar,-0.9247843819388938,0.1863269182422211,-1.8254918266738176,1.060259958694945,-0.8811978807454991,0,train,7,0,West of Twin Peaks,0,94127,0,37.73137198701,-122.45005861581
17WR-0306,3954.0,8.282735880201754,Wireless,"ExteNet Systems, Inc.",Sin asignar,-0.9247843819388938,0.1863269182422211,-1.8254918266738176,1.060259958694945,-0.8811978807454991,0,train,3,0,North Beach,0,94133,0,37.80543878813,-122.40830807448
16WR-0221,3938.0,8.278682162970906,Wireless,"ExteNet Systems, Inc.",Sin asignar,-0.9247843819388938,0.1863269182422211,-2.417785063289399,1.3979926970998924,-0.8811978807454991,0,train,5,0,Tenderloin,0,94102,0,37.78670110412,-122.4121707912
16WR-0521,3935.0,8.277920258172143,Wireless,"ExteNet Systems, Inc.",Sin asignar,-0.9247843819388938,0.1863269182422211,-2.1216384449816084,-1.303869210139686,-0.8811978807454991,0,test,3,0,North Beach,0,94133,0,37.80401739707,-122.41007647508
17WR-0118,3956.0,8.283241441385425,Wireless,"ExteNet Systems, Inc.",Sin asignar,-0.9247843819388938,0.1863269182422211,-1.8254918266738176,1.060259958694945,-0.8811978807454991,0,train,3,0,North Beach,0,94133,0,37.79964860151,-122.40874667377
18WR-0214,3940.0,8.279189777195004,Wireless,Otros,Sin asignar,-0.9247843819388938,0.1863269182422211,-1.529345208366027,-0.2906709949248441,-0.8811978807454991,0,train,2,0,Marina,0,94123,0,37.79789873286,-122.43750091773
18WR-0087,3945.0,8.28045768658256,Wireless,Otros,Sin asignar,-0.9247843819388938,0.1863269182422211,-1.8254918266738176,1.060259958694945,-0.8811978807454991,0,train,3,0,Nob Hill,0,94109,0,37.79775230491,-122.41647087967
15WR-0169,3937.0,8.278428259199071,Wireless,"ExteNet Systems, Inc.",Sin asignar,-0.9247843819388938,0.1863269182422211,-2.417785063289399,1.7357254355048397,-0.8811978807454991,0,train,3,0,Nob Hill,0,94109,0,37.787856301,-122.41323525819
15WR-0293,3928.0,8.27614021955846,Wireless,"ExteNet Systems, Inc.",Sin asignar,-0.9247843819388938,0.1863269182422211,-2.713931681597189,1.7357254355048397,-0.8811978807454991,0,train,3,0,Nob Hill,0,94108,0,37.79200742301,-122.41338236601
19WR-00157,3944.0,8.280204233279974,Wireless,Otros,Sin asignar,-0.9247843819388938,0.1863269182422211,-1.529345208366027,0.3847944818850504,-0.8811978807454991,0,train,6,0,Financial District/South Beach,0,94105,0,37.78900290937,-122.39570208375
16WR-0010,3948.0,8.28121766128665,Wireless,Verizon Wireless,Sin asignar,-0.9247843819388938,0.1863269182422211,-2.1216384449816084,-1.6416019485446334,-0.8811978807454991,0,train,2,0,Marina,0,94123,0,37.80199491186,-122.44341705044
16WR-0443,3936.0,8.278174290943738,Wireless,"ExteNet Systems, Inc.",Sin asignar,-0.9247843819388938,0.1863269182422211,-1.8254918266738176,0.3847944818850504,-0.8811978807454991,0,train,6,0,South of Market,0,94107,0,37.77875155477,-122.40174899115
19WR-00032,3931.0,8.276903481267057,Wireless,Otros,Sin asignar,-0.9247843819388938,0.1863269182422211,-1.529345208366027,0.0470617434801031,-0.8811978807454991,0,train,3,0,Nob Hill,0,94108,0,37.79131692504,-122.41372894019
15WR-0163,3928.0,8.27614021955846,Wireless,"ExteNet Systems, Inc.",Sin asignar,-0.9247843819388938,0.1863269182422211,-2.713931681597189,1.7357254355048397,-0.8811978807454991,0,train,3,0,Chinatown,0,94108,0,37.79302401305,-122.40816095885
15WR-0118,3934.0,8.277666160851503,Wireless,"ExteNet Systems, Inc.",Sin asignar,-0.9247843819388938,0.1863269182422211,-2.713931681597189,1.7357254355048397,-0.8811978807454991,0,train,3,0,Financial District/South Beach,0,94111,0,37.80112222411,-122.4018920731
18WR-0017,3938.0,8.278682162970906,Wireless,AT&T Mobility,Sin asignar,-0.9247843819388938,0.1863269182422211,-1.8254918266738176,1.3979926970998924,-0.8811978807454991,0,train,4,0,Sunset/Parkside,0,94122,0,37.76333910847,-122.47905476816
18WR-0319,3941.0,8.279443487712665,Wireless,Otros,Sin asignar,-0.9247843819388938,0.1863269182422211,-1.529345208366027,-0.9661364717347388,-0.8811978807454991,0,train,2,0,Lone Mountain/USF,0,94118,0,37.78199873266,-122.45164840144
16WR-0491,3943.0,8.279950715722526,Wireless,"ExteNet Systems, Inc.",Sin asignar,-0.9247843819388938,0.1863269182422211,-2.1216384449816084,0.0470617434801031,-0.8811978807454991,0,test,3,0,Financial District/South Beach,0,94108,0,37.79177832952,-122.4072831452
15WR-0170,3929.0,8.276394704863307,Wireless,"ExteNet Systems, Inc.",Sin asignar,-0.9247843819388938,0.1863269182422211,-2.417785063289399,-1.303869210139686,-0.8811978807454991,0,test,3,0,Nob Hill,0,94109,0,37.78776535763,-122.41365936582
19WR-00039,3933.0,8.277411998949004,Wireless,Otros,Sin asignar,-0.9247843819388938,0.1863269182422211,-1.529345208366027,-0.6284037333297915,-0.8811978807454991,0,train,6,0,Financial District/South Beach,0,94105,0,37.78667132649,-122.39550015779
16WR-0018,3943.0,8.279950715722526,Wireless,Verizon Wireless,Sin asignar,-0.9076139353104676,0.1863269182422211,-2.1216384449816084,-1.303869210139686,-0.8811978807454991,0,train,2,0,Marina,0,94123,0,37.80446046721,-122.43667595306
16wr-0134,3938.0,8.278682162970906,Wireless,Verizon Wireless,Sin asignar,-0.9247843819388938,0.1863269182422211,-2.1216384449816084,-1.9793346869495807,-0.8811978807454991,0,train,2,0,Presidio Heights,0,94115,0,37.78607152326,-122.44496670359
15WR-0033,3930.0,8.27664912542186,Wireless,"ExteNet Systems, Inc.",Sin asignar,-0.9076139353104676,0.1863269182422211,-2.417785063289399,0.0470617434801031,-0.8811978807454991,0,train,3,0,Chinatown,0,94108,0,37.79405048906,-122.40719887465
15WR-0365,3949.0,8.281470857895167,Wireless,"ExteNet Systems, Inc.",Sin asignar,-0.9247843819388938,0.1863269182422211,-2.417785063289399,-1.9793346869495807,-0.8811978807454991,0,test,3,0,Financial District/South Beach,0,94111,0,37.80281630933,-122.40136230936
16WR-0574,3931.0,8.276903481267057,Wireless,AT&T Mobility,Sin asignar,-0.9247843819388938,0.1863269182422211,-2.1216384449816084,-0.9661364717347388,-0.8811978807454991,0,train,6,0,Financial District/South Beach,0,94105,0,37.7933298774,-122.39588644242
19WR-00040,3929.0,8.276394704863307,Wireless,Otros,Sin asignar,-0.9247843819388938,0.1863269182422211,-1.2331985900582365,-0.9661364717347388,-0.8811978807454991,0,train,10,0,Bayview Hunters Point,0,94124,0,37.71910748961,-122.38998565683
15WR-0203,3947.0,8.280964400553373,Wireless,Verizon Wireless,Sin asignar,-0.9247843819388938,0.1863269182422211,-2.417785063289399,-1.6416019485446334,-0.8811978807454991,0,test,6,0,Mission Bay,0,94107,0,37.77898600066,-122.39170568951
15WR-0369,3931.0,8.276903481267057,Wireless,"ExteNet Systems, Inc.",Sin asignar,-0.9247843819388938,0.1863269182422211,-2.417785063289399,-1.6416019485446334,-0.8811978807454991,0,train,3,0,Financial District/South Beach,0,94104,0,37.79188756814,-122.40073265092
14wr-0069,4352.0,8.378620541552298,Wireless,"ExteNet Systems, Inc.",Otros,-0.9247843819388938,0.1863269182422211,-2.713931681597189,-0.6284037333297915,-0.8811978807454991,0,test,3,0,Russian Hill,0,94133,0,37.80048435967,-122.41677583833
15WR-0204,3946.0,8.280711075662847,Wireless,Verizon Wireless,Sin asignar,-0.9247843819388938,0.1863269182422211,-2.417785063289399,-1.6416019485446334,-0.8811978807454991,0,train,6,0,Financial District/South Beach,0,94107,0,37.78409100967,-122.39882293961
16WR-0505,3932.0,8.27715777243181,Wireless,"ExteNet Systems, Inc.",Sin asignar,-0.9076139353104676,0.1863269182422211,-2.1216384449816084,-0.9661364717347388,-0.8811978807454991,0,train,3,0,North Beach,0,94133,0,37.80142629845,-122.41090935352
15WR-0053,3945.0,8.28045768658256,Wireless,"ExteNet Systems, Inc.",Sin asignar,-0.9247843819388938,0.1863269182422211,-2.1216384449816084,-0.2906709949248441,-0.8811978807454991,0,train,3,0,Tenderloin,0,94102,0,37.7862960545,-122.41122637797
16WR-0467,3939.0,8.27893600229198,Wireless,"ExteNet Systems, Inc.",Sin asignar,-0.9247843819388938,0.1863269182422211,-2.1216384449816084,-0.9661364717347388,-0.8811978807454991,0,train,3,0,North Beach,0,94133,0,37.80573392799,-122.41379741503
15WR-0127,3957.0,8.28349412616251,Wireless,"ExteNet Systems, Inc.",Sin asignar,-0.9247843819388938,0.1863269182422211,-2.417785063289399,-0.9661364717347388,-0.8811978807454991,0,train,3,0,Russian Hill,0,94109,0,37.80142781459,-122.42034311899
19WR-00083,3939.0,8.27893600229198,Wireless,Otros,Sin asignar,-0.9247843819388938,0.1863269182422211,-1.529345208366027,-0.2906709949248441,-0.8811978807454991,0,train,8,0,West of Twin Peaks,0,94131,0,37.73350737029,-122.43408613253
17WR-0256,3928.0,8.27614021955846,Wireless,AT&T Mobility,Sin asignar,-0.9076139353104676,0.1863269182422211,-1.8254918266738176,0.7225272202899977,-0.8811978807454991,0,train,1,0,Outer Richmond,0,94121,0,37.780258634510005,-122.48098082323
18WR-0235,3948.0,8.28121766128665,Wireless,Otros,Sin asignar,-0.9247843819388938,0.1863269182422211,-1.529345208366027,-0.9661364717347388,-0.8811978807454991,0,train,2,0,Marina,0,94123,0,37.80559532104,-122.44243989138
15WR-0064,3940.0,8.279189777195004,Wireless,"ExteNet Systems, Inc.",Sin asignar,-0.9247843819388938,0.1863269182422211,-2.713931681597189,1.7357254355048397,-0.8811978807454991,0,test,3,0,Chinatown,0,94133,0,37.79588829937,-122.40649225864
17WR-0088,3944.0,8.280204233279974,Wireless,"ExteNet Systems, Inc.",Sin asignar,-0.9247843819388938,0.1863269182422211,-2.1216384449816084,0.0470617434801031,-0.8811978807454991,0,test,5,0,Tenderloin,0,94109,0,37.7852820867,-122.42043300926
21WR-00112,3929.0,8.276394704863307,Wireless,Otros,Sin asignar,-0.9247843819388938,0.1863269182422211,-0.6409053534426555,-1.303869210139686,-0.8811978807454991,0,train,10,0,Potrero Hill,0,94110,0,37.76151014787,-122.40595783507
15WR-0146,3933.0,8.277411998949004,Wireless,"ExteNet Systems, Inc.",Sin asignar,-0.9247843819388938,0.1863269182422211,-2.713931681597189,1.7357254355048397,-0.8811978807454991,0,train,3,0,Nob Hill,0,94109,0,37.78749212538,-122.42020052596
17WR-0185,3952.0,8.282230063296685,Wireless,Verizon Wireless,Sin asignar,-0.9247843819388938,0.1863269182422211,-2.1216384449816084,1.7357254355048397,-0.8811978807454991,0,train,6,0,Financial District/South Beach,0,94105,0,37.79136982602,-122.39526727998
19WR-00077,3926.0,8.27563105457801,Wireless,Otros,Sin asignar,-0.9247843819388938,0.1863269182422211,-1.529345208366027,1.060259958694945,-0.8811978807454991,0,train,8,0,Castro/Upper Market,0,94114,0,37.76735854144,-122.42863207014
18WR-0264,3938.0,8.278682162970906,Wireless,Otros,Sin asignar,-0.9247843819388938,0.1863269182422211,-1.529345208366027,-0.2906709949248441,-0.8811978807454991,0,test,9,0,Bernal Heights,0,94110,0,37.73947813494,-122.41209864958
16WR-0233,3948.0,8.28121766128665,Wireless,AT&T Mobility,Sin asignar,-0.9247843819388938,0.1863269182422211,-2.1216384449816084,-1.6416019485446334,-0.8811978807454991,0,train,6,0,Financial District/South Beach,0,94105,0,37.78729060372,-122.39936812106
18WR-0276,3935.0,8.277920258172143,Wireless,Otros,Sin asignar,-0.9247843819388938,0.1863269182422211,-1.529345208366027,1.060259958694945,-0.8811978807454991,0,train,11,0,Oceanview/Merced/Ingleside,0,94112,0,37.72445249236,-122.46139350652
18WR-0061,3938.0,8.278682162970906,Wireless,Otros,Sin asignar,-0.9247843819388938,0.1863269182422211,-1.8254918266738176,0.0470617434801031,-0.8811978807454991,0,train,6,0,South of Market,0,94103,0,37.78195217169,-122.4045826935
15WR-0093,3936.0,8.278174290943738,Wireless,"ExteNet Systems, Inc.",Sin asignar,-0.9247843819388938,0.1863269182422211,-2.713931681597189,1.7357254355048397,-0.8811978807454991,0,train,3,0,Russian Hill,0,94109,0,37.80478922835,-122.4191790805
16WR-0042,3945.0,8.28045768658256,Wireless,Verizon Wireless,Sin asignar,-0.9247843819388938,0.1863269182422211,-2.417785063289399,0.3847944818850504,-0.8811978807454991,0,train,6,0,South of Market,0,94103,0,37.7752961678,-122.41007420314
16WR-0451,3943.0,8.279950715722526,Wireless,"ExteNet Systems, Inc.",Sin asignar,-0.9247843819388938,0.1863269182422211,-2.1216384449816084,0.0470617434801031,-0.8811978807454991,0,test,6,0,South of Market,0,94103,0,37.77733783842,-122.41391312004
16WR-0566,3943.0,8.279950715722526,Wireless,Otros,Sin asignar,-0.9247843819388938,0.1863269182422211,-2.1216384449816084,-1.303869210139686,-0.8811978807454991,0,train,3,0,Chinatown,0,94111,0,37.79512116737,-122.4013927406
16wr-0112,3946.0,8.280711075662847,Wireless,Verizon Wireless,Sin asignar,-0.9247843819388938,0.1863269182422211,-2.1216384449816084,-1.9793346869495807,-0.8811978807454991,0,train,2,0,Presidio Heights,0,94118,0,37.78959992604,-122.45215318697
17WR-0309,3935.0,8.277920258172143,Wireless,"ExteNet Systems, Inc.",Sin asignar,-0.9076139353104676,0.1863269182422211,-1.8254918266738176,0.3847944818850504,-0.8811978807454991,0,train,3,0,North Beach,0,94133,0,37.80343129992,-122.40712676917
15WR-0013,3942.0,8.279697133877628,Wireless,"ExteNet Systems, Inc.",Sin asignar,-0.9247843819388938,0.1863269182422211,-2.713931681597189,1.7357254355048397,-0.8811978807454991,0,train,3,0,North Beach,0,94133,0,37.80382251834,-122.41359720021
16WR-0438,3939.0,8.27893600229198,Wireless,"ExteNet Systems, Inc.",Sin asignar,-0.9247843819388938,0.1863269182422211,-2.1216384449816084,-0.9661364717347388,-0.8811978807454991,0,train,3,0,North Beach,0,94133,0,37.80604510267,-122.41520882395
21WR-00094,3957.0,8.28349412616251,Wireless,Otros,Sin asignar,-0.9247843819388938,0.1863269182422211,-0.6409053534426555,-1.303869210139686,-0.8811978807454991,0,test,10,0,Bayview Hunters Point,0,94124,0,37.73005002922,-122.39914226298
17wr-0183,3942.0,8.279697133877628,Wireless,Verizon Wireless,Otros,-0.9247843819388938,0.1863269182422211,-2.1216384449816084,1.3979926970998924,-0.8811978807454991,0,train,8,0,Haight Ashbury,0,94117,0,37.76961853366,-122.43593899077
16WR-0012,3954.0,8.282735880201754,Wireless,Verizon Wireless,Sin asignar,-0.9247843819388938,0.1863269182422211,-2.1216384449816084,-0.9661364717347388,-0.8811978807454991,0,train,2,0,Marina,0,94123,0,37.80012268937,-122.44256946705
19WR-00010,3935.0,8.277920258172143,Wireless,Otros,Sin asignar,-0.9247843819388938,0.1863269182422211,-1.529345208366027,0.0470617434801031,-0.8811978807454991,0,train,1,0,Inner Richmond,0,94118,0,37.78651872487,-122.46501264334
15WR-0083,3940.0,8.279189777195004,Wireless,"ExteNet Systems, Inc.",Sin asignar,-0.9247843819388938,0.1863269182422211,-2.713931681597189,1.7357254355048397,-0.8811978807454991,0,train,3,0,North Beach,0,94133,0,37.80463849962,-122.41010102215
22WR-00019,3953.0,8.282483003730562,Wireless,Otros,Sin asignar,-0.9247843819388938,0.1863269182422211,-0.6409053534426555,1.060259958694945,-0.8811978807454991,0,train,10,0,Bayview Hunters Point,0,94124,0,37.73638409401,-122.39838375155
15WR-0010,3942.0,8.279697133877628,Wireless,"ExteNet Systems, Inc.",Sin asignar,-0.9247843819388938,0.1863269182422211,-2.713931681597189,1.7357254355048397,-0.8811978807454991,0,train,3,0,Chinatown,0,94133,0,37.80071325803,-122.41244903508
17WR-0351,3952.0,8.282230063296685,Wireless,Verizon Wireless,Sin asignar,-0.9247843819388938,0.1863269182422211,-1.8254918266738176,-0.2906709949248441,-0.8811978807454991,0,train,5,0,Haight Ashbury,0,94117,0,37.76887530373,-122.44731609851
17WR-0016,3929.0,8.276394704863307,Wireless,"ExteNet Systems, Inc.",Sin asignar,-0.9247843819388938,0.1863269182422211,-2.1216384449816084,0.7225272202899977,-0.8811978807454991,0,train,5,0,Tenderloin,0,94109,0,37.78540264499,-122.41571573496
15WR-0001,3943.0,8.279950715722526,Wireless,Otros,Sin asignar,-0.9247843819388938,0.1863269182422211,-2.713931681597189,1.7357254355048397,-0.8811978807454991,0,train,6,0,Mission Bay,0,94103,0,37.77120025811,-122.40080943151
17WR-0053,3934.0,8.277666160851503,Wireless,Verizon Wireless,Sin asignar,-0.9247843819388938,0.1863269182422211,-1.8254918266738176,-0.6284037333297915,-0.8811978807454991,0,train,2,0,Pacific Heights,0,94115,0,37.78953230729,-122.43539194086
18WR-0423,3934.0,8.277666160851503,Wireless,Otros,Sin asignar,-0.9247843819388938,0.1863269182422211,-1.529345208366027,0.3847944818850504,-0.8811978807454991,0,train,9,0,Bernal Heights,0,94110,0,37.73835055875,-122.42027437763
16WR-0497,3951.0,8.281977058867758,Wireless,"ExteNet Systems, Inc.",Sin asignar,-0.9247843819388938,0.1863269182422211,-2.1216384449816084,1.3979926970998924,-0.8811978807454991,0,train,5,0,Tenderloin,0,94102,0,37.78483037016,-122.40976647823
16WR-0187,3926.0,8.27563105457801,Wireless,AT&T Mobility,Sin asignar,-0.9247843819388938,0.1863269182422211,-2.417785063289399,1.3979926970998924,-0.8811978807454991,0,train,6,0,Financial District/South Beach,0,94105,0,37.7930129927,-122.39268982075
18WR-0052,3931.0,8.276903481267057,Wireless,"ExteNet Systems, Inc.",Sin asignar,-0.9247843819388938,0.1863269182422211,-1.8254918266738176,0.0470617434801031,-0.8811978807454991,0,test,2,0,Japantown,0,94109,0,37.78581412765,-122.42491906704
16WR-0357,3931.0,8.276903481267057,Wireless,"ExteNet Systems, Inc.",Sin asignar,-0.9247843819388938,0.1863269182422211,-2.1216384449816084,0.0470617434801031,-0.8811978807454991,0,train,5,0,Tenderloin,0,94102,0,37.78304708535,-122.41109102603
17WR-0255,3958.0,8.28374674710613,Wireless,Otros,Sin asignar,-0.9247843819388938,0.1863269182422211,-1.529345208366027,-0.9661364717347388,-0.8811978807454991,0,train,1,0,Outer Richmond,0,94121,0,37.78004283307,-122.48418932825
15WR-0128,3933.0,8.277411998949004,Wireless,"ExteNet Systems, Inc.",Sin asignar,-0.9247843819388938,0.1863269182422211,-2.713931681597189,1.7357254355048397,-0.8811978807454991,0,train,3,0,Russian Hill,0,94133,0,37.79902539767,-122.41746707978
16WR-0575,3935.0,8.277920258172143,Wireless,Otros,Sin asignar,-0.9247843819388938,0.1863269182422211,-2.1216384449816084,-0.6284037333297915,-0.8811978807454991,0,train,6,0,Financial District/South Beach,0,94105,0,37.78720729889,-122.39238245595
17WR-0330,3953.0,8.282483003730562,Wireless,Otros,Sin asignar,-0.9076139353104676,0.1863269182422211,-1.8254918266738176,-0.6284037333297915,-0.8811978807454991,0,train,6,0,South of Market,0,94107,0,37.7818723945,-122.39940008184
18WR-0272,3936.0,8.278174290943738,Wireless,Otros,Sin asignar,-0.9247843819388938,0.1863269182422211,-1.529345208366027,-0.6284037333297915,-0.8811978807454991,0,test,2,0,Marina,0,94123,0,37.79945298745,-122.43412466131
21WR-00016,3950.0,8.281723990411392,Wireless,Otros,Sin asignar,-0.9247843819388938,0.1863269182422211,-0.937051971750446,-0.6284037333297915,-0.8811978807454991,0,train,8,0,Glen Park,0,94131,0,37.73491851644,-122.43778819752
18WR-0071,3954.0,8.282735880201754,Wireless,AT&T Mobility,Otros,-0.9247843819388938,0.1863269182422211,-1.8254918266738176,0.3847944818850504,-0.8811978807454991,0,train,8,0,Haight Ashbury,0,94117,0,37.76786642279,-122.45309039138
18WR-0188,3941.0,8.279443487712665,Wireless,AT&T Mobility,Sin asignar,-0.9247843819388938,0.1863269182422211,-1.8254918266738176,1.060259958694945,-0.8811978807454991,0,test,2,0,Presidio Heights,0,94118,0,37.78804701708,-122.44894268022
14WR-0169,3947.0,8.280964400553373,Wireless,Otros,Sin asignar,-0.9247843819388938,0.1863269182422211,-2.713931681597189,1.7357254355048397,-0.8811978807454991,0,train,1,0,Outer Richmond,0,94121,0,37.77341196155,-122.50373691024
18WR-0360,3940.0,8.279189777195004,Wireless,Otros,Sin asignar,-0.9076139353104676,0.1863269182422211,-1.529345208366027,0.0470617434801031,-0.8811978807454991,0,train,8,0,Castro/Upper Market,0,94114,0,37.76119891896,-122.42841484019
14WR-0071,4352.0,8.378620541552298,Wireless,"ExteNet Systems, Inc.",Otros,-0.9247843819388938,0.1863269182422211,-2.713931681597189,-0.6284037333297915,-0.8811978807454991,0,train,3,0,Nob Hill,0,94109,0,37.79460730509,-122.41628066382
18WR-0065,3941.0,8.279443487712665,Wireless,AT&T Mobility,Otros,-0.9247843819388938,0.1863269182422211,-1.8254918266738176,0.3847944818850504,-0.8811978807454991,0,train,5,0,Hayes Valley,0,94117,0,37.77375898359,-122.43771030686
16WR-0534,3936.0,8.278174290943738,Wireless,"ExteNet Systems, Inc.",Sin asignar,-0.9247843819388938,0.1863269182422211,-2.1216384449816084,0.0470617434801031,-0.8811978807454991,0,train,3,0,Chinatown,0,94133,0,37.79723698461,-122.40336197679
15WR-0373,3944.0,8.280204233279974,Wireless,"ExteNet Systems, Inc.",Sin asignar,-0.9247843819388938,0.1863269182422211,-2.417785063289399,-0.6284037333297915,-0.8811978807454991,0,train,3,0,Chinatown,0,94133,0,37.7973216511,-122.4111308584
15WR-0553,3947.0,8.280964400553373,Wireless,Otros,Sin asignar,-0.9247843819388938,0.1863269182422211,-2.713931681597189,1.7357254355048397,-0.8811978807454991,0,test,8,0,Noe Valley,0,94114,0,37.74864809824,-122.42953086924
18WR-0130,3954.0,8.282735880201754,Wireless,Otros,Sin asignar,-0.9247843819388938,0.1863269182422211,-1.529345208366027,-0.9661364717347388,-0.8811978807454991,0,train,2,0,Pacific Heights,0,94115,0,37.79004137701,-122.42914590799
15WR-0455,3944.0,8.280204233279974,Wireless,"ExteNet Systems, Inc.",Sin asignar,-0.9247843819388938,0.1863269182422211,-2.417785063289399,-0.6284037333297915,-0.8811978807454991,0,train,3,0,Nob Hill,0,94109,0,37.78879560509,-122.41333492852
15wr-0168,3939.0,8.27893600229198,Wireless,"ExteNet Systems, Inc.",Sin asignar,-0.9247843819388938,-1.661206342573653,-2.1216384449816084,-0.9661364717347388,-0.8811978807454991,0,train,3,0,Nob Hill,0,94109,0,37.79183220219,-122.41893915384
16WR-0524,3953.0,8.282483003730562,Wireless,"ExteNet Systems, Inc.",Sin asignar,-0.9247843819388938,0.1863269182422211,-2.1216384449816084,-0.6284037333297915,-0.8811978807454991,0,test,3,0,Chinatown,0,94108,0,37.79427592939,-122.40542218517
16WR-0570,3935.0,8.277920258172143,Wireless,"ExteNet Systems, Inc.",Sin asignar,-0.9247843819388938,0.1863269182422211,-2.1216384449816084,-0.2906709949248441,-0.8811978807454991,0,test,5,0,Hayes Valley,0,94102,0,37.77441315047,-122.42691327155
21WR-00023,3956.0,8.283241441385425,Wireless,Otros,Sin asignar,-0.9247843819388938,0.1863269182422211,-0.937051971750446,-0.2906709949248441,-0.8811978807454991,0,train,3,0,Financial District/South Beach,0,94108,0,37.79034238709,-122.4058007034
17WR-0091,3943.0,8.279950715722526,Wireless,AT&T Mobility,Sin asignar,-0.9247843819388938,0.1863269182422211,-2.1216384449816084,0.0470617434801031,-0.8811978807454991,0,test,6,0,Financial District/South Beach,0,94107,0,37.78473014798,-122.39462994975
17wr-0025,3949.0,8.281470857895167,Wireless,Otros,Sin asignar,-0.9247843819388938,0.1863269182422211,-2.1216384449816084,-0.6284037333297915,-0.8811978807454991,0,train,6,0,Financial District/South Beach,0,94105,0,37.79053536251,-122.39943947944
16WR-0494,3935.0,8.277920258172143,Wireless,"ExteNet Systems, Inc.",Sin asignar,-0.9247843819388938,0.1863269182422211,-2.1216384449816084,-1.303869210139686,-0.8811978807454991,0,train,5,0,Tenderloin,0,94109,0,37.78394037247,-122.41613953191
15WR-0002,3943.0,8.279950715722526,Wireless,Otros,Sin asignar,-0.9247843819388938,0.1863269182422211,-2.713931681597189,1.7357254355048397,-0.8811978807454991,0,train,3,0,Chinatown,0,94133,0,37.79932616192,-122.41159486377
16WR-0139,3933.0,8.277411998949004,Wireless,Verizon Wireless,Otros,-0.9247843819388938,0.1863269182422211,-1.8254918266738176,-1.6416019485446334,-0.8811978807454991,0,train,2,0,Presidio Heights,0,94118,0,37.78867285381,-122.45113819495
18WR-0125,3935.0,8.277920258172143,Wireless,AT&T Mobility,Sin asignar,-0.9247843819388938,0.1863269182422211,-1.8254918266738176,1.060259958694945,-0.8811978807454991,0,train,5,0,Haight Ashbury,0,94117,0,37.77240630039,-122.43694295386
16WR-0109,3933.0,8.277411998949004,Wireless,Verizon Wireless,Sin asignar,-0.9247843819388938,0.1863269182422211,-2.1216384449816084,0.0470617434801031,-0.8811978807454991,0,test,2,0,Presidio Heights,0,94118,0,37.7884932347,-122.45700347219
17wr-0245,3947.0,8.280964400553373,Wireless,Verizon Wireless,Otros,-0.9247843819388938,0.1863269182422211,-1.8254918266738176,-0.9661364717347388,-0.8811978807454991,0,train,1,0,Outer Richmond,0,94118,0,37.77467681351,-122.47484845576
16wr-0182,3946.0,8.280711075662847,Wireless,AT&T Mobility,Sin asignar,-0.9247843819388938,0.1863269182422211,-2.1216384449816084,-1.9793346869495807,-0.8811978807454991,0,test,3,0,Financial District/South Beach,0,94111,0,37.79612024497,-122.39729305663
17WR-0073,3952.0,8.282230063296685,Wireless,AT&T Mobility,Sin asignar,-0.9247843819388938,0.1863269182422211,-2.1216384449816084,0.0470617434801031,-0.8811978807454991,0,test,6,0,Financial District/South Beach,0,94105,0,37.7864296546,-122.39806930014
16WR-0325,3930.0,8.27664912542186,Wireless,"ExteNet Systems, Inc.",Sin asignar,-0.9247843819388938,0.1863269182422211,-2.1216384449816084,0.7225272202899977,-0.8811978807454991,0,train,9,0,Mission,0,94110,0,37.75523902821,-122.41998459695
18WR-0378,3952.0,8.282230063296685,Wireless,Otros,Sin asignar,-0.9247843819388938,0.1863269182422211,-1.529345208366027,0.3847944818850504,-0.8811978807454991,0,test,3,0,Nob Hill,0,94102,0,37.78921273151,-122.41210996798
17WR-0116,3929.0,8.276394704863307,Wireless,"ExteNet Systems, Inc.",Sin asignar,-0.9247843819388938,0.1863269182422211,-2.1216384449816084,1.7357254355048397,-0.8811978807454991,0,train,5,0,Tenderloin,0,94109,0,37.78339121638,-122.4200521103
16WR-0373,3947.0,8.280964400553373,Wireless,"ExteNet Systems, Inc.",Sin asignar,-0.9247843819388938,0.1863269182422211,-2.1216384449816084,1.060259958694945,-0.8811978807454991,0,test,6,0,Financial District/South Beach,0,94105,0,37.78911938375,-122.39124838145
17WR-0094,3950.0,8.281723990411392,Wireless,"ExteNet Systems, Inc.",Sin asignar,-0.9247843819388938,0.1863269182422211,-2.1216384449816084,1.7357254355048397,-0.8811978807454991,0,test,5,0,Hayes Valley,0,94102,0,37.77753634959,-122.42436410014
17WR-0279,3946.0,8.280711075662847,Wireless,AT&T Mobility,Sin asignar,-0.9247843819388938,0.1863269182422211,-1.8254918266738176,-1.303869210139686,-0.8811978807454991,0,train,3,0,Financial District/South Beach,0,94108,0,37.78893422789,-122.40698898703
16WR-0038,3934.0,8.277666160851503,Wireless,Otros,Sin asignar,-0.9247843819388938,0.1863269182422211,-2.417785063289399,0.7225272202899977,-0.8811978807454991,0,train,6,0,South of Market,0,94103,0,37.78496418723,-122.40561415801
19WR-00011,3933.0,8.277411998949004,Wireless,Otros,Sin asignar,-0.9247843819388938,0.1863269182422211,-1.529345208366027,-0.6284037333297915,-0.8811978807454991,0,train,6,0,South of Market,0,94103,0,37.77192174475,-122.40747710748
15WR-0199,3938.0,8.278682162970906,Wireless,"ExteNet Systems, Inc.",Sin asignar,-0.9247843819388938,0.1863269182422211,-2.417785063289399,-1.9793346869495807,-0.8811978807454991,0,train,5,0,Tenderloin,0,94102,0,37.7848479953,-122.41378506502
17WR-0040,3939.0,8.27893600229198,Wireless,"ExteNet Systems, Inc.",Sin asignar,-0.9247843819388938,0.1863269182422211,-2.1216384449816084,0.0470617434801031,-0.8811978807454991,0,train,5,0,Tenderloin,0,94102,0,37.78393595652,-122.41066015083
16WR-0033,3938.0,8.278682162970906,Wireless,"ExteNet Systems, Inc.",Sin asignar,-0.9247843819388938,0.1863269182422211,-2.1216384449816084,-1.9793346869495807,-0.8811978807454991,0,train,2,0,Marina,0,94123,0,37.7986030173,-122.42468647955
16WR-0383,3947.0,8.280964400553373,Wireless,"ExteNet Systems, Inc.",Sin asignar,-0.9247843819388938,0.1863269182422211,-2.1216384449816084,0.0470617434801031,-0.8811978807454991,0,train,10,0,Bayview Hunters Point,0,94124,0,37.73384389282,-122.39041069673
16WR-0382,3936.0,8.278174290943738,Wireless,"ExteNet Systems, Inc.",Sin asignar,-0.9247843819388938,0.1863269182422211,-2.1216384449816084,0.0470617434801031,-0.8811978807454991,0,test,10,0,Bayview Hunters Point,0,94124,0,37.73484630471,-122.39274119729
20WR-00024,3935.0,8.277920258172143,Wireless,Otros,Sin asignar,-0.9247843819388938,0.1863269182422211,-1.2331985900582365,0.3847944818850504,-0.8811978807454991,0,test,8,0,Glen Park,0,94131,0,37.73427214485,-122.43406777587
16WR-0542,3935.0,8.277920258172143,Wireless,AT&T Mobility,Sin asignar,-0.9247843819388938,0.1863269182422211,-2.1216384449816084,-1.303869210139686,-0.8811978807454991,0,train,6,0,Financial District/South Beach,0,94107,0,37.78476662691,-122.39111183037
15WR-0393,3929.0,8.276394704863307,Wireless,"ExteNet Systems, Inc.",Sin asignar,-0.9247843819388938,0.1863269182422211,-2.417785063289399,-1.303869210139686,-0.8811978807454991,0,train,3,0,Tenderloin,0,94109,0,37.78699044858,-122.41766066575
16WR-0208,3938.0,8.278682162970906,Wireless,Otros,Sin asignar,-0.9247843819388938,0.1863269182422211,-2.1216384449816084,-1.9793346869495807,-0.8811978807454991,0,test,3,0,Financial District/South Beach,0,94104,0,37.79365032003,-122.40139321534
17WR-0058,3950.0,8.281723990411392,Wireless,"ExteNet Systems, Inc.",Sin asignar,-0.9247843819388938,0.1863269182422211,-1.8254918266738176,-1.303869210139686,-0.8811978807454991,0,test,3,0,Nob Hill,0,94109,0,37.7878578189,-122.4213863306
18WR-0183,3927.0,8.275885669474356,Wireless,AT&T Mobility,Sin asignar,-0.9247843819388938,0.1863269182422211,-1.8254918266738176,1.3979926970998924,-0.8811978807454991,0,train,8,0,Castro/Upper Market,0,94114,0,37.76750727668,-122.42901818985
17WR-0220,3936.0,8.278174290943738,Wireless,Otros,Otros,-0.9076139353104676,0.1863269182422211,-2.1216384449816084,1.3979926970998924,-0.8811978807454991,0,train,1,0,Outer Richmond,0,94121,0,37.77283664282,-122.4832736875
16WR-0409,3934.0,8.277666160851503,Wireless,"ExteNet Systems, Inc.",Sin asignar,-0.9247843819388938,0.1863269182422211,-1.8254918266738176,0.0470617434801031,-0.8811978807454991,0,test,3,0,Nob Hill,0,94109,0,37.78975319176,-122.42069696701
18WR-0124,3943.0,8.279950715722526,Wireless,Otros,Sin asignar,-0.9247843819388938,0.1863269182422211,-1.529345208366027,-0.2906709949248441,-0.8811978807454991,0,train,2,0,Marina,0,94123,0,37.80186078777,-122.43873691468
15WR-0599,3945.0,8.28045768658256,Wireless,Otros,Sin asignar,-0.9247843819388938,0.1863269182422211,-2.417785063289399,-0.9661364717347388,-0.8811978807454991,0,train,4,0,Sunset/Parkside,0,94122,0,37.76187550845,-122.49420509005
16WR-0290,3948.0,8.28121766128665,Wireless,AT&T Mobility,Sin asignar,-0.9247843819388938,0.1863269182422211,-2.1216384449816084,-1.6416019485446334,-0.8811978807454991,0,train,6,0,Financial District/South Beach,0,94107,0,37.78266604152,-122.39743873075
16WR-0375,3929.0,8.276394704863307,Wireless,"ExteNet Systems, Inc.",Sin asignar,-0.9247843819388938,0.1863269182422211,-2.1216384449816084,0.7225272202899977,-0.8811978807454991,0,train,6,0,Financial District/South Beach,0,94105,0,37.78770026571,-122.39061161654
17WR-0043,3931.0,8.276903481267057,Wireless,AT&T Mobility,Sin asignar,-0.9247843819388938,0.1863269182422211,-2.1216384449816084,-0.6284037333297915,-0.8811978807454991,0,train,6,0,Mission Bay,0,94107,0,37.78039016323,-122.38931682273
17WR-0188,3943.0,8.279950715722526,Wireless,Verizon Wireless,Sin asignar,-0.9247843819388938,0.1863269182422211,-2.1216384449816084,1.3979926970998924,-0.8811978807454991,0,train,6,0,Financial District/South Beach,0,94105,0,37.78698353534,-122.39085153801
15WR-0111,3934.0,8.277666160851503,Wireless,"ExteNet Systems, Inc.",Sin asignar,-0.9247843819388938,0.1863269182422211,-2.713931681597189,1.7357254355048397,-0.8811978807454991,0,train,3,0,Nob Hill,0,94108,0,37.79327831816,-122.41095470647
15WR-0315,3929.0,8.276394704863307,Wireless,Verizon Wireless,Sin asignar,-0.9247843819388938,0.1863269182422211,-2.417785063289399,-1.9793346869495807,-0.8811978807454991,0,train,6,0,Mission,0,94103,0,37.77069329144,-122.41980524282
15WR-0287,3933.0,8.277411998949004,Wireless,Verizon Wireless,Sin asignar,-0.9247843819388938,0.1863269182422211,-2.417785063289399,-1.6416019485446334,-0.8811978807454991,0,train,6,0,Financial District/South Beach,0,94105,0,37.79381413539,-122.39509464813
14WR-0158,3947.0,8.280964400553373,Wireless,Otros,Sin asignar,-0.9247843819388938,0.1863269182422211,-2.713931681597189,1.7357254355048397,-0.8811978807454991,0,test,10,0,Mission Bay,0,94107,0,37.76626610151,-122.39718442093
21WR-00113,3943.0,8.279950715722526,Wireless,Otros,Sin asignar,-0.9247843819388938,0.1863269182422211,-0.6409053534426555,-1.303869210139686,-0.8811978807454991,0,train,10,0,Potrero Hill,0,94107,0,37.75830410585,-122.39521597587
15WR-0421,3953.0,8.282483003730562,Wireless,Verizon Wireless,Sin asignar,-0.9247843819388938,0.1863269182422211,-2.713931681597189,1.7357254355048397,-0.8811978807454991,0,train,6,0,South of Market,0,94107,0,37.77776057701,-122.40063283603
18WR-0267,3929.0,8.276394704863307,Wireless,Otros,Sin asignar,-0.9247843819388938,0.1863269182422211,-1.529345208366027,0.7225272202899977,-0.8811978807454991,0,train,9,0,Portola,0,94134,0,37.73060135871,-122.41263430249
18WR-0321,3934.0,8.277666160851503,Wireless,Verizon Wireless,Sin asignar,-0.9247843819388938,0.1863269182422211,-1.529345208366027,-1.303869210139686,-0.8811978807454991,0,train,9,0,Portola,0,94134,0,37.72544227148,-122.41199117253
15WR-0286,3944.0,8.280204233279974,Wireless,"ExteNet Systems, Inc.",Sin asignar,-0.9247843819388938,0.1863269182422211,-2.417785063289399,-0.6284037333297915,-0.8811978807454991,0,train,3,0,Russian Hill,0,94133,0,37.80531109271,-122.41769403138
18WR-0253,3927.0,8.275885669474356,Wireless,AT&T Mobility,Sin asignar,-0.9247843819388938,0.1863269182422211,-1.8254918266738176,1.3979926970998924,-0.8811978807454991,0,train,9,0,Mission,0,94103,0,37.76505931212,-122.42158845003
16WR-0273,3933.0,8.277411998949004,Wireless,AT&T Mobility,Sin asignar,-0.9247843819388938,0.1863269182422211,-2.1216384449816084,-1.9793346869495807,-0.8811978807454991,0,train,6,0,Financial District/South Beach,0,94105,0,37.78702720302,-122.3949226022
15WR-0399,3929.0,8.276394704863307,Wireless,"ExteNet Systems, Inc.",Sin asignar,-0.9247843819388938,0.1863269182422211,-2.417785063289399,-1.9793346869495807,-0.8811978807454991,0,train,5,0,Tenderloin,0,94109,0,37.78488844426,-122.41600307207
16WR-0116,3929.0,8.276394704863307,Wireless,Verizon Wireless,Otros,-0.9247843819388938,0.1863269182422211,-2.1216384449816084,1.3979926970998924,-0.8811978807454991,0,train,2,0,Presidio Heights,0,94118,0,37.79067775733,-122.44765113587
21WR-00004,3942.0,8.279697133877628,Wireless,Otros,Sin asignar,-0.9247843819388938,0.1863269182422211,-0.937051971750446,-0.2906709949248441,-0.8811978807454991,0,test,10,0,Bayview Hunters Point,0,94124,0,37.72748152942,-122.39116668494
18WR-0259,3929.0,8.276394704863307,Wireless,"ExteNet Systems, Inc.",Sin asignar,-0.9247843819388938,0.1863269182422211,-1.529345208366027,-1.9793346869495807,-0.8811978807454991,0,test,5,0,Hayes Valley,0,94117,0,37.77425388316,-122.43274378772
19WR-00009,3948.0,8.28121766128665,Wireless,Otros,Sin asignar,-0.9247843819388938,0.1863269182422211,-1.529345208366027,0.3847944818850504,-0.8811978807454991,0,train,3,0,Financial District/South Beach,0,94111,0,37.8011227946,-122.40169955491
16WR-0352,3930.0,8.27664912542186,Wireless,"ExteNet Systems, Inc.",Sin asignar,-0.9247843819388938,0.1863269182422211,-2.1216384449816084,0.7225272202899977,-0.8811978807454991,0,test,5,0,Tenderloin,0,94109,0,37.78487225148,-122.41926306784
18WR-0347,3935.0,8.277920258172143,Wireless,Otros,Sin asignar,-0.9247843819388938,0.1863269182422211,-1.529345208366027,0.3847944818850504,-0.8811978807454991,0,train,9,0,Mission,0,94110,0,37.76355459258,-122.42140707121
16WR-0526,3931.0,8.276903481267057,Wireless,"ExteNet Systems, Inc.",Sin asignar,-0.9247843819388938,0.1863269182422211,-2.1216384449816084,-0.9661364717347388,-0.8811978807454991,0,train,3,0,North Beach,0,94133,0,37.7991032714,-122.40715824249
19WR-00022,3935.0,8.277920258172143,Wireless,Otros,Sin asignar,-0.9247843819388938,0.1863269182422211,-1.529345208366027,-0.6284037333297915,-0.8811978807454991,0,train,5,0,Haight Ashbury,0,94117,0,37.76791948631,-122.44635219586
18WR-0409,3939.0,8.27893600229198,Wireless,Otros,Sin asignar,-0.9247843819388938,0.1863269182422211,-1.529345208366027,-0.2906709949248441,-0.8811978807454991,0,test,4,0,Sunset/Parkside,0,94122,0,37.76340115817,-122.47764488695
15WR-0288,3944.0,8.280204233279974,Wireless,"ExteNet Systems, Inc.",Sin asignar,-0.9247843819388938,0.1863269182422211,-2.417785063289399,-0.9661364717347388,-0.8811978807454991,0,test,3,0,North Beach,0,94133,0,37.80037239009,-122.4101834411
18WR-0112,3943.0,8.279950715722526,Wireless,Otros,Sin asignar,-0.9247843819388938,0.1863269182422211,-1.529345208366027,-0.9661364717347388,-0.8811978807454991,0,train,7,0,Lakeshore,0,94132,0,37.72995342422,-122.47597875648
15WR-0305,3933.0,8.277411998949004,Wireless,Verizon Wireless,Sin asignar,-0.9247843819388938,0.1863269182422211,-2.417785063289399,-1.6416019485446334,-0.8811978807454991,0,test,6,0,South of Market,0,94103,0,37.78275121506,-122.40416442041
18WR-0142,3953.0,8.282483003730562,Wireless,"ExteNet Systems, Inc.",Sin asignar,-0.9247843819388938,0.1863269182422211,-1.8254918266738176,1.060259958694945,-0.8811978807454991,0,train,5,0,Tenderloin,0,94102,0,37.78021548075,-122.41602576899
18WR-0343,3948.0,8.28121766128665,Wireless,"ExteNet Systems, Inc.",Sin asignar,-0.9247843819388938,0.1863269182422211,-1.529345208366027,-0.9661364717347388,-0.8811978807454991,0,train,9,0,Mission,0,94110,0,37.75915720326,-122.4120530037
18WR-0012,3940.0,8.279189777195004,Wireless,Verizon Wireless,Sin asignar,-0.9247843819388938,0.1863269182422211,-1.8254918266738176,0.3847944818850504,-0.8811978807454991,0,train,6,0,Financial District/South Beach,0,94105,0,37.78871907382,-122.39045464699
17WR-0037,3935.0,8.277920258172143,Wireless,"ExteNet Systems, Inc.",Sin asignar,-0.9247843819388938,0.1863269182422211,-2.1216384449816084,-0.2906709949248441,-0.8811978807454991,0,train,5,0,Tenderloin,0,94102,0,37.78569499404,-122.41339024357
16WR-0541,3946.0,8.280711075662847,Wireless,AT&T Mobility,Sin asignar,-0.9247843819388938,0.1863269182422211,-2.1216384449816084,-0.9661364717347388,-0.8811978807454991,0,test,6,0,Financial District/South Beach,0,94107,0,37.78109964017,-122.39528117605
17WR-0015,3956.0,8.283241441385425,Wireless,"ExteNet Systems, Inc.",Sin asignar,-0.9247843819388938,0.1863269182422211,-2.1216384449816084,1.3979926970998924,-0.8811978807454991,0,train,5,0,Tenderloin,0,94109,0,37.78497879485,-122.41841418306
15wr-0381,3929.0,8.276394704863307,Wireless,"ExteNet Systems, Inc.",Sin asignar,-0.9247843819388938,0.1863269182422211,-2.417785063289399,-1.9793346869495807,-0.8811978807454991,0,train,3,0,Financial District/South Beach,0,94108,0,37.79206406033,-122.40549023572
14WR-0138,3956.0,8.283241441385425,Wireless,Otros,Sin asignar,-0.9247843819388938,0.1863269182422211,-2.713931681597189,1.7357254355048397,-0.8811978807454991,0,train,6,0,Mission Bay,0,94103,0,37.76783490433,-122.40447519498
19WR-00041,3956.0,8.283241441385425,Wireless,Otros,Sin asignar,-0.9247843819388938,0.1863269182422211,-1.529345208366027,0.3847944818850504,-0.8811978807454991,0,train,11,0,Outer Mission,0,94112,0,37.73043683802,-122.43102059382
17WR-0247,3940.0,8.279189777195004,Wireless,"ExteNet Systems, Inc.",Sin asignar,-0.9247843819388938,0.1863269182422211,-1.8254918266738176,-1.9793346869495807,-0.8811978807454991,0,test,2,0,Pacific Heights,0,94109,0,37.79291172943,-122.4248272666
15WR-0575,3930.0,8.27664912542186,Wireless,"ExteNet Systems, Inc.",Sin asignar,-0.9247843819388938,0.1863269182422211,-2.417785063289399,0.0470617434801031,-0.8811978807454991,0,train,5,0,Tenderloin,0,94102,0,37.7856439174,-122.4104124994
21WR-00091,3932.0,8.27715777243181,Wireless,Otros,Sin asignar,-0.9247843819388938,0.1863269182422211,-0.6409053534426555,-1.9793346869495807,-0.8811978807454991,0,test,10,0,Bayview Hunters Point,0,94124,0,37.71990351227,-122.39081723155
24WR-00047,3930.0,8.27664912542186,Wireless,Otros,Sin asignar,-0.9247843819388938,0.1863269182422211,-0.0486121168270745,1.3979926970998924,-0.8811978807454991,0,train,10,0,Bayview Hunters Point,0,94124,0,37.73205625677,-122.37574439185
15WR-0157,3944.0,8.280204233279974,Wireless,"ExteNet Systems, Inc.",Sin asignar,-0.9247843819388938,0.1863269182422211,-2.417785063289399,-0.6284037333297915,-0.8811978807454991,0,train,3,0,North Beach,0,94133,0,37.80097904364,-122.41116500474
18WR-0147,3930.0,8.27664912542186,Wireless,Otros,Sin asignar,-0.9247843819388938,0.1863269182422211,-1.529345208366027,0.3847944818850504,-0.8811978807454991,0,test,1,0,Lone Mountain/USF,0,94117,0,37.77495291784,-122.45215137459
18WR-0401,3928.0,8.27614021955846,Wireless,Otros,Sin asignar,-0.9247843819388938,0.1863269182422211,-1.529345208366027,-0.6284037333297915,-0.8811978807454991,0,test,5,0,Haight Ashbury,0,94117,0,37.76952325125,-122.45307520512
15WR-0108,3935.0,8.277920258172143,Wireless,"ExteNet Systems, Inc.",Sin asignar,-0.9247843819388938,0.1863269182422211,-2.713931681597189,1.7357254355048397,-0.8811978807454991,0,test,3,0,Nob Hill,0,94133,0,37.79643634423,-122.41327449421
16WR-0017,3939.0,8.27893600229198,Wireless,Verizon Wireless,Sin asignar,-0.9247843819388938,0.1863269182422211,-2.1216384449816084,-0.9661364717347388,-0.8811978807454991,0,train,2,0,Marina,0,94123,0,37.80263148407,-122.4432007578
16WR-0214,3933.0,8.277411998949004,Wireless,AT&T Mobility,Sin asignar,-0.9076139353104676,0.1863269182422211,-2.1216384449816084,-1.9793346869495807,-0.8811978807454991,0,train,3,0,Financial District/South Beach,0,94104,0,37.79226163545,-122.40348595473
17WR-0294,3939.0,8.27893600229198,Wireless,"ExteNet Systems, Inc.",Sin asignar,-0.9247843819388938,0.1863269182422211,-1.8254918266738176,-0.2906709949248441,-0.8811978807454991,0,train,5,0,Western Addition,0,94102,0,37.77864054187,-122.42505232186
15wr-0041,3939.0,8.27893600229198,Wireless,"ExteNet Systems, Inc.",Sin asignar,-0.9247843819388938,0.1863269182422211,-2.417785063289399,-0.9661364717347388,-0.8811978807454991,0,train,5,0,Tenderloin,0,94102,0,37.78127723199,-122.41804581927
15WR-0331,3932.0,8.27715777243181,Wireless,Verizon Wireless,Sin asignar,-0.9247843819388938,0.1863269182422211,-2.417785063289399,-1.6416019485446334,-0.8811978807454991,0,train,6,0,South of Market,0,94103,0,37.7814829832,-122.40560530057
21WR-00083,3952.0,8.282230063296685,Wireless,Otros,Sin asignar,-0.9247843819388938,0.1863269182422211,-0.6409053534426555,-1.6416019485446334,-0.8811978807454991,0,test,10,0,Bayview Hunters Point,0,94134,0,37.71101889261,-122.40114213349
16WR-0225,3938.0,8.278682162970906,Wireless,"ExteNet Systems, Inc.",Sin asignar,-0.9247843819388938,0.1863269182422211,-2.417785063289399,1.060259958694945,-0.8811978807454991,0,train,3,0,Nob Hill,0,94102,0,37.7897688912,-122.41271806898
16wr-0191,3938.0,8.278682162970906,Wireless,"ExteNet Systems, Inc.",Sin asignar,-0.9247843819388938,0.1863269182422211,-2.417785063289399,1.060259958694945,-0.8811978807454991,0,train,3,0,North Beach,0,94133,0,37.8002642137,-122.40578893126
15WR-0358,3931.0,8.276903481267057,Wireless,Verizon Wireless,Sin asignar,-0.9247843819388938,0.1863269182422211,-2.417785063289399,-1.6416019485446334,-0.8811978807454991,0,train,6,0,Financial District/South Beach,0,94105,0,37.78956444514,-122.3920042076
21WR-00103,3939.0,8.27893600229198,Wireless,Otros,Sin asignar,-0.9247843819388938,0.1863269182422211,-0.6409053534426555,-0.9661364717347388,-0.8811978807454991,0,test,5,0,Hayes Valley,0,94102,0,37.77390322523,-122.42469770962
17wr-0017,3929.0,8.276394704863307,Wireless,"ExteNet Systems, Inc.",Sin asignar,-0.9247843819388938,0.1863269182422211,-2.1216384449816084,0.7225272202899977,-0.8811978807454991,0,train,5,0,Tenderloin,0,94102,0,37.78501930013,-122.41464188405
16WR-0386,3931.0,8.276903481267057,Wireless,"ExteNet Systems, Inc.",Sin asignar,-0.9247843819388938,0.1863269182422211,-2.1216384449816084,0.0470617434801031,-0.8811978807454991,0,test,10,0,Bayview Hunters Point,0,94124,0,37.73232728338,-122.38167636915
17WR-0213,3931.0,8.276903481267057,Wireless,Otros,Sin asignar,-0.9247843819388938,0.1863269182422211,-2.1216384449816084,1.060259958694945,-0.8811978807454991,0,train,1,0,Outer Richmond,0,94121,0,37.7723222263,-122.50980328587
21WR-00089,3944.0,8.280204233279974,Wireless,Otros,Sin asignar,-0.9247843819388938,0.1863269182422211,-0.937051971750446,1.7357254355048397,-0.8811978807454991,0,train,10,0,Bayview Hunters Point,0,94124,0,37.726088014,-122.38652593105
16WR-0130,3947.0,8.280964400553373,Wireless,Verizon Wireless,Sin asignar,-0.9247843819388938,0.1863269182422211,-2.417785063289399,1.3979926970998924,-0.8811978807454991,0,test,2,0,Pacific Heights,0,94115,0,37.78771233342,-122.43949947589
17WR-0143,3951.0,8.281977058867758,Wireless,"ExteNet Systems, Inc.",Sin asignar,-0.9247843819388938,0.1863269182422211,-2.1216384449816084,1.3979926970998924,-0.8811978807454991,0,train,2,0,Western Addition,0,94109,0,37.78851358926,-122.42261937855
18WR-0072,3936.0,8.278174290943738,Wireless,AT&T Mobility,Otros,-0.9247843819388938,0.1863269182422211,-1.8254918266738176,0.3847944818850504,-0.8811978807454991,0,train,8,0,Haight Ashbury,0,94117,0,37.76653263436,-122.45282023564
21WR-00090,3957.0,8.28349412616251,Wireless,Otros,Sin asignar,-0.9247843819388938,0.1863269182422211,-0.6409053534426555,-1.303869210139686,-0.8811978807454991,0,train,10,0,Bayview Hunters Point,0,94124,0,37.72618677644,-122.38414144284
18WR-0020,3938.0,8.278682162970906,Wireless,AT&T Mobility,Sin asignar,-0.9247843819388938,0.1863269182422211,-1.8254918266738176,0.0470617434801031,-0.8811978807454991,0,train,9,0,Mission,0,94110,0,37.75231590591,-122.42087833337
21WR-00072,3944.0,8.280204233279974,Wireless,Otros,Sin asignar,-0.9247843819388938,0.1863269182422211,-0.937051971750446,1.7357254355048397,-0.8811978807454991,0,train,10,0,Bayview Hunters Point,0,94124,0,37.74057730837,-122.40078777954
16WR-0011,3940.0,8.279189777195004,Wireless,Verizon Wireless,Sin asignar,-0.9247843819388938,0.1863269182422211,-2.1216384449816084,-0.6284037333297915,-0.8811978807454991,0,train,2,0,Marina,0,94123,0,37.80060892487,-122.44439462361
17WR-0182,3927.0,8.275885669474356,Wireless,AT&T Mobility,Sin asignar,-0.9247843819388938,0.1863269182422211,-1.8254918266738176,1.3979926970998924,-0.8811978807454991,0,train,1,0,Outer Richmond,0,94118,0,37.77312667188,-122.472029732
16WR-0343,3945.0,8.28045768658256,Wireless,"ExteNet Systems, Inc.",Sin asignar,-0.9247843819388938,0.1863269182422211,-2.1216384449816084,-0.2906709949248441,-0.8811978807454991,0,test,8,0,Mission,0,94110,0,37.75477651477,-122.42310046261
15WR-0113,3934.0,8.277666160851503,Wireless,"ExteNet Systems, Inc.",Sin asignar,-0.9247843819388938,0.1863269182422211,-2.713931681597189,1.7357254355048397,-0.8811978807454991,0,train,3,0,Nob Hill,0,94108,0,37.79202468106,-122.40813736159
18WR-0299,3946.0,8.280711075662847,Wireless,Otros,Sin asignar,-0.9247843819388938,0.1863269182422211,-1.529345208366027,0.0470617434801031,-0.8811978807454991,0,train,2,0,Pacific Heights,0,94123,0,37.79499950219,-122.43828245671
16WR-0347,3937.0,8.278428259199071,Wireless,"ExteNet Systems, Inc.",Sin asignar,-0.9247843819388938,0.1863269182422211,-2.1216384449816084,0.7225272202899977,-0.8811978807454991,0,test,9,0,Mission,0,94110,0,37.75274319615,-122.4122040962
15WR-0141,3933.0,8.277411998949004,Wireless,"ExteNet Systems, Inc.",Sin asignar,-0.9247843819388938,0.1863269182422211,-2.713931681597189,1.7357254355048397,-0.8811978807454991,0,train,3,0,Nob Hill,0,94109,0,37.79056029296,-122.41965762313
16WR-0562,3930.0,8.27664912542186,Wireless,Otros,Sin asignar,-0.9247843819388938,0.1863269182422211,-2.1216384449816084,-1.303869210139686,-0.8811978807454991,0,train,3,0,Chinatown,0,94108,0,37.79228599482,-122.40853018273
18WR-0191,3954.0,8.282735880201754,Wireless,Otros,Sin asignar,-0.9247843819388938,0.1863269182422211,-1.8254918266738176,1.060259958694945,-0.8811978807454991,0,train,9,0,Mission,0,94110,0,37.75259696419,-122.41045737964
17WR-0219,3931.0,8.276903481267057,Wireless,Otros,Sin asignar,-0.9247843819388938,0.1863269182422211,-2.1216384449816084,1.060259958694945,-0.8811978807454991,0,train,1,0,Outer Richmond,0,94121,0,37.7721740571,-122.4963585561
16WR-0388,3945.0,8.28045768658256,Wireless,"ExteNet Systems, Inc.",Sin asignar,-0.9247843819388938,0.1863269182422211,-2.1216384449816084,0.0470617434801031,-0.8811978807454991,0,train,10,0,Bayview Hunters Point,0,94124,0,37.73012702828,-122.38154773841
15WR-0258,3956.0,8.283241441385425,Wireless,"ExteNet Systems, Inc.",Sin asignar,-0.9247843819388938,0.1863269182422211,-2.713931681597189,1.7357254355048397,-0.8811978807454991,0,train,5,0,Tenderloin,0,94109,0,37.78475243391,-122.421137828
18WR-0405,3948.0,8.28121766128665,Wireless,Otros,Sin asignar,-0.9247843819388938,0.1863269182422211,-1.529345208366027,0.3847944818850504,-0.8811978807454991,0,train,11,0,Excelsior,0,94112,0,37.72146104776,-122.43199736373
16WR-0354,3955.0,8.282988692742602,Wireless,"ExteNet Systems, Inc.",Sin asignar,-0.9247843819388938,0.1863269182422211,-2.1216384449816084,0.7225272202899977,-0.8811978807454991,0,train,5,0,Tenderloin,0,94109,0,37.78369288431,-122.41534940599
15WR-0254,3944.0,8.280204233279974,Wireless,"ExteNet Systems, Inc.",Sin asignar,-0.9247843819388938,0.1863269182422211,-2.417785063289399,0.0470617434801031,-0.8811978807454991,0,train,3,0,Nob Hill,0,94109,0,37.78841131487,-122.41671783073
18WR-0307,3935.0,8.277920258172143,Wireless,Otros,Sin asignar,-0.9247843819388938,0.1863269182422211,-1.529345208366027,1.060259958694945,-0.8811978807454991,0,train,9,0,Mission,0,94110,0,37.75443334681,-122.4103730719
14WR-0177,3943.0,8.279950715722526,Wireless,Otros,Sin asignar,-0.9247843819388938,0.1863269182422211,-2.713931681597189,1.7357254355048397,-0.8811978807454991,0,test,4,0,Sunset/Parkside,0,94122,0,37.75770315448,-122.48553241268
16WR-0323,3947.0,8.280964400553373,Wireless,"ExteNet Systems, Inc.",Sin asignar,-0.9247843819388938,0.1863269182422211,-2.1216384449816084,1.060259958694945,-0.8811978807454991,0,train,6,0,Mission,0,94103,0,37.77003472029,-122.41338313089
15WR-0273,3937.0,8.278428259199071,Wireless,Verizon Wireless,Sin asignar,-0.9247843819388938,0.1863269182422211,-2.417785063289399,-1.303869210139686,-0.8811978807454991,0,train,6,0,Financial District/South Beach,0,94107,0,37.78300003601,-122.39674675233
15WR-0257,3929.0,8.276394704863307,Wireless,"ExteNet Systems, Inc.",Sin asignar,-0.9247843819388938,0.1863269182422211,-2.417785063289399,-1.9793346869495807,-0.8811978807454991,0,train,3,0,Tenderloin,0,94109,0,37.78662776516,-122.41635400191
20WR-00043,3929.0,8.276394704863307,Wireless,Otros,Sin asignar,-0.9247843819388938,0.1863269182422211,-1.2331985900582365,1.060259958694945,-0.8811978807454991,0,train,9,0,Portola,0,94134,0,37.73014662028,-122.40477191754
15WR-0147,3945.0,8.28045768658256,Wireless,"ExteNet Systems, Inc.",Sin asignar,-0.9247843819388938,0.1863269182422211,-2.417785063289399,-1.6416019485446334,-0.8811978807454991,0,train,3,0,Tenderloin,0,94109,0,37.78603709946,-122.41946121417
15WR-0307,3933.0,8.277411998949004,Wireless,Verizon Wireless,Sin asignar,-0.9247843819388938,0.1863269182422211,-2.417785063289399,-1.6416019485446334,-0.8811978807454991,0,train,6,0,South of Market,0,94103,0,37.78274297584,-122.40720298688
16WR-0332,3946.0,8.280711075662847,Wireless,"ExteNet Systems, Inc.",Sin asignar,-0.9247843819388938,0.1863269182422211,-2.1216384449816084,-0.9661364717347388,-0.8811978807454991,0,train,6,0,Mission,0,94103,0,37.77158689898,-122.41457263806
15WR-0224,3945.0,8.28045768658256,Wireless,Verizon Wireless,Sin asignar,-0.9247843819388938,0.1863269182422211,-2.417785063289399,-1.6416019485446334,-0.8811978807454991,0,train,6,0,South of Market,0,94107,0,37.77923654082,-122.39348813845
15WR-0059,3940.0,8.279189777195004,Wireless,"ExteNet Systems, Inc.",Sin asignar,-0.9247843819388938,0.1863269182422211,-2.713931681597189,1.7357254355048397,-0.8811978807454991,0,train,3,0,Financial District/South Beach,0,94104,0,37.79246011769,-122.40253982346
15WR-0244,3927.0,8.275885669474356,Wireless,Verizon Wireless,Sin asignar,-0.9076139353104676,0.1863269182422211,-2.417785063289399,0.7225272202899977,-0.8811978807454991,0,train,6,0,South of Market,0,94103,0,37.77171065825,-122.40202781852
16WR-0417,3943.0,8.279950715722526,Wireless,"ExteNet Systems, Inc.",Sin asignar,-0.9247843819388938,0.1863269182422211,-2.1216384449816084,-1.303869210139686,-0.8811978807454991,0,train,3,0,Nob Hill,0,94109,0,37.79024520108,-122.41708346226
15WR-0452,3955.0,8.282988692742602,Wireless,"ExteNet Systems, Inc.",Sin asignar,-0.9247843819388938,0.1863269182422211,-2.417785063289399,-1.303869210139686,-0.8811978807454991,0,test,3,0,North Beach,0,94133,0,37.79817236352,-122.40679868995
15WR-0289,3937.0,8.278428259199071,Wireless,"ExteNet Systems, Inc.",Sin asignar,-0.9247843819388938,0.1863269182422211,-2.417785063289399,1.7357254355048397,-0.8811978807454991,0,test,3,0,Russian Hill,0,94133,0,37.80007529165,-122.41300440735
18WR-0306,3948.0,8.28121766128665,Wireless,Otros,Sin asignar,-0.9247843819388938,0.1863269182422211,-1.529345208366027,0.0470617434801031,-0.8811978807454991,0,train,1,0,Lone Mountain/USF,0,94118,0,37.77793843217,-122.45401386058
16WR-0317,3931.0,8.276903481267057,Wireless,"ExteNet Systems, Inc.",Sin asignar,-0.9247843819388938,0.1863269182422211,-2.1216384449816084,1.060259958694945,-0.8811978807454991,0,train,9,0,Mission,0,94110,0,37.74886607963,-122.41263509881
18WR-0134,3937.0,8.278428259199071,Wireless,Verizon Wireless,Sin asignar,-0.9247843819388938,0.1863269182422211,-1.8254918266738176,1.3979926970998924,-0.8811978807454991,0,train,2,0,Pacific Heights,0,94115,0,37.7901868342,-122.43731479081
16WR-0499,3935.0,8.277920258172143,Wireless,"ExteNet Systems, Inc.",Sin asignar,-0.9247843819388938,0.1863269182422211,-2.1216384449816084,1.3979926970998924,-0.8811978807454991,0,train,2,0,Western Addition,0,94109,0,37.78617559966,-122.42401707799
16WR-0322,3947.0,8.280964400553373,Wireless,"ExteNet Systems, Inc.",Sin asignar,-0.9247843819388938,0.1863269182422211,-2.1216384449816084,1.060259958694945,-0.8811978807454991,0,train,9,0,Mission,0,94110,0,37.75389498203,-122.42170428666
17WR-0136,3934.0,8.277666160851503,Wireless,Otros,Sin asignar,-0.9247843819388938,0.1863269182422211,-2.1216384449816084,1.060259958694945,-0.8811978807454991,0,test,6,0,South of Market,0,94107,0,37.77718565635,-122.39551911122
16WR-0405,3939.0,8.27893600229198,Wireless,"ExteNet Systems, Inc.",Sin asignar,-0.9247843819388938,0.1863269182422211,-2.1216384449816084,1.7357254355048397,-0.8811978807454991,0,train,3,0,Nob Hill,0,94109,0,37.78963214127,-122.41696032004
17WR-0072,3952.0,8.282230063296685,Wireless,AT&T Mobility,Sin asignar,-0.9247843819388938,0.1863269182422211,-2.1216384449816084,0.0470617434801031,-0.8811978807454991,0,train,3,0,Financial District/South Beach,0,94111,0,37.79663941838,-122.39817258043
18WR-0200,3948.0,8.28121766128665,Wireless,"ExteNet Systems, Inc.",Sin asignar,-0.9247843819388938,0.1863269182422211,-1.529345208366027,-0.9661364717347388,-0.8811978807454991,0,train,5,0,Pacific Heights,0,94115,0,37.78667115923,-122.42976487199
17WR-0197,3941.0,8.279443487712665,Wireless,Otros,Sin asignar,-0.9247843819388938,0.1863269182422211,-2.1216384449816084,1.060259958694945,-0.8811978807454991,0,train,6,0,Financial District/South Beach,0,94103,0,37.78563015751,-122.40102844899
18WR-0425,3932.0,8.27715777243181,Wireless,Otros,Sin asignar,-0.9247843819388938,0.1863269182422211,-1.2331985900582365,0.0470617434801031,-0.8811978807454991,0,train,3,0,North Beach,0,94111,0,37.79905915371,-122.40249190901
16WR-0561,3937.0,8.278428259199071,Wireless,Verizon Wireless,Sin asignar,-0.9247843819388938,0.1863269182422211,-2.1216384449816084,-0.9661364717347388,-0.8811978807454991,0,train,6,0,South of Market,0,94103,0,37.77476270204,-122.40512554646
17WR-0305,3927.0,8.275885669474356,Wireless,"ExteNet Systems, Inc.",Otros,-0.9247843819388938,0.1863269182422211,-1.8254918266738176,0.0470617434801031,-0.8811978807454991,0,test,5,0,Pacific Heights,0,94115,0,37.78810330725,-122.42845749134
17WR-0033,3931.0,8.276903481267057,Wireless,AT&T Mobility,Otros,-0.9247843819388938,0.1863269182422211,-2.1216384449816084,-0.6284037333297915,-0.8811978807454991,0,train,6,0,South of Market,0,94107,0,37.7797731424,-122.39832972957
16WR-0393,3935.0,8.277920258172143,Wireless,"ExteNet Systems, Inc.",Sin asignar,-0.9247843819388938,0.1863269182422211,-2.1216384449816084,0.7225272202899977,-0.8811978807454991,0,train,10,0,Bayview Hunters Point,0,94124,0,37.73108027891,-122.39465120293
16WR-0009,3944.0,8.280204233279974,Wireless,Verizon Wireless,Sin asignar,-0.9247843819388938,0.1863269182422211,-2.1216384449816084,-1.9793346869495807,-0.8811978807454991,0,test,2,0,Marina,0,94123,0,37.80238891834,-122.44518507795
16wr-0005,3946.0,8.280711075662847,Wireless,Verizon Wireless,Sin asignar,-0.9247843819388938,0.1863269182422211,-2.1216384449816084,-1.9793346869495807,-0.8811978807454991,0,train,2,0,Marina,0,94123,0,37.80620309225,-122.43768800991
15WR-0070,3940.0,8.279189777195004,Wireless,"ExteNet Systems, Inc.",Sin asignar,-0.9247843819388938,0.1863269182422211,-2.713931681597189,1.7357254355048397,-0.8811978807454991,0,train,3,0,Chinatown,0,94133,0,37.79686199126,-122.40781056106
19WR-00002,3926.0,8.27563105457801,Wireless,Otros,Sin asignar,-0.9247843819388938,0.1863269182422211,-1.529345208366027,-0.6284037333297915,-0.8811978807454991,0,train,8,0,Haight Ashbury,0,94117,0,37.76442108062,-122.44575639122
15WR-0078,3940.0,8.279189777195004,Wireless,"ExteNet Systems, Inc.",Sin asignar,-0.9247843819388938,0.1863269182422211,-2.713931681597189,1.7357254355048397,-0.8811978807454991,0,train,3,0,North Beach,0,94133,0,37.80662744468,-122.41274823216
17WR-0308,3947.0,8.280964400553373,Wireless,"ExteNet Systems, Inc.",Sin asignar,-0.9247843819388938,0.1863269182422211,-1.8254918266738176,1.060259958694945,-0.8811978807454991,0,train,3,0,North Beach,0,94133,0,37.80376105434,-122.4064266433
16WR-0384,3943.0,8.279950715722526,Wireless,"ExteNet Systems, Inc.",Sin asignar,-0.9247843819388938,0.1863269182422211,-2.1216384449816084,0.0470617434801031,-0.8811978807454991,0,train,10,0,Bayview Hunters Point,0,94124,0,37.73438396607,-122.38912655185
19WR-00053,3944.0,8.280204233279974,Wireless,Otros,Sin asignar,-0.9247843819388938,0.1863269182422211,-1.2331985900582365,-0.2906709949248441,-0.8811978807454991,0,train,10,0,Bayview Hunters Point,0,94124,0,37.73189914298,-122.38976823381
15WR-0262,3936.0,8.278174290943738,Wireless,"ExteNet Systems, Inc.",Sin asignar,-0.9247843819388938,0.1863269182422211,-2.417785063289399,-1.9793346869495807,-0.8811978807454991,0,train,5,0,Tenderloin,0,94102,0,37.78415636671,-122.41446281607
16WR-0108,3939.0,8.27893600229198,Wireless,Verizon Wireless,Otros,-0.9247843819388938,0.1863269182422211,-2.1216384449816084,1.7357254355048397,-0.8811978807454991,0,test,2,0,Presidio Heights,0,94118,0,37.78796512794,-122.45484425469
16WR-0121,3940.0,8.279189777195004,Wireless,Verizon Wireless,Sin asignar,-0.9247843819388938,0.1863269182422211,-2.1216384449816084,0.3847944818850504,-0.8811978807454991,0,test,2,0,Pacific Heights,0,94115,0,37.78886736272,-122.44249953425
18WR-0151,3947.0,8.280964400553373,Wireless,AT&T Mobility,Sin asignar,-0.9076139353104676,0.1863269182422211,-1.8254918266738176,0.3847944818850504,-0.8811978807454991,0,train,8,0,Bernal Heights,0,94110,0,37.73673609014,-122.42433220535
18WR-0105,3951.0,8.281977058867758,Wireless,Otros,Sin asignar,-0.9247843819388938,0.1863269182422211,-1.529345208366027,0.3847944818850504,-0.8811978807454991,0,train,2,0,Pacific Heights,0,94115,0,37.79297275749,-122.43147367081
16WR-0129,3940.0,8.279189777195004,Wireless,Verizon Wireless,Otros,-0.9247843819388938,0.1863269182422211,-1.8254918266738176,-1.9793346869495807,-0.8811978807454991,0,train,2,0,Pacific Heights,0,94115,0,37.79001691286,-122.44050244217
18WR-0314,3948.0,8.28121766128665,Wireless,Otros,Sin asignar,-0.9247843819388938,0.1863269182422211,-1.529345208366027,-0.9661364717347388,-0.8811978807454991,0,test,2,0,Lone Mountain/USF,0,94118,0,37.77933877211,-122.44697162779
17WR-0329,3946.0,8.280711075662847,Wireless,AT&T Mobility,Sin asignar,-0.9247843819388938,0.1863269182422211,-1.8254918266738176,-1.303869210139686,-0.8811978807454991,0,test,6,0,Financial District/South Beach,0,94105,0,37.79136982602,-122.39526727998
17WR-0211,3948.0,8.28121766128665,Wireless,AT&T Mobility,Sin asignar,-0.9247843819388938,0.1863269182422211,-2.1216384449816084,1.3979926970998924,-0.8811978807454991,0,train,6,0,Financial District/South Beach,0,94105,0,37.79084315349,-122.39008993067
16wr-0460,3934.0,8.277666160851503,Wireless,"ExteNet Systems, Inc.",Sin asignar,-0.9247843819388938,0.1863269182422211,-2.1216384449816084,-1.303869210139686,-0.8811978807454991,0,test,6,0,South of Market,0,94107,0,37.77999995713,-122.40395208494
20WR-00077,3936.0,8.278174290943738,Wireless,Otros,Sin asignar,-0.9247843819388938,0.1863269182422211,-0.937051971750446,-1.303869210139686,-0.8811978807454991,0,train,5,0,Hayes Valley,0,94117,0,37.77411217866,-122.42874226025
18WR-0167,3951.0,8.281977058867758,Wireless,Otros,Sin asignar,-0.9247843819388938,0.1863269182422211,-1.529345208366027,0.3847944818850504,-0.8811978807454991,0,train,2,0,Pacific Heights,0,94115,0,37.79380937943,-122.43012986101
16WR-0193,3942.0,8.279697133877628,Wireless,"ExteNet Systems, Inc.",Sin asignar,-0.9247843819388938,0.1863269182422211,-2.417785063289399,1.3979926970998924,-0.8811978807454991,0,train,2,0,Russian Hill,0,94109,0,37.80296694935,-122.42058374968
18WR-0199,3951.0,8.281977058867758,Wireless,"ExteNet Systems, Inc.",Sin asignar,-0.9247843819388938,0.1863269182422211,-1.529345208366027,-1.6416019485446334,-0.8811978807454991,0,test,5,0,Western Addition,0,94102,0,37.77993669521,-122.42524435737
18WR-0323,3943.0,8.279950715722526,Wireless,Otros,Sin asignar,-0.9247843819388938,0.1863269182422211,-1.529345208366027,-0.2906709949248441,-0.8811978807454991,0,train,9,0,Portola,0,94134,0,37.72718525179,-122.40983245432
15WR-0422,3939.0,8.27893600229198,Wireless,Verizon Wireless,Sin asignar,-0.9247843819388938,-1.012296450072328,-2.417785063289399,1.7357254355048397,-0.8811978807454991,0,train,6,0,Financial District/South Beach,0,94105,0,37.78777265106,-122.39478874754
17WR-0035,3936.0,8.278174290943738,Wireless,Otros,Sin asignar,-0.9247843819388938,0.1863269182422211,-2.1216384449816084,0.3847944818850504,-0.8811978807454991,0,test,6,0,Financial District/South Beach,0,94105,0,37.78685220253,-122.39984943659
14WR-0125,3956.0,8.283241441385425,Wireless,"ExteNet Systems, Inc.",Otros,-0.9247843819388938,0.1863269182422211,-2.713931681597189,1.7357254355048397,-0.8811978807454991,0,train,3,0,Russian Hill,0,94109,0,37.79801425369,-122.41985280302
16WR-0555,3938.0,8.278682162970906,Wireless,AT&T Mobility,Sin asignar,-0.9247843819388938,0.1863269182422211,-2.1216384449816084,-1.303869210139686,-0.8811978807454991,0,train,6,0,South of Market,0,94107,0,37.77868295255,-122.39917886306
15wr-0535,3947.0,8.280964400553373,Wireless,Otros,Sin asignar,-0.9247843819388938,0.1863269182422211,-2.713931681597189,1.7357254355048397,-0.8811978807454991,0,train,8,0,Noe Valley,0,94131,0,37.74514710584,-122.43104089926
15WR-0332,3932.0,8.27715777243181,Wireless,Verizon Wireless,Sin asignar,-0.9247843819388938,0.1863269182422211,-2.417785063289399,-1.6416019485446334,-0.8811978807454991,0,test,6,0,South of Market,0,94103,0,37.78351944208,-122.40081889825
15WR-0446,3930.0,8.27664912542186,Wireless,Verizon Wireless,Sin asignar,-0.9247843819388938,0.1863269182422211,-2.1216384449816084,0.0470617434801031,-0.8811978807454991,0,train,6,0,Mission,0,94103,0,37.76797459449,-122.40657965357
16wr-0028,3934.0,8.277666160851503,Wireless,Otros,Sin asignar,-0.9247843819388938,0.1863269182422211,-2.417785063289399,0.7225272202899977,-0.8811978807454991,0,test,3,0,Nob Hill,0,94108,0,37.78965174526,-122.40881797893
16WR-0336,3934.0,8.277666160851503,Wireless,"ExteNet Systems, Inc.",Sin asignar,-0.9247843819388938,0.1863269182422211,-2.1216384449816084,-0.2906709949248441,-0.8811978807454991,0,test,5,0,Hayes Valley,0,94102,0,37.77729549693,-122.42627482028
17WR-0206,3941.0,8.279443487712665,Wireless,Otros,Sin asignar,-0.9247843819388938,0.1863269182422211,-2.1216384449816084,1.060259958694945,-0.8811978807454991,0,train,6,0,South of Market,0,94103,0,37.78351944208,-122.40081889825
16wr-0061,3951.0,8.281977058867758,Wireless,Verizon Wireless,Sin asignar,-0.9247843819388938,0.1863269182422211,-2.417785063289399,1.7357254355048397,-0.8811978807454991,0,train,6,0,Mission Bay,0,94158,0,37.77372274813,-122.3913992462
16WR-0483,3927.0,8.275885669474356,Wireless,"ExteNet Systems, Inc.",Sin asignar,-0.9247843819388938,0.1863269182422211,-2.1216384449816084,-0.6284037333297915,-0.8811978807454991,0,train,3,0,Tenderloin,0,94102,0,37.78494525577,-122.4087180481
15WR-0251,3949.0,8.281470857895167,Wireless,"ExteNet Systems, Inc.",Sin asignar,-0.9247843819388938,0.1863269182422211,-2.417785063289399,-1.9793346869495807,-0.8811978807454991,0,train,2,0,Russian Hill,0,94109,0,37.80549708157,-122.42286432656
16WR-0466,3931.0,8.276903481267057,Wireless,"ExteNet Systems, Inc.",Sin asignar,-0.9247843819388938,0.1863269182422211,-2.1216384449816084,-0.9661364717347388,-0.8811978807454991,0,train,3,0,North Beach,0,94133,0,37.80755655894,-122.41551462634
14WR-0176,3947.0,8.280964400553373,Wireless,Otros,Sin asignar,-0.9247843819388938,0.1863269182422211,-2.713931681597189,1.7357254355048397,-0.8811978807454991,0,test,4,0,Sunset/Parkside,0,94122,0,37.76261846816,-122.48901864324
16WR-0471,3946.0,8.280711075662847,Wireless,"ExteNet Systems, Inc.",Sin asignar,-0.9247843819388938,0.1863269182422211,-2.1216384449816084,-0.9661364717347388,-0.8811978807454991,0,test,3,0,North Beach,0,94133,0,37.8073782445,-122.41885471687
16WR-0324,3936.0,8.278174290943738,Wireless,"ExteNet Systems, Inc.",Sin asignar,-0.9247843819388938,0.1863269182422211,-2.1216384449816084,0.7225272202899977,-0.8811978807454991,0,train,9,0,Mission,0,94110,0,37.76005032316,-122.42030831995
18WR-0066,3933.0,8.277411998949004,Wireless,Otros,Sin asignar,-0.9076139353104676,0.1863269182422211,-1.8254918266738176,0.3847944818850504,-0.8811978807454991,0,train,7,0,Golden Gate Park,1,94122,0,37.76590103875,-122.46697691197
15WR-0418,3954.0,8.282735880201754,Wireless,"ExteNet Systems, Inc.",Sin asignar,-0.9247843819388938,0.1863269182422211,-2.417785063289399,-1.303869210139686,-0.8811978807454991,0,train,3,0,North Beach,0,94133,0,37.80287632691,-122.41352785725
15WR-0103,3935.0,8.277920258172143,Wireless,"ExteNet Systems, Inc.",Sin asignar,-0.9247843819388938,0.1863269182422211,-2.713931681597189,1.7357254355048397,-0.8811978807454991,0,train,3,0,Russian Hill,0,94133,0,37.79889389977,-122.41481612164
16WR-0341,3931.0,8.276903481267057,Wireless,"ExteNet Systems, Inc.",Sin asignar,-0.9247843819388938,0.1863269182422211,-2.1216384449816084,-0.6284037333297915,-0.8811978807454991,0,test,9,0,Mission,0,94110,0,37.7519868844,-122.41861514449
16wr-0425,3934.0,8.277666160851503,Wireless,"ExteNet Systems, Inc.",Sin asignar,-0.9247843819388938,0.1863269182422211,-2.1216384449816084,-0.2906709949248441,-0.8811978807454991,0,train,3,0,Russian Hill,0,94133,0,37.80043975629,-122.41646679298
15WR-0077,3940.0,8.279189777195004,Wireless,"ExteNet Systems, Inc.",Sin asignar,-0.9247843819388938,0.1863269182422211,-2.713931681597189,1.7357254355048397,-0.8811978807454991,0,test,3,0,North Beach,0,94133,0,37.80613782902,-122.41608010655
16wr-0180,3947.0,8.280964400553373,Wireless,Otros,Sin asignar,-0.9247843819388938,0.1863269182422211,-2.417785063289399,1.7357254355048397,-0.8811978807454991,0,train,3,0,Financial District/South Beach,0,94111,0,37.79807588099,-122.39987826915
16WR-0529,3941.0,8.279443487712665,Wireless,"ExteNet Systems, Inc.",Sin asignar,-0.9247843819388938,0.1863269182422211,-2.1216384449816084,-0.6284037333297915,-0.8811978807454991,0,test,3,0,North Beach,0,94133,0,37.8007802272,-122.40784322016
17WR-0315,3929.0,8.276394704863307,Wireless,Verizon Wireless,Sin asignar,-0.9247843819388938,0.1863269182422211,-1.8254918266738176,-1.303869210139686,-0.8811978807454991,0,train,5,0,Haight Ashbury,0,94117,0,37.76970260048,-122.44833580058
18WR-0278,3939.0,8.27893600229198,Wireless,Otros,Sin asignar,-0.9247843819388938,0.1863269182422211,-1.529345208366027,1.060259958694945,-0.8811978807454991,0,train,8,0,Haight Ashbury,0,94117,0,37.76470991957,-122.4500073777
21WR-00074,3944.0,8.280204233279974,Wireless,Otros,Sin asignar,-0.9247843819388938,0.1863269182422211,-0.937051971750446,1.7357254355048397,-0.8811978807454991,0,train,10,0,Bayview Hunters Point,0,94124,0,37.73199810999,-122.39953270167
15wr-0608,3944.0,8.280204233279974,Wireless,"ExteNet Systems, Inc.",Sin asignar,-0.9247843819388938,-0.2517905887968899,-2.417785063289399,-0.9661364717347388,-0.8811978807454991,0,test,3,0,North Beach,0,94133,0,37.80421673892,-122.41043396832
19WR-00092,3939.0,8.27893600229198,Wireless,Otros,Sin asignar,-0.9247843819388938,0.1863269182422211,-1.529345208366027,1.060259958694945,-0.8811978807454991,0,train,11,0,Excelsior,0,94112,0,37.72888890091,-122.43098107576
19WR-00244,3931.0,8.276903481267057,Wireless,Otros,Sin asignar,-0.9247843819388938,0.1863269182422211,-1.2331985900582365,-0.9661364717347388,-0.8811978807454991,0,test,3,0,Nob Hill,0,94109,0,37.78963214127,-122.41696032004
18WR-0187,3956.0,8.283241441385425,Wireless,AT&T Mobility,Sin asignar,-0.9247843819388938,0.1863269182422211,-1.8254918266738176,1.060259958694945,-0.8811978807454991,0,train,9,0,Mission,0,94110,0,37.75226355886,-122.41594915711
17WR-0251,3954.0,8.282735880201754,Wireless,Verizon Wireless,Otros,-0.9247843819388938,0.1863269182422211,-1.8254918266738176,-1.6416019485446334,-0.8811978807454991,0,train,2,0,Presidio Heights,0,94115,0,37.78972421316,-122.4459922006
15WR-0416,3957.0,8.28349412616251,Wireless,"ExteNet Systems, Inc.",Sin asignar,-0.9247843819388938,0.1863269182422211,-2.417785063289399,-1.303869210139686,-0.8811978807454991,0,train,3,0,Financial District/South Beach,0,94111,0,37.79615832104,-122.39601791291
17WR-0115,3949.0,8.281470857895167,Wireless,"ExteNet Systems, Inc.",Sin asignar,-0.9247843819388938,0.1863269182422211,-2.1216384449816084,1.7357254355048397,-0.8811978807454991,0,train,6,0,South of Market,0,94103,0,37.77554802425,-122.41857338597
15wr-0555,3947.0,8.280964400553373,Wireless,Otros,Sin asignar,-0.9247843819388938,0.1863269182422211,-2.713931681597189,1.7357254355048397,-0.8811978807454991,0,test,8,0,Noe Valley,0,94114,0,37.75449758998,-122.43598550259
15WR-0197,3928.0,8.27614021955846,Wireless,"ExteNet Systems, Inc.",Sin asignar,-0.9247843819388938,0.1863269182422211,-2.713931681597189,1.7357254355048397,-0.8811978807454991,0,train,3,0,Nob Hill,0,94109,0,37.78952098594,-122.41925409339
17WR-0045,3945.0,8.28045768658256,Wireless,AT&T Mobility,Sin asignar,-0.9247843819388938,0.1863269182422211,-2.1216384449816084,-0.2906709949248441,-0.8811978807454991,0,train,3,0,Chinatown,0,94111,0,37.79436454117,-122.40033571307
17WR-0267,3955.0,8.282988692742602,Wireless,AT&T Mobility,Sin asignar,-0.9247843819388938,0.1863269182422211,-1.8254918266738176,-1.9793346869495807,-0.8811978807454991,0,test,3,0,Financial District/South Beach,0,94111,0,37.79704579314,-122.39966976121
16WR-0391,3933.0,8.277411998949004,Wireless,"ExteNet Systems, Inc.",Sin asignar,-0.9247843819388938,0.1863269182422211,-2.1216384449816084,1.060259958694945,-0.8811978807454991,0,train,10,0,Bayview Hunters Point,0,94124,0,37.73188804504,-122.39540863215
16WR-0136,3954.0,8.282735880201754,Wireless,Verizon Wireless,Sin asignar,-0.9247843819388938,0.1863269182422211,-2.1216384449816084,-1.6416019485446334,-0.8811978807454991,0,train,2,0,Pacific Heights,0,94115,0,37.78999173244,-122.43366821402
16WR-0523,3943.0,8.279950715722526,Wireless,"ExteNet Systems, Inc.",Sin asignar,-0.9247843819388938,0.1863269182422211,-2.1216384449816084,1.3979926970998924,-0.8811978807454991,0,test,3,0,Chinatown,0,94133,0,37.79640249465,-122.40501027887
21WR-00009,3932.0,8.27715777243181,Wireless,Otros,Sin asignar,-0.9247843819388938,0.1863269182422211,-0.937051971750446,-0.6284037333297915,-0.8811978807454991,0,train,3,0,Chinatown,0,94111,0,37.79696287541,-122.4020635395
18WR-0385,3934.0,8.277666160851503,Wireless,Otros,Sin asignar,-0.9247843819388938,0.1863269182422211,-1.529345208366027,0.0470617434801031,-0.8811978807454991,0,train,5,0,Western Addition,0,94115,0,37.78406652004,-122.4346006816
16WR-0345,3931.0,8.276903481267057,Wireless,"ExteNet Systems, Inc.",Sin asignar,-0.9247843819388938,0.1863269182422211,-2.1216384449816084,0.0470617434801031,-0.8811978807454991,0,train,9,0,Mission,0,94110,0,37.75247907771,-122.41652374539
15WR-0020,3937.0,8.278428259199071,Wireless,"ExteNet Systems, Inc.",Sin asignar,-0.9247843819388938,0.1863269182422211,-2.417785063289399,-1.9793346869495807,-0.8811978807454991,0,train,3,0,Financial District/South Beach,0,94104,0,37.78938322021,-122.40190626824
18WR-0302,3930.0,8.27664912542186,Wireless,Verizon Wireless,Sin asignar,-0.9247843819388938,0.1863269182422211,-1.8254918266738176,1.7357254355048397,-0.8811978807454991,0,test,2,0,Pacific Heights,0,94115,0,37.79300582147,-122.43826173574
18WR-0344,3947.0,8.280964400553373,Wireless,"ExteNet Systems, Inc.",Sin asignar,-0.9247843819388938,0.1863269182422211,-1.529345208366027,-1.303869210139686,-0.8811978807454991,0,train,9,0,Mission,0,94110,0,37.7623206023,-122.41121640572
16WR-0152,3948.0,8.28121766128665,Wireless,AT&T Mobility,Sin asignar,-0.9247843819388938,0.1863269182422211,-2.1216384449816084,-1.6416019485446334,-0.8811978807454991,0,train,3,0,Financial District/South Beach,0,94111,0,37.79538951613,-122.39737316171
15WR-0137,3933.0,8.277411998949004,Wireless,"ExteNet Systems, Inc.",Sin asignar,-0.9247843819388938,0.1863269182422211,-2.713931681597189,1.7357254355048397,-0.8811978807454991,0,test,3,0,Nob Hill,0,94109,0,37.79597032584,-122.41614060606
17WR-0120,3956.0,8.283241441385425,Wireless,"ExteNet Systems, Inc.",Sin asignar,-0.9247843819388938,0.1863269182422211,-2.1216384449816084,1.7357254355048397,-0.8811978807454991,0,train,3,0,Chinatown,0,94133,0,37.79645271546,-122.40855759627
21WR-00088,3944.0,8.280204233279974,Wireless,Otros,Sin asignar,-0.9247843819388938,0.1863269182422211,-0.937051971750446,1.7357254355048397,-0.8811978807454991,0,train,10,0,Visitacion Valley,0,94134,0,37.71485356577,-122.40201911722
15WR-0250,3949.0,8.281470857895167,Wireless,"ExteNet Systems, Inc.",Sin asignar,-0.9247843819388938,0.1863269182422211,-2.417785063289399,-1.9793346869495807,-0.8811978807454991,0,train,3,0,North Beach,0,94133,0,37.80690342277,-122.41759362762
16WR-0389,3951.0,8.281977058867758,Wireless,"ExteNet Systems, Inc.",Sin asignar,-0.9247843819388938,0.1863269182422211,-2.1216384449816084,-0.9661364717347388,-0.8811978807454991,0,test,10,0,Bayview Hunters Point,0,94124,0,37.72836942281,-122.37953758992
21WR-00036,3939.0,8.27893600229198,Wireless,Otros,Sin asignar,-0.9247843819388938,0.1863269182422211,-0.937051971750446,-0.2906709949248441,-0.8811978807454991,0,train,2,0,Marina,0,94123,0,37.79896358789,-122.43739645345
18WR-0354,3948.0,8.28121766128665,Wireless,"ExteNet Systems, Inc.",Sin asignar,-0.9247843819388938,0.1863269182422211,-1.529345208366027,-1.303869210139686,-0.8811978807454991,0,train,10,0,Bayview Hunters Point,0,94124,0,37.73276181834,-122.3907397563
16WR-0338,3940.0,8.279189777195004,Wireless,"ExteNet Systems, Inc.",Sin asignar,-0.9247843819388938,0.1863269182422211,-2.1216384449816084,1.060259958694945,-0.8811978807454991,0,train,9,0,Mission,0,94110,0,37.75999287433,-122.41680886869
18WR-0415,3949.0,8.281470857895167,Wireless,Otros,Sin asignar,-0.9247843819388938,0.1863269182422211,-1.2331985900582365,-0.6284037333297915,-0.8811978807454991,0,test,9,0,Mission,0,94110,0,37.74938169063,-122.41049622442
18WR-0359,3952.0,8.282230063296685,Wireless,Otros,Sin asignar,-0.9247843819388938,0.1863269182422211,-1.529345208366027,-0.2906709949248441,-0.8811978807454991,0,train,8,0,Castro/Upper Market,0,94114,0,37.759151766,-122.43517044953
17WR-0195,3954.0,8.282735880201754,Wireless,Verizon Wireless,Otros,-0.9247843819388938,0.1863269182422211,-1.8254918266738176,-0.9661364717347388,-0.8811978807454991,0,train,5,0,Haight Ashbury,0,94117,0,37.76938426335,-122.44541044189
16WR-0014,3934.0,8.277666160851503,Wireless,Verizon Wireless,Sin asignar,-0.9247843819388938,0.1863269182422211,-2.417785063289399,1.7357254355048397,-0.8811978807454991,0,train,2,0,Marina,0,94123,0,37.80154174156,-122.42944645401
16WR-0063,3945.0,8.28045768658256,Wireless,Verizon Wireless,Sin asignar,-0.9247843819388938,0.1863269182422211,-2.417785063289399,0.3847944818850504,-0.8811978807454991,0,train,6,0,Mission Bay,0,94158,0,37.76746552587,-122.39086056131
15WR-0122,3934.0,8.277666160851503,Wireless,"ExteNet Systems, Inc.",Sin asignar,-0.9247843819388938,0.1863269182422211,-2.713931681597189,1.7357254355048397,-0.8811978807454991,0,train,3,0,North Beach,0,94133,0,37.80072965077,-122.4058473896
18WR-0386,3937.0,8.278428259199071,Wireless,Otros,Sin asignar,-0.9247843819388938,0.1863269182422211,-1.529345208366027,-0.2906709949248441,-0.8811978807454991,0,test,9,0,Mission,0,94110,0,37.75736664948,-122.41576053403
17WR-0093,3936.0,8.278174290943738,Wireless,Otros,Sin asignar,-0.9247843819388938,0.1863269182422211,-1.8254918266738176,0.3847944818850504,-0.8811978807454991,0,train,9,0,Mission,0,94110,0,37.76437843832,-122.4240181722
19WR-00165,3950.0,8.281723990411392,Wireless,Otros,Sin asignar,-0.9247843819388938,0.1863269182422211,-1.529345208366027,0.7225272202899977,-0.8811978807454991,0,train,6,0,Financial District/South Beach,0,94105,0,37.79109726308,-122.39726236439
15WR-0280,3933.0,8.277411998949004,Wireless,Verizon Wireless,Sin asignar,-0.9247843819388938,0.1863269182422211,-2.417785063289399,-1.6416019485446334,-0.8811978807454991,0,train,6,0,Financial District/South Beach,0,94103,0,37.78485162709,-122.40204367096
15WR-0308,3943.0,8.279950715722526,Wireless,Verizon Wireless,Sin asignar,-0.9247843819388938,0.1863269182422211,-2.1216384449816084,-1.303869210139686,-0.8811978807454991,0,train,6,0,South of Market,0,94103,0,37.77609797541,-122.41122946284
15WR-0463,3932.0,8.27715777243181,Wireless,"ExteNet Systems, Inc.",Sin asignar,-0.9247843819388938,0.1863269182422211,-2.417785063289399,-1.6416019485446334,-0.8811978807454991,0,train,3,0,Financial District/South Beach,0,94111,0,37.79747745633,-122.4002408575
15WR-0433,3939.0,8.27893600229198,Wireless,Verizon Wireless,Sin asignar,-0.9247843819388938,0.1863269182422211,-2.713931681597189,1.7357254355048397,-0.8811978807454991,0,test,6,0,Mission,0,94103,0,37.77279963976,-122.4167391194
16WR-0408,3939.0,8.27893600229198,Wireless,"ExteNet Systems, Inc.",Sin asignar,-0.9247843819388938,0.1863269182422211,-2.1216384449816084,1.7357254355048397,-0.8811978807454991,0,train,3,0,Russian Hill,0,94109,0,37.79275256471,-122.42130431032
16WR-0224,3939.0,8.27893600229198,Wireless,"ExteNet Systems, Inc.",Sin asignar,-0.9247843819388938,0.1863269182422211,-2.417785063289399,1.3979926970998924,-0.8811978807454991,0,train,3,0,North Beach,0,94133,0,37.79978058978,-122.40564779211
18WR-0146,3936.0,8.278174290943738,Wireless,AT&T Mobility,Otros,-0.9247843819388938,0.1863269182422211,-1.8254918266738176,0.7225272202899977,-0.8811978807454991,0,test,2,0,Lone Mountain/USF,0,94117,0,37.77600416518,-122.44573889726
19WR-00072,3926.0,8.27563105457801,Wireless,Otros,Sin asignar,-0.9247843819388938,0.1863269182422211,-1.529345208366027,1.060259958694945,-0.8811978807454991,0,train,1,0,Inner Richmond,0,94118,0,37.78248432731,-122.46100483257
15WR-0076,3940.0,8.279189777195004,Wireless,"ExteNet Systems, Inc.",Sin asignar,-0.9247843819388938,0.1863269182422211,-2.713931681597189,1.7357254355048397,-0.8811978807454991,0,train,3,0,North Beach,0,94133,0,37.80625002275,-122.41239827583
18WR-0196,3934.0,8.277666160851503,Wireless,"ExteNet Systems, Inc.",Sin asignar,-0.9247843819388938,0.1863269182422211,-1.529345208366027,-1.9793346869495807,-0.8811978807454991,0,test,1,0,Lone Mountain/USF,0,94118,0,37.77929571016,-122.45867699027
16WR-0387,3935.0,8.277920258172143,Wireless,"ExteNet Systems, Inc.",Sin asignar,-0.9247843819388938,0.1863269182422211,-2.1216384449816084,-0.2906709949248441,-0.8811978807454991,0,train,10,0,Bayview Hunters Point,0,94124,0,37.73220815817,-122.38033610327
18WR-0144,3940.0,8.279189777195004,Wireless,AT&T Mobility,Sin asignar,-0.9247843819388938,0.1863269182422211,-1.8254918266738176,0.3847944818850504,-0.8811978807454991,0,train,7,0,West of Twin Peaks,0,94112,0,37.72444021957,-122.45229388051
17WR-0317,3938.0,8.278682162970906,Wireless,Verizon Wireless,Sin asignar,-0.9247843819388938,0.1863269182422211,-1.529345208366027,-1.303869210139686,-0.8811978807454991,0,train,8,0,Haight Ashbury,0,94117,0,37.76234941694,-122.44985746387
20WR-00049,3946.0,8.280711075662847,Wireless,Otros,Sin asignar,-0.9247843819388938,0.1863269182422211,-0.937051971750446,-0.9661364717347388,-0.8811978807454991,0,train,3,0,Tenderloin,0,94102,0,37.78662315865,-122.41432367863
16WR-0437,3937.0,8.278428259199071,Wireless,"ExteNet Systems, Inc.",Sin asignar,-0.9247843819388938,0.1863269182422211,-2.1216384449816084,-1.303869210139686,-0.8811978807454991,0,train,2,0,Russian Hill,0,94109,0,37.80478517126,-122.42369135285
16WR-0516,3931.0,8.276903481267057,Wireless,"ExteNet Systems, Inc.",Sin asignar,-0.9247843819388938,0.1863269182422211,-2.1216384449816084,1.060259958694945,-0.8811978807454991,0,train,3,0,Tenderloin,0,94109,0,37.7871082559,-122.41675135918
16WR-0512,3947.0,8.280964400553373,Wireless,"ExteNet Systems, Inc.",Sin asignar,-0.9247843819388938,0.1863269182422211,-1.8254918266738176,-1.6416019485446334,-0.8811978807454991,0,train,3,0,Chinatown,0,94111,0,37.79488199889,-122.40331287281
15WR-0230,3945.0,8.28045768658256,Wireless,Verizon Wireless,Sin asignar,-0.9247843819388938,0.1863269182422211,-2.417785063289399,-1.6416019485446334,-0.8811978807454991,0,test,6,0,Financial District/South Beach,0,94105,0,37.79030176585,-122.39389926276
18WR-0074,3933.0,8.277411998949004,Wireless,Otros,Sin asignar,-0.9247843819388938,0.1863269182422211,-1.529345208366027,0.0470617434801031,-0.8811978807454991,0,train,2,0,Lone Mountain/USF,0,94115,0,37.77732632915,-122.44171927185
21WR-00049,3940.0,8.279189777195004,Wireless,Otros,Sin asignar,-0.9247843819388938,0.1863269182422211,-0.937051971750446,-0.2906709949248441,-0.8811978807454991,0,train,9,0,Mission,0,94110,0,37.75895740836,-122.41171473291
18WR-0051,3949.0,8.281470857895167,Wireless,"ExteNet Systems, Inc.",Sin asignar,-0.9247843819388938,0.1863269182422211,-1.8254918266738176,-0.2906709949248441,-0.8811978807454991,0,train,2,0,Western Addition,0,94109,0,37.78706060871,-122.42348526605
16WR-0520,3935.0,8.277920258172143,Wireless,"ExteNet Systems, Inc.",Sin asignar,-0.9247843819388938,0.1863269182422211,-2.1216384449816084,-1.303869210139686,-0.8811978807454991,0,train,3,0,North Beach,0,94111,0,37.80280980291,-122.40324033978
20WR-00034,3948.0,8.28121766128665,Wireless,Otros,Sin asignar,-0.9247843819388938,0.1863269182422211,-1.2331985900582365,1.060259958694945,-0.8811978807454991,0,train,3,0,Tenderloin,0,94109,0,37.78631401949,-122.41685514027
16WR-0171,3943.0,8.279950715722526,Wireless,AT&T Mobility,Sin asignar,-0.9247843819388938,0.1863269182422211,-2.417785063289399,1.7357254355048397,-0.8811978807454991,0,train,6,0,Financial District/South Beach,0,94105,0,37.79136982602,-122.39526727998
20WR-00033,3936.0,8.278174290943738,Wireless,Otros,Sin asignar,-0.9247843819388938,0.1863269182422211,-0.937051971750446,-1.9793346869495807,-0.8811978807454991,0,train,3,0,Tenderloin,0,94102,0,37.7867872075,-122.41359696499
16WR-0514,3929.0,8.276394704863307,Wireless,"ExteNet Systems, Inc.",Sin asignar,-0.9247843819388938,0.1863269182422211,-2.1216384449816084,-0.2906709949248441,-0.8811978807454991,0,train,5,0,Tenderloin,0,94109,0,37.78331167277,-122.41718712343
14WR-0162,3947.0,8.280964400553373,Wireless,Otros,Sin asignar,-0.9247843819388938,0.1863269182422211,-2.713931681597189,1.7357254355048397,-0.8811978807454991,0,train,6,0,South of Market,0,Desconocido,0,37.77571243012,-122.41008655344
16WR-0468,3940.0,8.279189777195004,Wireless,"ExteNet Systems, Inc.",Sin asignar,-0.9247843819388938,0.1863269182422211,-2.1216384449816084,1.060259958694945,-0.8811978807454991,0,train,3,0,North Beach,0,94133,0,37.80249992245,-122.41328711985
16WR-0306,3931.0,8.276903481267057,Wireless,AT&T Mobility,Sin asignar,-0.9247843819388938,0.1863269182422211,-2.1216384449816084,-1.9793346869495807,-0.8811978807454991,0,train,6,0,Financial District/South Beach,0,94103,0,37.78405020584,-122.40364520658
17WR-0310,3949.0,8.281470857895167,Wireless,"ExteNet Systems, Inc.",Sin asignar,-0.9247843819388938,0.1863269182422211,-1.8254918266738176,-0.2906709949248441,-0.8811978807454991,0,train,5,0,Tenderloin,0,94102,0,37.7824156585,-122.41883858171
16WR-0450,3945.0,8.28045768658256,Wireless,"ExteNet Systems, Inc.",Sin asignar,-0.9247843819388938,0.1863269182422211,-2.1216384449816084,-0.6284037333297915,-0.8811978807454991,0,test,6,0,South of Market,0,94103,0,37.7821254275,-122.40549161984
15WR-0232,3945.0,8.28045768658256,Wireless,Verizon Wireless,Sin asignar,-0.9247843819388938,0.1863269182422211,-2.417785063289399,-1.6416019485446334,-0.8811978807454991,0,train,6,0,Financial District/South Beach,0,94103,0,37.78490672453,-122.40387191976
17WR-0117,3937.0,8.278428259199071,Wireless,"ExteNet Systems, Inc.",Sin asignar,-0.9247843819388938,0.1863269182422211,-2.1216384449816084,1.7357254355048397,-0.8811978807454991,0,test,6,0,Mission,0,94103,0,37.77372997747,-122.41909129087
16WR-0331,3940.0,8.279189777195004,Wireless,"ExteNet Systems, Inc.",Sin asignar,-0.9247843819388938,0.1863269182422211,-2.1216384449816084,1.060259958694945,-0.8811978807454991,0,test,6,0,Mission,0,94103,0,37.77203019067,-122.4168660815
20WR-00067,3930.0,8.27664912542186,Wireless,Otros,Sin asignar,-0.9247843819388938,0.1863269182422211,-0.937051971750446,-0.6284037333297915,-0.8811978807454991,0,test,11,0,Outer Mission,0,94112,0,37.71382611881,-122.44865940714
16WR-0434,3957.0,8.28349412616251,Wireless,"ExteNet Systems, Inc.",Sin asignar,-0.9247843819388938,0.1863269182422211,-2.1216384449816084,-1.303869210139686,-0.8811978807454991,0,train,3,0,Nob Hill,0,94109,0,37.79658949515,-122.41531473297
16WR-0476,3950.0,8.281723990411392,Wireless,"ExteNet Systems, Inc.",Sin asignar,-0.9247843819388938,0.1863269182422211,-1.8254918266738176,-1.303869210139686,-0.8811978807454991,0,train,2,0,Marina,0,94109,0,37.79823254912,-122.4241545948
16WR-0124,3934.0,8.277666160851503,Wireless,Verizon Wireless,Sin asignar,-0.9247843819388938,0.1863269182422211,-1.529345208366027,-1.9793346869495807,-0.8811978807454991,0,train,2,0,Pacific Heights,0,94115,0,37.78632292661,-122.43849692105
16WR-0304,3944.0,8.280204233279974,Wireless,AT&T Mobility,Sin asignar,-0.9247843819388938,0.1863269182422211,-2.1216384449816084,-0.9661364717347388,-0.8811978807454991,0,train,6,0,Financial District/South Beach,0,94105,0,37.7869132099,-122.39544363602
18WR-0143,3936.0,8.278174290943738,Wireless,AT&T Mobility,Otros,-0.9247843819388938,0.1863269182422211,-1.8254918266738176,0.3847944818850504,-0.8811978807454991,0,train,2,0,Pacific Heights,0,94115,0,37.78788586188,-122.44363774952
21WR-00096,3943.0,8.279950715722526,Wireless,Otros,Sin asignar,-0.9247843819388938,0.1863269182422211,-0.6409053534426555,-1.9793346869495807,-0.8811978807454991,0,train,7,0,West of Twin Peaks,0,94131,0,37.73140489131,-122.44185958372
16WR-0564,3930.0,8.27664912542186,Wireless,Otros,Sin asignar,-0.9247843819388938,0.1863269182422211,-2.1216384449816084,-1.303869210139686,-0.8811978807454991,0,train,6,0,South of Market,0,94107,0,37.77772367098,-122.40324939695
17WR-0326,3929.0,8.276394704863307,Wireless,Verizon Wireless,Sin asignar,-0.9247843819388938,0.1863269182422211,-2.1216384449816084,1.7357254355048397,-0.8811978807454991,0,train,6,0,Mission Bay,0,94158,0,37.76960031536,-122.39099525949
16WR-0179,3939.0,8.27893600229198,Wireless,AT&T Mobility,Sin asignar,-0.9247843819388938,0.1863269182422211,-2.1216384449816084,-1.9793346869495807,-0.8811978807454991,0,test,6,0,Financial District/South Beach,0,94103,0,37.78563015751,-122.40102844899
19WR-00048,3956.0,8.283241441385425,Wireless,Otros,Sin asignar,-0.9247843819388938,0.1863269182422211,-1.529345208366027,0.3847944818850504,-0.8811978807454991,0,train,6,0,Financial District/South Beach,0,94105,0,37.78980323876,-122.38975744776
21WR-00051,3956.0,8.283241441385425,Wireless,Otros,Sin asignar,-0.9247843819388938,0.1863269182422211,-0.937051971750446,1.060259958694945,-0.8811978807454991,0,train,9,0,Portola,0,94134,0,37.72327926034,-122.40454963145
15WR-0132,3933.0,8.277411998949004,Wireless,"ExteNet Systems, Inc.",Sin asignar,-0.9247843819388938,0.1863269182422211,-2.713931681597189,1.7357254355048397,-0.8811978807454991,0,train,3,0,Nob Hill,0,94109,0,37.79427382503,-122.41451994466
19WR-00047,3948.0,8.28121766128665,Wireless,Otros,Sin asignar,-0.9247843819388938,0.1863269182422211,-1.2331985900582365,-0.6284037333297915,-0.8811978807454991,0,train,10,0,Bayview Hunters Point,0,94124,0,37.72636345694,-122.38627778406
18WR-0201,3937.0,8.278428259199071,Wireless,"ExteNet Systems, Inc.",Sin asignar,-0.9247843819388938,0.1863269182422211,-1.8254918266738176,1.3979926970998924,-0.8811978807454991,0,test,2,0,Marina,0,94123,0,37.79683323586,-122.44587388015
16WR-0222,3939.0,8.27893600229198,Wireless,"ExteNet Systems, Inc.",Sin asignar,-0.9247843819388938,-0.4997816305171414,-2.1216384449816084,1.3979926970998924,-0.8811978807454991,0,test,3,0,North Beach,0,94133,0,37.79896783208,-122.40679215009
16WR-0114,3955.0,8.282988692742602,Wireless,Verizon Wireless,Sin asignar,-0.9247843819388938,0.1863269182422211,-2.1216384449816084,-0.2906709949248441,-0.8811978807454991,0,test,2,0,Presidio Heights,0,94118,0,37.78686264147,-122.44873324132
16WR-0064,3945.0,8.28045768658256,Wireless,Verizon Wireless,Sin asignar,-0.9247843819388938,0.1863269182422211,-2.417785063289399,0.3847944818850504,-0.8811978807454991,0,train,6,0,Mission Bay,0,94158,0,37.76690675498,-122.38996959831
18WR-0164,3948.0,8.28121766128665,Wireless,Otros,Sin asignar,-0.9247843819388938,0.1863269182422211,-1.529345208366027,-0.9661364717347388,-0.8811978807454991,0,train,2,0,Pacific Heights,0,94115,0,37.78954955475,-122.43717250072
14WR-0073,7884.0,8.972717499397138,Wireless,"ExteNet Systems, Inc.",Sin asignar,-0.9247843819388938,0.1863269182422211,-2.713931681597189,-0.6284037333297915,-0.8811978807454991,0,train,3,0,North Beach,0,94111,0,37.79984577722,-122.40265078766
16WR-0117,3929.0,8.276394704863307,Wireless,Verizon Wireless,Otros,-0.9247843819388938,0.1863269182422211,-1.8254918266738176,-1.303869210139686,-0.8811978807454991,0,test,2,0,Pacific Heights,0,94115,0,37.78952590927,-122.44467802165
18WR-0416,3949.0,8.281470857895167,Wireless,Otros,Sin asignar,-0.9247843819388938,0.1863269182422211,-1.2331985900582365,-0.6284037333297915,-0.8811978807454991,0,train,10,0,Bayview Hunters Point,0,94124,0,37.72392611088,-122.39117961054
18WR-0311,3930.0,8.27664912542186,Wireless,Otros,Sin asignar,-0.9247843819388938,0.1863269182422211,-1.2331985900582365,-1.9793346869495807,-0.8811978807454991,0,train,7,0,Inner Sunset,0,94122,0,37.75949210626,-122.47042916369
16WR-0238,3955.0,8.282988692742602,Wireless,AT&T Mobility,Sin asignar,-0.9247843819388938,0.1863269182422211,-1.529345208366027,-1.6416019485446334,-0.8811978807454991,0,test,8,0,Haight Ashbury,0,94117,0,37.77055357502,-122.44265472638
15WR-0482,3949.0,8.281470857895167,Wireless,"ExteNet Systems, Inc.",Sin asignar,-0.9247843819388938,0.1863269182422211,-2.417785063289399,-1.9793346869495807,-0.8811978807454991,0,train,3,0,Nob Hill,0,94108,0,37.79166359731,-122.41239822095
16WR-0510,3940.0,8.279189777195004,Wireless,"ExteNet Systems, Inc.",Sin asignar,-0.9247843819388938,0.1863269182422211,-2.1216384449816084,0.3847944818850504,-0.8811978807454991,0,test,3,0,Chinatown,0,94108,0,37.79280049189,-122.40810904236
21WR-00106,3938.0,8.278682162970906,Wireless,Otros,Sin asignar,-0.9247843819388938,0.1863269182422211,-0.6409053534426555,-0.9661364717347388,-0.8811978807454991,0,train,9,0,Bernal Heights,0,94110,0,37.74754826377,-122.41610015342
15WR-0049,3941.0,8.279443487712665,Wireless,"ExteNet Systems, Inc.",Sin asignar,-0.9247843819388938,0.1863269182422211,-2.713931681597189,1.7357254355048397,-0.8811978807454991,0,test,3,0,Nob Hill,0,94108,0,37.7905125211,-122.40899363424
18WR-0361,3941.0,8.279443487712665,Wireless,"ExteNet Systems, Inc.",Sin asignar,-0.9247843819388938,0.1863269182422211,-1.529345208366027,-1.6416019485446334,-0.8811978807454991,0,train,9,0,Mission,0,94110,0,37.75610563169,-122.4096070606
21WR-00044,3929.0,8.276394704863307,Wireless,Otros,Sin asignar,-0.9247843819388938,0.1863269182422211,-0.937051971750446,-0.2906709949248441,-0.8811978807454991,0,train,3,0,Nob Hill,0,94109,0,37.78892088833,-122.42062562965
17WR-0063,3936.0,8.278174290943738,Wireless,"ExteNet Systems, Inc.",Sin asignar,-0.9247843819388938,0.1863269182422211,-2.1216384449816084,0.0470617434801031,-0.8811978807454991,0,train,5,0,Japantown,0,94109,0,37.7867128451,-122.42734070753
16WR-0333,3945.0,8.28045768658256,Wireless,"ExteNet Systems, Inc.",Sin asignar,-0.9247843819388938,0.1863269182422211,-2.1216384449816084,-0.2906709949248441,-0.8811978807454991,0,train,8,0,Mission,0,94110,0,37.75117501823,-122.42275460376
16WR-0172,3938.0,8.278682162970906,Wireless,"ExteNet Systems, Inc.",Sin asignar,-0.9247843819388938,0.1863269182422211,-2.417785063289399,1.060259958694945,-0.8811978807454991,0,train,3,0,Russian Hill,0,94109,0,37.79652115585,-122.42172554525
19WR-00031,3931.0,8.276903481267057,Wireless,Otros,Sin asignar,-0.9247843819388938,0.1863269182422211,-1.529345208366027,0.0470617434801031,-0.8811978807454991,0,train,3,0,Financial District/South Beach,0,94111,0,37.79464858373,-122.39965039077
17wr-0064,3947.0,8.280964400553373,Wireless,"ExteNet Systems, Inc.",Sin asignar,-0.9247843819388938,0.1863269182422211,-2.1216384449816084,1.060259958694945,-0.8811978807454991,0,train,2,0,Pacific Heights,0,94109,0,37.78790254847,-122.42556110251
17WR-0280,3939.0,8.27893600229198,Wireless,AT&T Mobility,Sin asignar,-0.9247843819388938,0.1863269182422211,-1.8254918266738176,1.060259958694945,-0.8811978807454991,0,test,3,0,Nob Hill,0,94102,0,37.78822708919,-122.4101557745
16WR-0016,3927.0,8.275885669474356,Wireless,Verizon Wireless,Sin asignar,-0.9247843819388938,0.1863269182422211,-2.1216384449816084,-1.303869210139686,-0.8811978807454991,0,train,2,0,Marina,0,94123,0,37.80537845268,-122.44413512916
17WR-0331,3953.0,8.282483003730562,Wireless,Otros,Sin asignar,-0.9247843819388938,0.1863269182422211,-1.8254918266738176,-0.6284037333297915,-0.8811978807454991,0,train,6,0,South of Market,0,94103,0,37.78351944208,-122.40081889825
15wr-0587,3948.0,8.28121766128665,Wireless,"ExteNet Systems, Inc.",Sin asignar,-0.9247843819388938,0.1863269182422211,-2.417785063289399,1.3979926970998924,-0.8811978807454991,0,train,3,0,Chinatown,0,94133,0,37.79645029138,-122.4110917506
19WR-00055,3927.0,8.275885669474356,Wireless,Otros,Sin asignar,-0.9247843819388938,0.1863269182422211,-1.529345208366027,0.3847944818850504,-0.8811978807454991,0,train,1,0,Inner Richmond,0,94118,0,37.77395469083,-122.46251493617
18WR-0260,3940.0,8.279189777195004,Wireless,"ExteNet Systems, Inc.",Sin asignar,-0.9247843819388938,0.1863269182422211,-1.529345208366027,-0.9661364717347388,-0.8811978807454991,0,train,2,0,Pacific Heights,0,94123,0,37.79650493225,-122.42400608821
21WR-00069,3955.0,8.282988692742602,Wireless,Otros,Sin asignar,-0.9247843819388938,0.1863269182422211,-0.937051971750446,1.7357254355048397,-0.8811978807454991,0,train,5,0,Hayes Valley,0,94102,0,37.77185577379,-122.42716096532
17WR-0134,3935.0,8.277920258172143,Wireless,Otros,Sin asignar,-0.9247843819388938,0.1863269182422211,-2.1216384449816084,0.7225272202899977,-0.8811978807454991,0,test,3,0,Financial District/South Beach,0,94111,0,37.79401954951,-122.39996633481
18WR-0035,3933.0,8.277411998949004,Wireless,Otros,Otros,-0.9247843819388938,0.1863269182422211,-1.8254918266738176,0.3847944818850504,-0.8811978807454991,0,train,7,0,Inner Sunset,0,94122,0,37.76395179325,-122.4711281413
18WR-0042,3941.0,8.279443487712665,Wireless,"ExteNet Systems, Inc.",Sin asignar,-0.9247843819388938,0.1863269182422211,-1.8254918266738176,0.3847944818850504,-0.8811978807454991,0,train,5,0,Japantown,0,94109,0,37.78636508889,-122.42713775786
17WR-0283,3929.0,8.276394704863307,Wireless,AT&T Mobility,Sin asignar,-0.9247843819388938,0.1863269182422211,-1.8254918266738176,-1.6416019485446334,-0.8811978807454991,0,train,6,0,Financial District/South Beach,0,94105,0,37.78751654003,-122.40079947681
15WR-0591,3945.0,8.28045768658256,Wireless,Otros,Sin asignar,-0.9247843819388938,-0.3137883492269528,-2.417785063289399,-0.9661364717347388,-0.8811978807454991,0,test,1,0,Outer Richmond,0,94121,0,37.77291581596,-122.49711477865
18WR-0162,3937.0,8.278428259199071,Wireless,Verizon Wireless,Sin asignar,-0.9247843819388938,0.1863269182422211,-1.8254918266738176,1.7357254355048397,-0.8811978807454991,0,train,2,0,Pacific Heights,0,94115,0,37.79332782948,-122.44338934802
19WR-00021,3934.0,8.277666160851503,Wireless,Otros,Sin asignar,-0.9247843819388938,0.1863269182422211,-1.529345208366027,0.3847944818850504,-0.8811978807454991,0,train,9,0,Bernal Heights,0,94110,0,37.73900216865,-122.41007629574
18WR-0175,3946.0,8.280711075662847,Wireless,Otros,Sin asignar,-0.9247843819388938,0.1863269182422211,-1.529345208366027,-0.2906709949248441,-0.8811978807454991,0,train,2,0,Pacific Heights,0,94115,0,37.79257144668,-122.44171563685
18WR-0081,3949.0,8.281470857895167,Wireless,Otros,Sin asignar,-0.9247843819388938,0.1863269182422211,-1.8254918266738176,0.3847944818850504,-0.8811978807454991,0,train,6,0,South of Market,0,94103,0,37.77219741997,-122.40191372879
16WR-0142,3938.0,8.278682162970906,Wireless,"ExteNet Systems, Inc.",Sin asignar,-0.9247843819388938,0.1863269182422211,-2.1216384449816084,-1.9793346869495807,-0.8811978807454991,0,train,3,0,Chinatown,0,94111,0,37.79443367165,-122.4032228132
21WR-00064,3944.0,8.280204233279974,Wireless,Otros,Sin asignar,-0.9247843819388938,0.1863269182422211,-0.937051971750446,1.060259958694945,-0.8811978807454991,0,test,6,0,Mission Bay,0,94107,0,37.77986428353,-122.38994492299
15WR-0328,3936.0,8.278174290943738,Wireless,Verizon Wireless,Sin asignar,-0.9247843819388938,0.1863269182422211,-2.713931681597189,1.7357254355048397,-0.8811978807454991,0,test,6,0,Financial District/South Beach,0,94105,0,37.78596601463,-122.39512624583
16WR-0178,3931.0,8.276903481267057,Wireless,AT&T Mobility,Sin asignar,-0.9247843819388938,0.1863269182422211,-2.1216384449816084,-1.9793346869495807,-0.8811978807454991,0,train,6,0,South of Market,0,94103,0,37.78460423573,-122.40466005846
16WR-0573,3946.0,8.280711075662847,Wireless,AT&T Mobility,Sin asignar,-0.9247843819388938,0.1863269182422211,-2.1216384449816084,-0.9661364717347388,-0.8811978807454991,0,test,6,0,Financial District/South Beach,0,94105,0,37.79105948491,-122.39751384881
15WR-0172,3939.0,8.27893600229198,Wireless,"ExteNet Systems, Inc.",Sin asignar,-0.9247843819388938,0.1863269182422211,-2.713931681597189,1.7357254355048397,-0.8811978807454991,0,train,5,0,Tenderloin,0,94102,0,37.78317971605,-122.41189214004
17WR-0327,3929.0,8.276394704863307,Wireless,Verizon Wireless,Sin asignar,-0.9247843819388938,0.1863269182422211,-2.1216384449816084,1.7357254355048397,-0.8811978807454991,0,train,6,0,Mission Bay,0,94158,0,37.77055158994,-122.39031441421
15WR-0423,3957.0,8.28349412616251,Wireless,Verizon Wireless,Sin asignar,-0.9247843819388938,0.1863269182422211,-2.417785063289399,-1.303869210139686,-0.8811978807454991,0,train,6,0,Financial District/South Beach,0,94105,0,37.7900175278,-122.40009507397
18wr-0044,3939.0,8.27893600229198,Wireless,"ExteNet Systems, Inc.",Sin asignar,-0.9247843819388938,0.1863269182422211,-1.8254918266738176,-0.2906709949248441,-0.8811978807454991,0,test,5,0,Tenderloin,0,94102,0,37.78032084609,-122.41537865921
19WR-00120,3929.0,8.276394704863307,Wireless,Otros,Sin asignar,-0.9247843819388938,0.1863269182422211,-1.529345208366027,0.3847944818850504,-0.8811978807454991,0,train,2,0,Pacific Heights,0,94109,0,37.78746226704,-122.42525195656
15WR-0259,3944.0,8.280204233279974,Wireless,"ExteNet Systems, Inc.",Sin asignar,-0.9247843819388938,0.1863269182422211,-2.417785063289399,-0.6284037333297915,-0.8811978807454991,0,train,5,0,Tenderloin,0,94109,0,37.78506372635,-122.41872463333
16WR-0111,3942.0,8.279697133877628,Wireless,Verizon Wireless,Sin asignar,-0.9247843819388938,0.1863269182422211,-2.1216384449816084,0.7225272202899977,-0.8811978807454991,0,train,2,0,Presidio Heights,0,94118,0,37.78974339298,-122.45565203463
16WR-0394,3930.0,8.27664912542186,Wireless,"ExteNet Systems, Inc.",Sin asignar,-0.9247843819388938,0.1863269182422211,-2.1216384449816084,0.0470617434801031,-0.8811978807454991,0,test,10,0,Bayview Hunters Point,0,94124,0,37.73012954183,-122.39370306788
15WR-0107,3935.0,8.277920258172143,Wireless,"ExteNet Systems, Inc.",Sin asignar,-0.9247843819388938,0.1863269182422211,-2.713931681597189,1.7357254355048397,-0.8811978807454991,0,train,3,0,Nob Hill,0,94133,0,37.79727221354,-122.41247347466
18WR-0252,3936.0,8.278174290943738,Wireless,AT&T Mobility,Sin asignar,-0.9247843819388938,0.1863269182422211,-1.8254918266738176,1.7357254355048397,-0.8811978807454991,0,train,5,0,Lone Mountain/USF,0,94117,0,37.77529511311,-122.44946105595
16WR-0378,3940.0,8.279189777195004,Wireless,"ExteNet Systems, Inc.",Sin asignar,-0.9247843819388938,0.1863269182422211,-2.1216384449816084,0.0470617434801031,-0.8811978807454991,0,train,10,0,Bayview Hunters Point,0,94124,0,37.73466306197,-122.38889824578
19WR-00213,3935.0,8.277920258172143,Wireless,Otros,Sin asignar,-0.9247843819388938,0.1863269182422211,-1.529345208366027,1.060259958694945,-0.8811978807454991,0,train,9,0,Mission,0,94110,0,37.75546690843,-122.41628376521
16WR-0363,3930.0,8.27664912542186,Wireless,"ExteNet Systems, Inc.",Sin asignar,-0.9247843819388938,0.1863269182422211,-2.1216384449816084,0.7225272202899977,-0.8811978807454991,0,train,5,0,Hayes Valley,0,94102,0,37.77552333702,-122.42760684491
15WR-0105,3935.0,8.277920258172143,Wireless,"ExteNet Systems, Inc.",Sin asignar,-0.9247843819388938,0.1863269182422211,-2.713931681597189,1.7357254355048397,-0.8811978807454991,0,train,3,0,Russian Hill,0,94109,0,37.79655942427,-122.42038025311
18WR-0379,3956.0,8.283241441385425,Wireless,Otros,Sin asignar,-0.9247843819388938,0.1863269182422211,-1.529345208366027,1.060259958694945,-0.8811978807454991,0,train,3,0,Nob Hill,0,94109,0,37.78909536893,-122.41558122903
16WR-0361,3932.0,8.27715777243181,Wireless,"ExteNet Systems, Inc.",Sin asignar,-0.9247843819388938,0.1863269182422211,-1.8254918266738176,-1.9793346869495807,-0.8811978807454991,0,train,5,0,Tenderloin,0,94102,0,37.7817486245,-122.41252438608
15WR-0162,3933.0,8.277411998949004,Wireless,"ExteNet Systems, Inc.",Sin asignar,-0.9247843819388938,0.1863269182422211,-2.417785063289399,-0.9661364717347388,-0.8811978807454991,0,train,3,0,Nob Hill,0,94108,0,37.79387045903,-122.41028791983
16WR-0544,3943.0,8.279950715722526,Wireless,"ExteNet Systems, Inc.",Sin asignar,-0.9247843819388938,0.1863269182422211,-1.8254918266738176,-1.6416019485446334,-0.8811978807454991,0,train,2,0,Western Addition,0,94109,0,37.78835266648,-122.42513453606
16WR-0565,3931.0,8.276903481267057,Wireless,Otros,Sin asignar,-0.9247843819388938,0.1863269182422211,-2.1216384449816084,-0.9661364717347388,-0.8811978807454991,0,train,3,0,Financial District/South Beach,0,94111,0,37.79494824582,-122.397298121
14WR-0159,3947.0,8.280964400553373,Wireless,Otros,Sin asignar,-0.9247843819388938,0.1863269182422211,-2.713931681597189,1.7357254355048397,-0.8811978807454991,0,train,6,0,Mission Bay,0,94103,0,37.76855714677,-122.40242555738
16WR-0439,3944.0,8.280204233279974,Wireless,"ExteNet Systems, Inc.",Sin asignar,-0.9247843819388938,0.1863269182422211,-2.1216384449816084,-0.2906709949248441,-0.8811978807454991,0,test,3,0,Russian Hill,0,94109,0,37.79561184149,-122.42313233698
16WR-0464,3929.0,8.276394704863307,Wireless,"ExteNet Systems, Inc.",Sin asignar,-0.9247843819388938,0.1863269182422211,-2.1216384449816084,-0.2906709949248441,-0.8811978807454991,0,train,3,0,Russian Hill,0,94109,0,37.79589240514,-122.41822091833
16WR-0003,3947.0,8.280964400553373,Wireless,Verizon Wireless,Sin asignar,-0.9247843819388938,0.1863269182422211,-2.1216384449816084,0.0470617434801031,-0.8811978807454991,0,train,2,0,Marina,0,94123,0,37.80517009051,-122.44576368647
18WR-0430,3949.0,8.281470857895167,Wireless,Otros,Sin asignar,-0.9247843819388938,0.1863269182422211,-1.529345208366027,0.3847944818850504,-0.8811978807454991,0,train,5,0,Hayes Valley,0,94123,0,37.77645514881,-122.42113370134
20WR-00039,3937.0,8.278428259199071,Wireless,Otros,Sin asignar,-0.9247843819388938,0.1863269182422211,-1.2331985900582365,1.3979926970998924,-0.8811978807454991,0,train,1,0,Inner Richmond,0,94118,0,37.78311806933,-122.46407134378
18WR-0350,3937.0,8.278428259199071,Wireless,Otros,Sin asignar,-0.9247843819388938,0.1863269182422211,-1.529345208366027,-0.2906709949248441,-0.8811978807454991,0,train,7,0,Inner Sunset,0,94122,0,37.7641885231,-122.46573878664
19WR-00167,3950.0,8.281723990411392,Wireless,Otros,Sin asignar,-0.9247843819388938,0.1863269182422211,-1.529345208366027,0.7225272202899977,-0.8811978807454991,0,train,2,0,Presidio Heights,0,94118,0,37.78624766526,-122.45356508764
15WR-0271,3929.0,8.276394704863307,Wireless,"ExteNet Systems, Inc.",Sin asignar,-0.9247843819388938,0.1863269182422211,-2.417785063289399,-1.303869210139686,-0.8811978807454991,0,train,5,0,Tenderloin,0,94103,0,37.78201938731,-122.41101946798
21WR-00040,3928.0,8.27614021955846,Wireless,Otros,Sin asignar,-0.9247843819388938,0.1863269182422211,-0.937051971750446,0.0470617434801031,-0.8811978807454991,0,train,6,0,South of Market,0,94103,0,37.78047553628,-122.41217622287
15WR-0462,3932.0,8.27715777243181,Wireless,"ExteNet Systems, Inc.",Sin asignar,-0.9247843819388938,0.1863269182422211,-2.417785063289399,-1.6416019485446334,-0.8811978807454991,0,train,3,0,Financial District/South Beach,0,94111,0,37.79700968909,-122.39988584233
18WR-0197,3934.0,8.277666160851503,Wireless,"ExteNet Systems, Inc.",Sin asignar,-0.9247843819388938,0.1863269182422211,-1.529345208366027,-1.303869210139686,-0.8811978807454991,0,train,5,0,Western Addition,0,94117,0,37.77769663684,-122.4324596552
18WR-0004,3951.0,8.281977058867758,Wireless,AT&T Mobility,Otros,-0.9247843819388938,0.1863269182422211,-1.8254918266738176,-0.2906709949248441,-0.8811978807454991,0,train,5,0,Western Addition,0,94115,0,37.78391098846,-122.43300785951
17WR-0253,3950.0,8.281723990411392,Wireless,Verizon Wireless,Otros,-0.9247843819388938,0.1863269182422211,-1.8254918266738176,-0.9661364717347388,-0.8811978807454991,0,train,5,0,Hayes Valley,0,94117,0,37.77210311991,-122.42948218257
15WR-0431,3926.0,8.27563105457801,Wireless,Verizon Wireless,Otros,-0.9247843819388938,0.1863269182422211,-2.417785063289399,1.3979926970998924,-0.8811978807454991,0,train,6,0,South of Market,0,94103,0,37.77084550183,-122.41060746182
18WR-0032,3935.0,8.277920258172143,Wireless,AT&T Mobility,Otros,-0.9247843819388938,0.1863269182422211,-1.8254918266738176,-0.2906709949248441,-0.8811978807454991,0,train,5,0,Japantown,0,94115,0,37.785733667,-122.42960218453
16WR-0039,3934.0,8.277666160851503,Wireless,Otros,Sin asignar,-0.9247843819388938,0.1863269182422211,-2.417785063289399,0.7225272202899977,-0.8811978807454991,0,train,6,0,Financial District/South Beach,0,94105,0,37.79013763222,-122.39431395337
15WR-0058,3941.0,8.279443487712665,Wireless,"ExteNet Systems, Inc.",Sin asignar,-0.9247843819388938,0.1863269182422211,-2.713931681597189,1.7357254355048397,-0.8811978807454991,0,train,3,0,Financial District/South Beach,0,94104,0,37.79304876188,-122.40221985101
15WR-0165,3928.0,8.27614021955846,Wireless,"ExteNet Systems, Inc.",Sin asignar,-0.9247843819388938,0.1863269182422211,-2.713931681597189,1.7357254355048397,-0.8811978807454991,0,train,3,0,Russian Hill,0,94109,0,37.79295011056,-122.41725257389
14WR-0078,4352.0,8.378620541552298,Wireless,"ExteNet Systems, Inc.",Otros,-0.9247843819388938,0.1863269182422211,-2.713931681597189,-0.6284037333297915,-0.8811978807454991,0,train,3,0,Russian Hill,0,94109,0,37.79485886062,-122.41801089541
16WR-0029,3934.0,8.277666160851503,Wireless,Otros,Sin asignar,-0.9247843819388938,0.1863269182422211,-2.417785063289399,0.7225272202899977,-0.8811978807454991,0,train,6,0,Financial District/South Beach,0,94105,0,37.78939685682,-122.39826002291
17WR-0020,3951.0,8.281977058867758,Wireless,AT&T Mobility,Sin asignar,-0.9247843819388938,0.1863269182422211,-2.1216384449816084,0.0470617434801031,-0.8811978807454991,0,test,3,0,Financial District/South Beach,0,94111,0,37.79895267875,-122.4005333484
16WR-0045,3941.0,8.279443487712665,Wireless,Otros,Otros,-0.9247843819388938,0.1863269182422211,-2.417785063289399,1.3979926970998924,-0.8811978807454991,0,test,5,0,Tenderloin,0,94102,0,37.78353138692,-122.40938135699
16WR-0518,3954.0,8.282735880201754,Wireless,"ExteNet Systems, Inc.",Sin asignar,-0.9247843819388938,0.1863269182422211,-2.1216384449816084,0.0470617434801031,-0.8811978807454991,0,train,3,0,Nob Hill,0,94102,0,37.78901668932,-122.41109763179
18WR-0407,3944.0,8.280204233279974,Wireless,Otros,Sin asignar,-0.9247843819388938,0.1863269182422211,-1.2331985900582365,-0.2906709949248441,-0.8811978807454991,0,test,10,0,Bayview Hunters Point,0,94124,0,37.72805371238,-122.38519213557
18WR-0195,3943.0,8.279950715722526,Wireless,Otros,Sin asignar,-0.9247843819388938,0.1863269182422211,-1.529345208366027,0.3847944818850504,-0.8811978807454991,0,train,7,0,Inner Sunset,0,94122,0,37.75707509851,-122.47459405253
16WR-0452,3931.0,8.276903481267057,Wireless,"ExteNet Systems, Inc.",Sin asignar,-0.9247843819388938,0.1863269182422211,-2.1216384449816084,-0.6284037333297915,-0.8811978807454991,0,train,6,0,South of Market,0,94103,0,37.77571284007,-122.41431944385
19WR-00178,3926.0,8.27563105457801,Wireless,Otros,Sin asignar,-0.9247843819388938,0.1863269182422211,-1.2331985900582365,0.7225272202899977,-0.8811978807454991,0,train,7,0,Inner Sunset,0,94122,0,37.75911082861,-122.46366221329
16WR-0107,3938.0,8.278682162970906,Wireless,Verizon Wireless,Sin asignar,-0.9247843819388938,0.1863269182422211,-1.529345208366027,-1.303869210139686,-0.8811978807454991,0,train,1,0,Inner Richmond,0,94118,0,37.78423014532,-122.45927573835
16WR-0433,3935.0,8.277920258172143,Wireless,"ExteNet Systems, Inc.",Sin asignar,-0.9247843819388938,0.1863269182422211,-2.1216384449816084,0.3847944818850504,-0.8811978807454991,0,train,2,0,Marina,0,94123,0,37.79766736182,-122.42717458385
17WR-0095,3936.0,8.278174290943738,Wireless,"ExteNet Systems, Inc.",Sin asignar,-0.9247843819388938,0.1863269182422211,-1.8254918266738176,-1.6416019485446334,-0.8811978807454991,0,train,5,0,Western Addition,0,94102,0,37.78120271305,-122.425605732
15WR-0367,3929.0,8.276394704863307,Wireless,"ExteNet Systems, Inc.",Sin asignar,-0.9247843819388938,0.1863269182422211,-2.417785063289399,-1.9793346869495807,-0.8811978807454991,0,train,3,0,Chinatown,0,94133,0,37.79793239625,-122.40719274351
19WR-00168,3930.0,8.27664912542186,Wireless,Otros,Sin asignar,-0.9247843819388938,0.1863269182422211,-1.529345208366027,0.3847944818850504,-0.8811978807454991,0,test,6,0,Financial District/South Beach,0,94105,0,37.79383556954,-122.39478336436
16WR-0110,3935.0,8.277920258172143,Wireless,Verizon Wireless,Sin asignar,-0.9247843819388938,0.1863269182422211,-2.1216384449816084,-1.303869210139686,-0.8811978807454991,0,train,2,0,Presidio Heights,0,94118,0,37.78658077747,-122.45860185802
21IE-00075,2144.0,7.670894831362117,StrtImprov,Otros,Sin asignar,-0.8045912555399113,-7.984977906440067,0.5436811197885065,-1.6416019485446334,0.1527241807899269,1,train,10,0,Potrero Hill,1,Desconocido,1,37.75159900832,-122.3976634326
16WR-0030,3934.0,8.277666160851503,Wireless,Otros,Sin asignar,-0.9247843819388938,0.1863269182422211,-2.417785063289399,0.7225272202899977,-0.8811978807454991,0,train,3,0,Financial District/South Beach,0,94104,0,37.79226163545,-122.40348595473
16WR-0340,3954.0,8.282735880201754,Wireless,"ExteNet Systems, Inc.",Sin asignar,-0.9247843819388938,0.1863269182422211,-2.1216384449816084,0.3847944818850504,-0.8811978807454991,0,train,9,0,Mission,0,94110,0,37.75523902821,-122.41998459695
17WR-0026,3948.0,8.28121766128665,Wireless,AT&T Mobility,Sin asignar,-0.9247843819388938,0.1863269182422211,-2.1216384449816084,-0.6284037333297915,-0.8811978807454991,0,test,3,0,Financial District/South Beach,0,94104,0,37.79074113204,-122.40316661246
16WR-0472,3931.0,8.276903481267057,Wireless,"ExteNet Systems, Inc.",Sin asignar,-0.9247843819388938,0.1863269182422211,-2.1216384449816084,-0.6284037333297915,-0.8811978807454991,0,train,3,0,Russian Hill,0,94109,0,37.79974840021,-122.41900008736
15WR-0092,3936.0,8.278174290943738,Wireless,"ExteNet Systems, Inc.",Sin asignar,-0.9247843819388938,0.1863269182422211,-2.713931681597189,1.7357254355048397,-0.8811978807454991,0,test,3,0,Financial District/South Beach,0,94111,0,37.8038080746,-122.40417693316
16WR-0176,3944.0,8.280204233279974,Wireless,AT&T Mobility,Sin asignar,-0.9247843819388938,0.1863269182422211,-2.417785063289399,1.7357254355048397,-0.8811978807454991,0,train,6,0,Financial District/South Beach,0,94105,0,37.79030176585,-122.39389926276
21WR-00108,3944.0,8.280204233279974,Wireless,Otros,Sin asignar,-0.9247843819388938,0.1863269182422211,-0.6409053534426555,-1.303869210139686,-0.8811978807454991,0,train,10,0,Bayview Hunters Point,0,94124,0,37.73601137559,-122.39004972014
15WR-0584,3945.0,8.28045768658256,Wireless,Verizon Wireless,Sin asignar,-0.9247843819388938,0.1863269182422211,-2.417785063289399,-1.9793346869495807,-0.8811978807454991,0,train,6,0,South of Market,0,94103,0,37.77174115794,-122.40696121795
15WR-0361,3948.0,8.28121766128665,Wireless,"ExteNet Systems, Inc.",Sin asignar,-0.9247843819388938,0.1863269182422211,-2.417785063289399,0.0470617434801031,-0.8811978807454991,0,train,6,0,Financial District/South Beach,0,94103,0,37.78580191306,-122.40543032401
14WR-0029,4330.0,8.373553741214627,Wireless,"ExteNet Systems, Inc.",Sin asignar,-0.9247843819388938,0.1863269182422211,-2.713931681597189,-0.9661364717347388,-0.8811978807454991,0,train,3,0,Russian Hill,0,94133,0,37.80194319196,-122.41332454518
16WR-0199,3944.0,8.280204233279974,Wireless,"ExteNet Systems, Inc.",Sin asignar,-0.9247843819388938,0.1863269182422211,-2.417785063289399,1.060259958694945,-0.8811978807454991,0,train,3,0,Nob Hill,0,94109,0,37.79090270284,-122.41393405929
15WR-0120,3934.0,8.277666160851503,Wireless,"ExteNet Systems, Inc.",Sin asignar,-0.9247843819388938,0.1863269182422211,-2.713931681597189,1.7357254355048397,-0.8811978807454991,0,train,3,0,Nob Hill,0,94109,0,37.79805175387,-122.41539265138
15WR-0149,3929.0,8.276394704863307,Wireless,"ExteNet Systems, Inc.",Sin asignar,-0.9247843819388938,0.1863269182422211,-2.713931681597189,1.7357254355048397,-0.8811978807454991,0,test,5,0,Tenderloin,0,94109,0,37.78485439327,-122.41801627337
16WR-0025,3938.0,8.278682162970906,Wireless,"ExteNet Systems, Inc.",Sin asignar,-0.9247843819388938,0.1863269182422211,-2.1216384449816084,-0.9661364717347388,-0.8811978807454991,0,test,3,0,Russian Hill,0,94133,0,37.80155022106,-122.41798663039
17WR-0087,3932.0,8.27715777243181,Wireless,AT&T Mobility,Sin asignar,-0.9247843819388938,0.1863269182422211,-2.1216384449816084,0.3847944818850504,-0.8811978807454991,0,train,6,0,Financial District/South Beach,0,94105,0,37.78542865729,-122.39922301025
15WR-0536,3947.0,8.280964400553373,Wireless,Otros,Sin asignar,-0.9247843819388938,0.1863269182422211,-2.713931681597189,1.7357254355048397,-0.8811978807454991,0,train,8,0,Noe Valley,0,94131,0,37.74319654249,-122.43300610244
16WR-0358,3944.0,8.280204233279974,Wireless,"ExteNet Systems, Inc.",Sin asignar,-0.9247843819388938,0.1863269182422211,-2.1216384449816084,1.3979926970998924,-0.8811978807454991,0,test,5,0,Tenderloin,0,94102,0,37.78032084609,-122.41537865921
19WR-00235,3945.0,8.28045768658256,Wireless,Otros,Sin asignar,-0.9247843819388938,0.1863269182422211,-1.2331985900582365,-1.6416019485446334,-0.8811978807454991,0,train,10,0,Potrero Hill,0,94107,0,37.76509735307,-122.39530763167
16WR-0477,3943.0,8.279950715722526,Wireless,"ExteNet Systems, Inc.",Sin asignar,-0.9247843819388938,0.1863269182422211,-2.1216384449816084,-1.303869210139686,-0.8811978807454991,0,train,3,0,Nob Hill,0,94133,0,37.79513871657,-122.41460374732
16WR-0424,3943.0,8.279950715722526,Wireless,"ExteNet Systems, Inc.",Sin asignar,-0.9247843819388938,0.1863269182422211,-2.1216384449816084,0.0470617434801031,-0.8811978807454991,0,train,3,0,North Beach,0,94133,0,37.80453151073,-122.41321751424
16WR-0377,3929.0,8.276394704863307,Wireless,"ExteNet Systems, Inc.",Sin asignar,-0.9247843819388938,0.1863269182422211,-2.1216384449816084,0.7225272202899977,-0.8811978807454991,0,train,10,0,Bayview Hunters Point,0,94124,0,37.73629151958,-122.39132041653
18WR-0135,3937.0,8.278428259199071,Wireless,Otros,Sin asignar,-0.9247843819388938,0.1863269182422211,-1.8254918266738176,1.3979926970998924,-0.8811978807454991,0,train,2,0,Marina,0,94123,0,37.80180616855,-122.42983584077
18WR-0039,3931.0,8.276903481267057,Wireless,AT&T Mobility,Otros,-0.9247843819388938,0.1863269182422211,-1.8254918266738176,-0.2906709949248441,-0.8811978807454991,0,train,2,0,Presidio Heights,0,94118,0,37.78686264147,-122.44873324132
17WR-0214,3931.0,8.276903481267057,Wireless,Otros,Sin asignar,-0.9247843819388938,0.1863269182422211,-2.1216384449816084,1.060259958694945,-0.8811978807454991,0,train,1,0,Outer Richmond,0,94121,0,37.7718052365,-122.50376528727
18WR-0406,3928.0,8.27614021955846,Wireless,Otros,Sin asignar,-0.9247843819388938,0.1863269182422211,-1.2331985900582365,-1.6416019485446334,-0.8811978807454991,0,train,11,0,Excelsior,0,94112,0,37.72301748591,-122.43156035901
15WR-0184,3929.0,8.276394704863307,Wireless,"ExteNet Systems, Inc.",Sin asignar,-0.9247843819388938,0.1863269182422211,-2.713931681597189,1.7357254355048397,-0.8811978807454991,0,train,3,0,North Beach,0,94133,0,37.80534589872,-122.40901705083
18WR-0238,3950.0,8.281723990411392,Wireless,Otros,Sin asignar,-0.9247843819388938,0.1863269182422211,-1.529345208366027,-0.9661364717347388,-0.8811978807454991,0,train,2,0,Marina,0,94123,0,37.80276154229,-122.44019729449
16WR-0184,3939.0,8.27893600229198,Wireless,AT&T Mobility,Sin asignar,-0.9247843819388938,0.1863269182422211,-2.1216384449816084,-1.9793346869495807,-0.8811978807454991,0,train,3,0,Financial District/South Beach,0,94111,0,37.79502715179,-122.3966787423
21WR-00073,3950.0,8.281723990411392,Wireless,Otros,Sin asignar,-0.9247843819388938,0.1863269182422211,-0.937051971750446,1.7357254355048397,-0.8811978807454991,0,train,10,0,Bayview Hunters Point,0,94124,0,37.73553483575,-122.39959130362
14WR-0123,3956.0,8.283241441385425,Wireless,"ExteNet Systems, Inc.",Otros,-0.9247843819388938,0.1863269182422211,-2.713931681597189,1.7357254355048397,-0.8811978807454991,0,train,3,0,Russian Hill,0,94133,0,37.80038931917,-122.41407880411
21WR-00111,3929.0,8.276394704863307,Wireless,Otros,Sin asignar,-0.9247843819388938,0.1863269182422211,-0.6409053534426555,-1.303869210139686,-0.8811978807454991,0,train,9,0,Mission,0,94110,0,37.75578976619,-122.41106721918
15WR-0156,3929.0,8.276394704863307,Wireless,"ExteNet Systems, Inc.",Sin asignar,-0.9247843819388938,0.1863269182422211,-2.417785063289399,-1.303869210139686,-0.8811978807454991,0,train,3,0,North Beach,0,94133,0,37.79938810756,-122.40864454132
17WR-0038,3936.0,8.278174290943738,Wireless,"ExteNet Systems, Inc.",Sin asignar,-0.9247843819388938,0.1863269182422211,-2.1216384449816084,0.0470617434801031,-0.8811978807454991,0,test,3,0,Financial District/South Beach,0,94104,0,37.79226163545,-122.40348595473
16WR-0368,3942.0,8.279697133877628,Wireless,"ExteNet Systems, Inc.",Sin asignar,-0.9247843819388938,0.1863269182422211,-2.1216384449816084,0.7225272202899977,-0.8811978807454991,0,train,5,0,Hayes Valley,0,94102,0,37.77651773468,-122.42670282785
16WR-0296,3937.0,8.278428259199071,Wireless,AT&T Mobility,Sin asignar,-0.9247843819388938,0.1863269182422211,-2.1216384449816084,-1.9793346869495807,-0.8811978807454991,0,train,6,0,Financial District/South Beach,0,94107,0,37.78344082028,-122.39384269898
16WR-0166,3944.0,8.280204233279974,Wireless,"ExteNet Systems, Inc.",Sin asignar,-0.9247843819388938,0.1863269182422211,-2.417785063289399,1.060259958694945,-0.8811978807454991,0,test,2,0,Russian Hill,0,94109,0,37.80395284186,-122.42322551406
16WR-0265,3948.0,8.28121766128665,Wireless,AT&T Mobility,Sin asignar,-0.9247843819388938,0.1863269182422211,-2.1216384449816084,-1.6416019485446334,-0.8811978807454991,0,train,6,0,Financial District/South Beach,0,94105,0,37.79135182753,-122.39311043059
16WR-0213,3954.0,8.282735880201754,Wireless,AT&T Mobility,Sin asignar,-0.9247843819388938,0.1863269182422211,-2.417785063289399,1.7357254355048397,-0.8811978807454991,0,train,3,0,Financial District/South Beach,0,94111,0,37.79806657028,-122.4007879987
21WR-00046,3940.0,8.279189777195004,Wireless,Otros,Sin asignar,-0.9247843819388938,0.1863269182422211,-0.937051971750446,-0.2906709949248441,-0.8811978807454991,0,test,11,0,Outer Mission,0,94112,0,37.71742731854,-122.44158938686
16WR-0309,3934.0,8.277666160851503,Wireless,AT&T Mobility,Sin asignar,-0.9247843819388938,0.1863269182422211,-2.1216384449816084,-1.6416019485446334,-0.8811978807454991,0,train,6,0,Financial District/South Beach,0,94105,0,37.79003719765,-122.39816117073
18WR-0101,3954.0,8.282735880201754,Wireless,Verizon Wireless,Otros,-0.9247843819388938,0.1863269182422211,-1.8254918266738176,0.3847944818850504,-0.8811978807454991,0,train,2,0,Pacific Heights,0,94115,0,37.79162675812,-122.43498100613
19WR-00258,3934.0,8.277666160851503,Wireless,Otros,Sin asignar,-0.9247843819388938,0.1863269182422211,-1.2331985900582365,-0.9661364717347388,-0.8811978807454991,0,train,2,0,Pacific Heights,0,94109,0,37.79291172943,-122.4248272666
18WR-0237,3940.0,8.279189777195004,Wireless,Otros,Sin asignar,-0.9247843819388938,0.1863269182422211,-1.529345208366027,-0.9661364717347388,-0.8811978807454991,0,train,2,0,Marina,0,94123,0,37.80127160529,-122.44634259859
18WR-0096,3933.0,8.277411998949004,Wireless,Verizon Wireless,Otros,-0.9247843819388938,0.1863269182422211,-1.8254918266738176,0.3847944818850504,-0.8811978807454991,0,train,2,0,Marina,0,94123,0,37.79677127647,-122.44201305246
24MFF-00020,339.0,5.828945617610208,FoodFac,Otros,Sin asignar,-0.9247843819388938,0.1863269182422211,0.247534501480716,1.7357254355048397,-0.8811978807454991,0,train,10,0,Bayview Hunters Point,0,94134,0,37.70863436839,-122.4053181783
18WR-0040,3932.0,8.27715777243181,Wireless,AT&T Mobility,Otros,-0.9247843819388938,0.1863269182422211,-1.8254918266738176,0.0470617434801031,-0.8811978807454991,0,train,1,0,Lone Mountain/USF,0,94118,0,37.77793498094,-122.45128012289
18WR-0388,3929.0,8.276394704863307,Wireless,Otros,Sin asignar,-0.9247843819388938,0.1863269182422211,-1.529345208366027,-0.2906709949248441,-0.8811978807454991,0,train,5,0,Hayes Valley,0,94102,0,37.77699231653,-122.42178265385
18WR-0328,3943.0,8.279950715722526,Wireless,Otros,Sin asignar,-0.9247843819388938,0.1863269182422211,-1.529345208366027,-0.6284037333297915,-0.8811978807454991,0,train,9,0,Portola,0,94134,0,37.72696339766,-122.41588432748
19WR-00049,3956.0,8.283241441385425,Wireless,Otros,Sin asignar,-0.9247843819388938,0.1863269182422211,-1.529345208366027,0.0470617434801031,-0.8811978807454991,0,train,9,0,Mission,0,94103,0,37.76581950441,-122.40900641604
18WR-0229,3937.0,8.278428259199071,Wireless,Verizon Wireless,Sin asignar,-0.9247843819388938,0.1863269182422211,-1.8254918266738176,1.7357254355048397,-0.8811978807454991,0,train,2,0,Marina,0,94123,0,37.80096213642,-122.44161888529
15WR-0348,3931.0,8.276903481267057,Wireless,Verizon Wireless,Sin asignar,-0.9247843819388938,0.1863269182422211,-2.417785063289399,-1.6416019485446334,-0.8811978807454991,0,train,6,0,Mission,0,94103,0,37.76904574256,-122.41327021356
15WR-0576,3945.0,8.28045768658256,Wireless,Verizon Wireless,Sin asignar,-0.9247843819388938,0.1863269182422211,-2.417785063289399,-1.9793346869495807,-0.8811978807454991,0,train,10,0,Potrero Hill,0,94107,0,37.76509735307,-122.39530763167
16WR-0506,3931.0,8.276903481267057,Wireless,"ExteNet Systems, Inc.",Sin asignar,-0.9247843819388938,0.1863269182422211,-2.1216384449816084,-0.9661364717347388,-0.8811978807454991,0,train,3,0,Chinatown,0,94108,0,37.7935371015,-122.40629270093
18WR-0189,3930.0,8.27664912542186,Wireless,Otros,Sin asignar,-0.9247843819388938,0.1863269182422211,-1.529345208366027,-0.9661364717347388,-0.8811978807454991,0,train,2,0,Marina,0,94123,0,37.79694093448,-122.44502770692
17WR-0263,3954.0,8.282735880201754,Wireless,AT&T Mobility,Sin asignar,-0.9247843819388938,0.1863269182422211,-1.8254918266738176,-1.6416019485446334,-0.8811978807454991,0,train,3,0,Nob Hill,0,94108,0,37.78899886066,-122.40872317497
16WR-0305,3947.0,8.280964400553373,Wireless,AT&T Mobility,Sin asignar,-0.9247843819388938,0.1863269182422211,-1.8254918266738176,-0.6284037333297915,-0.8811978807454991,0,test,6,0,Financial District/South Beach,0,94105,0,37.7864296546,-122.39806930014
16wr-0456,3939.0,8.27893600229198,Wireless,"ExteNet Systems, Inc.",Sin asignar,-0.9247843819388938,0.1863269182422211,-2.1216384449816084,1.7357254355048397,-0.8811978807454991,0,train,5,0,Hayes Valley,0,94102,0,37.77575923492,-122.42423486232
20WR-00018,3926.0,8.27563105457801,Wireless,Otros,Sin asignar,-0.9247843819388938,0.1863269182422211,-1.2331985900582365,0.7225272202899977,-0.8811978807454991,0,train,3,0,Russian Hill,0,94133,0,37.80155022106,-122.41798663039
15WR-0578,3945.0,8.28045768658256,Wireless,Verizon Wireless,Sin asignar,-0.9247843819388938,0.1863269182422211,-2.417785063289399,-1.9793346869495807,-0.8811978807454991,0,test,6,0,Mission,0,94103,0,37.76931288888,-122.41095204312
16WR-0490,3935.0,8.277920258172143,Wireless,"ExteNet Systems, Inc.",Sin asignar,-0.9247843819388938,0.1863269182422211,-2.1216384449816084,-0.2906709949248441,-0.8811978807454991,0,train,3,0,Nob Hill,0,94108,0,37.7906942055,-122.4110972648
16WR-0015,3947.0,8.280964400553373,Wireless,Verizon Wireless,Otros,-0.9247843819388938,0.1863269182422211,-1.8254918266738176,-0.9661364717347388,-0.8811978807454991,0,train,2,0,Marina,0,94123,0,37.80212140114,-122.43313473161
18WR-0176,3948.0,8.28121766128665,Wireless,AT&T Mobility,Sin asignar,-0.9247843819388938,0.1863269182422211,-1.8254918266738176,1.3979926970998924,-0.8811978807454991,0,train,6,0,Mission Bay,0,94107,0,37.77682913433,-122.39521282434
18WR-0118,3942.0,8.279697133877628,Wireless,Otros,Sin asignar,-0.9247843819388938,0.1863269182422211,-1.8254918266738176,0.3847944818850504,-0.8811978807454991,0,train,6,0,Mission,0,94103,0,37.77204400666,-122.42234180298
16WR-0174,3938.0,8.278682162970906,Wireless,"ExteNet Systems, Inc.",Sin asignar,-0.9247843819388938,0.1863269182422211,-2.417785063289399,1.060259958694945,-0.8811978807454991,0,train,2,0,Russian Hill,0,94109,0,37.80271836296,-122.42215493387
18WR-0093,3937.0,8.278428259199071,Wireless,Verizon Wireless,Sin asignar,-0.9247843819388938,0.1863269182422211,-1.8254918266738176,1.3979926970998924,-0.8811978807454991,0,train,2,0,Pacific Heights,0,94123,0,37.79467493169,-122.44029937803
18WR-0284,3948.0,8.28121766128665,Wireless,Otros,Sin asignar,-0.9247843819388938,0.1863269182422211,-1.529345208366027,0.0470617434801031,-0.8811978807454991,0,train,2,0,Marina,0,94123,0,37.7991003591,-122.42829432226
18WR-0356,3951.0,8.281977058867758,Wireless,Otros,Sin asignar,-0.9247843819388938,0.1863269182422211,-1.529345208366027,0.7225272202899977,-0.8811978807454991,0,train,2,0,Pacific Heights,0,94115,0,37.7881529049,-122.44103982867
18WR-0136,3933.0,8.277411998949004,Wireless,Otros,Otros,-0.9247843819388938,0.1863269182422211,-1.8254918266738176,0.3847944818850504,-0.8811978807454991,0,train,5,0,Hayes Valley,0,94117,0,37.77491188126,-122.42993981246
16WR-0173,3937.0,8.278428259199071,Wireless,"ExteNet Systems, Inc.",Sin asignar,-0.9247843819388938,0.1863269182422211,-2.417785063289399,1.060259958694945,-0.8811978807454991,0,train,3,0,North Beach,0,94133,0,37.7995548433,-122.40760903692
21WR-00093,3952.0,8.282230063296685,Wireless,Otros,Sin asignar,-0.9247843819388938,0.1863269182422211,-0.6409053534426555,-1.6416019485446334,-0.8811978807454991,0,train,10,0,Bayview Hunters Point,0,94124,0,37.74614427124,-122.39306927181
15WR-0158,3943.0,8.279950715722526,Wireless,"ExteNet Systems, Inc.",Sin asignar,-0.9247843819388938,0.1863269182422211,-2.713931681597189,1.7357254355048397,-0.8811978807454991,0,train,2,0,Russian Hill,0,94109,0,37.80547339571,-122.42059704441
16WR-0105,3936.0,8.278174290943738,Wireless,Verizon Wireless,Sin asignar,-0.9247843819388938,0.1863269182422211,-2.1216384449816084,0.3847944818850504,-0.8811978807454991,0,train,2,0,Presidio Heights,0,94118,0,37.78832645112,-122.45901514265
18WR-0243,3934.0,8.277666160851503,Wireless,Otros,Sin asignar,-0.9247843819388938,0.1863269182422211,-1.529345208366027,0.3847944818850504,-0.8811978807454991,0,train,2,0,Marina,0,94123,0,37.80201543794,-122.42582850957
15WR-0085,3940.0,8.279189777195004,Wireless,"ExteNet Systems, Inc.",Sin asignar,-0.9247843819388938,0.1863269182422211,-2.713931681597189,1.7357254355048397,-0.8811978807454991,0,train,3,0,North Beach,0,94133,0,37.80145495303,-122.40781675764
15WR-0380,3929.0,8.276394704863307,Wireless,"ExteNet Systems, Inc.",Sin asignar,-0.9247843819388938,0.1863269182422211,-2.417785063289399,-1.9793346869495807,-0.8811978807454991,0,test,3,0,Nob Hill,0,94133,0,37.79671467777,-122.4151735515
17WR-0196,3937.0,8.278428259199071,Wireless,Verizon Wireless,Otros,-0.9247843819388938,0.1863269182422211,-2.1216384449816084,1.7357254355048397,-0.8811978807454991,0,test,8,0,Haight Ashbury,0,94117,0,37.76714088319,-122.4481784091
16WR-0335,3929.0,8.276394704863307,Wireless,"ExteNet Systems, Inc.",Sin asignar,-0.9247843819388938,0.1863269182422211,-1.8254918266738176,-1.303869210139686,-0.8811978807454991,0,train,8,0,Mission,0,94110,0,37.74798307455,-122.42312404608
15WR-0198,3943.0,8.279950715722526,Wireless,"ExteNet Systems, Inc.",Sin asignar,-0.9247843819388938,0.1863269182422211,-2.417785063289399,-1.9793346869495807,-0.8811978807454991,0,test,3,0,Nob Hill,0,94109,0,37.79026552765,-122.41449261816
19WR-00174,3932.0,8.27715777243181,Wireless,Otros,Sin asignar,-0.9247843819388938,0.1863269182422211,-1.2331985900582365,-1.6416019485446334,-0.8811978807454991,0,test,9,0,Mission,0,94110,0,37.757040272,-122.41642434461
18WR-0084,3947.0,8.280964400553373,Wireless,AT&T Mobility,Sin asignar,-0.9247843819388938,0.1863269182422211,-1.8254918266738176,0.3847944818850504,-0.8811978807454991,0,test,9,0,Mission,0,94110,0,37.75297419747,-122.42056158933
15WR-0385,3929.0,8.276394704863307,Wireless,"ExteNet Systems, Inc.",Sin asignar,-0.9247843819388938,0.1863269182422211,-2.417785063289399,-1.9793346869495807,-0.8811978807454991,0,train,3,0,Nob Hill,0,94109,0,37.78980892191,-122.41564499602
18WR-0280,3933.0,8.277411998949004,Wireless,Otros,Sin asignar,-0.9247843819388938,0.1863269182422211,-1.529345208366027,1.060259958694945,-0.8811978807454991,0,train,10,0,Mission,0,94110,0,37.75563850043,-122.40509353528
16WR-0197,3950.0,8.281723990411392,Wireless,"ExteNet Systems, Inc.",Sin asignar,-0.9247843819388938,0.1863269182422211,-2.417785063289399,1.060259958694945,-0.8811978807454991,0,test,3,0,Financial District/South Beach,0,94108,0,37.78782036957,-122.40417468487
17WR-0107,3942.0,8.279697133877628,Wireless,AT&T Mobility,Sin asignar,-0.9247843819388938,0.1863269182422211,-2.1216384449816084,0.7225272202899977,-0.8811978807454991,0,train,6,0,South of Market,0,94107,0,37.7787656166,-122.39619854097
16WR-0215,3948.0,8.28121766128665,Wireless,AT&T Mobility,Sin asignar,-0.9247843819388938,0.1863269182422211,-2.1216384449816084,-1.6416019485446334,-0.8811978807454991,0,train,3,0,Financial District/South Beach,0,94104,0,37.79323146108,-122.40078718298
16WR-0360,3942.0,8.279697133877628,Wireless,"ExteNet Systems, Inc.",Sin asignar,-0.9247843819388938,0.1863269182422211,-2.1216384449816084,0.7225272202899977,-0.8811978807454991,0,test,5,0,Tenderloin,0,94109,0,37.7832639116,-122.41757017775
15WR-0366,3956.0,8.283241441385425,Wireless,"ExteNet Systems, Inc.",Sin asignar,-0.9247843819388938,0.1863269182422211,-2.713931681597189,1.7357254355048397,-0.8811978807454991,0,test,3,0,Financial District/South Beach,0,94111,0,37.79336106326,-122.39976489916
17WR-0057,3952.0,8.282230063296685,Wireless,"ExteNet Systems, Inc.",Sin asignar,-0.9247843819388938,0.1863269182422211,-1.8254918266738176,-0.2906709949248441,-0.8811978807454991,0,train,3,0,Tenderloin,0,94102,0,37.78369690991,-122.40895138926
15WR-0481,3932.0,8.27715777243181,Wireless,Verizon Wireless,Sin asignar,-0.9247843819388938,0.1863269182422211,-2.417785063289399,-1.6416019485446334,-0.8811978807454991,0,train,6,0,Financial District/South Beach,0,94105,0,37.7901036328,-122.39741967429
18WR-0062,3953.0,8.282483003730562,Wireless,Otros,Sin asignar,-0.9247843819388938,0.1863269182422211,-1.8254918266738176,1.060259958694945,-0.8811978807454991,0,train,2,0,Marina,0,94123,0,37.8008227511,-122.44271431625
18WR-0318,3929.0,8.276394704863307,Wireless,"ExteNet Systems, Inc.",Sin asignar,-0.9247843819388938,0.1863269182422211,-1.529345208366027,-1.9793346869495807,-0.8811978807454991,0,train,1,0,Outer Richmond,0,94121,0,37.78047409353,-122.47777580987
15WR-0183,3929.0,8.276394704863307,Wireless,"ExteNet Systems, Inc.",Sin asignar,-0.9247843819388938,0.1863269182422211,-2.713931681597189,1.7357254355048397,-0.8811978807454991,0,train,3,0,North Beach,0,94133,0,37.80805306199,-122.41324756337
21WR-00033,3943.0,8.279950715722526,Wireless,Otros,Sin asignar,-0.9247843819388938,0.1863269182422211,-0.937051971750446,-0.2906709949248441,-0.8811978807454991,0,train,10,0,Visitacion Valley,0,94134,0,37.71125547268,-122.40421336053
15WR-0417,3929.0,8.276394704863307,Wireless,"ExteNet Systems, Inc.",Sin asignar,-0.9247843819388938,0.1863269182422211,-2.417785063289399,-1.9793346869495807,-0.8811978807454991,0,test,3,0,North Beach,0,94133,0,37.80699472634,-122.41688336335
25IE-00211,220.0,5.3981627015177525,StrtImprov,Otros,Otros,-0.9247843819388938,0.2565910467296257,0.5436811197885065,0.7225272202899977,3.87484360231746,1,test,8,0,Castro/Upper Market,0,94114,0,37.76324245578,-122.43464579348
25IE-00185,365.0,5.902633333401366,StrtImprov,"Esquivel Grading & Paving, Inc.",Otros,-0.9247843819388938,0.2235255745002588,0.247534501480716,0.7225272202899977,2.427352716167864,1,train,10,0,Bayview Hunters Point,0,94124,0,37.74305490056,-122.38668948465
25IE-00230,730.0,6.594413459749778,StrtImprov,Otros,Sin asignar,-0.9247843819388938,0.1284623418408291,0.247534501480716,-0.2906709949248441,3.818447853506437,1,train,6,0,Treasure Island,0,94130,0,37.8166146023,-122.37154442632
25IE-00254,638.0,6.459904454377535,StrtImprov,Otros,Sin asignar,-0.9247843819388938,-1.4090821168247305,0.5436811197885065,0.0470617434801031,0.1339255978529191,1,train,10,0,Visitacion Valley,0,94134,0,37.71217286492,-122.41651537865
25VDR-00062,566.0,6.340359303727752,Referral,Otros,Sin asignar,-0.9247843819388938,-1.400815748767389,0.5436811197885065,0.0470617434801031,0.1339255978529191,1,test,9,0,Mission,0,94110,0,37.75143953847,-122.41836656926
25VDR-00053,566.0,6.340359303727752,Referral,Otros,Sin asignar,-0.9247843819388938,-1.400815748767389,0.5436811197885065,0.0470617434801031,0.0963284319789036,1,train,9,0,Mission,0,94110,0,37.75303800744,-122.41851960702
25VDR-00047,566.0,6.340359303727752,Referral,Otros,Sin asignar,-0.9247843819388938,-1.400815748767389,0.5436811197885065,0.0470617434801031,0.0399326831678804,1,train,9,0,Mission,0,94110,0,37.75143953847,-122.41836656926
25VDR-00064,566.0,6.340359303727752,Referral,Otros,Sin asignar,-0.9247843819388938,-1.400815748767389,0.5436811197885065,0.0470617434801031,0.3407100101600043,1,train,9,0,Mission,0,94110,0,37.75484684377,-122.41885073494
25VDR-00055,566.0,6.340359303727752,Referral,Otros,Sin asignar,-0.9247843819388938,-1.400815748767389,0.5436811197885065,0.0470617434801031,0.1151270149159114,1,train,9,0,Mission,0,94110,0,37.75143953847,-122.41836656926
25VDR-00044,566.0,6.340359303727752,Referral,Otros,Sin asignar,-0.9247843819388938,-1.400815748767389,0.5436811197885065,0.0470617434801031,0.0211341002308726,1,test,9,0,Mission,0,94110,0,37.75303800744,-122.41851960702
25VDR-00063,566.0,6.340359303727752,Referral,Otros,Sin asignar,-0.9247843819388938,-1.400815748767389,0.5436811197885065,0.0470617434801031,0.0399326831678804,1,train,9,0,Mission,0,94110,0,37.75458610262,-122.41882577686
25VDR-00031,622.0,6.434546518787453,Referral,Otros,Sin asignar,-0.9247843819388938,-1.6322740543729568,0.5436811197885065,-0.6284037333297915,-0.1292545632651892,1,train,9,0,Mission,0,94110,0,37.75463674829,-122.41867075857
25VDR-00048,566.0,6.340359303727752,Referral,Otros,Sin asignar,-0.9247843819388938,-1.400815748767389,0.5436811197885065,0.0470617434801031,0.0963284319789036,1,test,9,0,Mission,0,94110,0,37.75303800744,-122.41851960702
25VDR-00049,566.0,6.340359303727752,Referral,Otros,Sin asignar,-0.9247843819388938,-1.400815748767389,0.5436811197885065,0.0470617434801031,0.1339255978529191,1,train,9,0,Mission,0,94110,0,37.75450491079,-122.41885616349
24VDR-00177,804.0,6.690842277418564,Referral,Otros,Sin asignar,-0.9247843819388938,-2.384513547591053,0.5436811197885065,1.3979926970998924,0.1715227637269346,1,train,9,0,Mission,0,94110,0,37.75463674829,-122.41867075857
25VDR-00050,566.0,6.340359303727752,Referral,Otros,Sin asignar,-0.9247843819388938,-1.400815748767389,0.5436811197885065,0.0470617434801031,0.0963284319789036,1,train,9,0,Mission,0,94110,0,37.75303800744,-122.41851960702
25VDR-00060,566.0,6.340359303727752,Referral,Otros,Sin asignar,-0.9247843819388938,-1.400815748767389,0.5436811197885065,0.0470617434801031,0.0023355172938649,1,train,9,0,Mission,0,94110,0,37.75303800744,-122.41851960702
25VDR-00059,566.0,6.340359303727752,Referral,Otros,Sin asignar,-0.9247843819388938,-1.400815748767389,0.5436811197885065,0.0470617434801031,0.0963284319789036,1,train,9,0,Mission,0,94110,0,37.75143953847,-122.41836656926
25VDR-00051,566.0,6.340359303727752,Referral,Otros,Sin asignar,-0.9247843819388938,-1.50414534948416,0.5436811197885065,0.0470617434801031,0.1151270149159114,1,test,9,0,Mission,0,94110,0,37.75303800744,-122.41851960702
25VDR-00043,566.0,6.340359303727752,Referral,Otros,Sin asignar,-0.9247843819388938,-1.400815748767389,0.5436811197885065,0.0470617434801031,0.0211341002308726,1,train,9,0,Mission,0,94110,0,37.75303800744,-122.41851960702
25VDR-00033,620.0,6.431331081933479,Referral,Otros,Sin asignar,-0.9247843819388938,-1.6240076863156152,0.5436811197885065,-0.6284037333297915,-0.2044488950132202,1,train,9,0,Mission,0,94110,0,37.75143953847,-122.41836656926
25EXC-03334,332.0,5.808142489980444,Excavation,Otros,Otros,-0.6157163426272245,0.2855233349303218,0.5436811197885065,-1.6416019485446334,-0.0164630656431428,1,train,9,1,Bernal Heights,1,94110,1,37.727397463193164,-122.4263737167721
25VDR-00054,566.0,6.340359303727752,Referral,Otros,Sin asignar,-0.9247843819388938,-1.50414534948416,0.5436811197885065,0.0470617434801031,0.0211341002308726,1,train,9,0,Mission,0,94110,0,37.75430609798,-122.41883706155
25IE-00276,900.0,6.803505257608338,StrtImprov,Otros,Sin asignar,-0.9247843819388938,0.2069928383855754,0.247534501480716,0.0470617434801031,0.6978830859631515,1,train,6,0,Treasure Island,0,94130,0,37.82749347787,-122.36739052107
24EXC-01437,283.0,5.648974238161206,Excavation,Pacific Gas & Electric,Don Doan,-0.735909469026207,0.2317919425576006,0.5436811197885065,-0.9661364717347388,-0.3172403926352667,1,train,11,0,Excelsior,1,94112,1,37.709079387385835,-122.44412077085
25VDR-00046,566.0,6.340359303727752,Referral,Otros,Sin asignar,-0.9247843819388938,-1.400815748767389,0.5436811197885065,0.0470617434801031,0.0211341002308726,1,train,9,0,Mission,0,94110,0,37.75463674829,-122.41867075857
19IE-00302,183.0,5.214935757608986,StrtImprov,Otros,Otros,-0.9247843819388938,0.1987264703282337,0.5436811197885065,-0.2906709949248441,0.7166816689001593,1,test,10,0,Bayview Hunters Point,0,94124,0,37.73733589633,-122.39988705868
25VDR-00045,566.0,6.340359303727752,Referral,Otros,Sin asignar,-0.9247843819388938,-1.400815748767389,0.5436811197885065,0.0470617434801031,0.0399326831678804,1,train,9,0,Mission,0,94110,0,37.75303800744,-122.41851960702
25VDR-00056,566.0,6.340359303727752,Referral,Otros,Sin asignar,-0.9247843819388938,-1.50414534948416,0.5436811197885065,0.0470617434801031,0.0399326831678804,1,test,9,0,Mission,0,94110,0,37.75303800744,-122.41851960702
24PKT-00040,354.0,5.872117789475416,Otros,Otros,Sin asignar,-0.9247843819388938,2.0255938110007534,-0.0486121168270745,0.7225272202899977,6.46904804762453,1,train,1,0,Inner Richmond,0,94118,0,37.78297593088,-122.46273969236
24PKT-00045,658.0,6.490723534502507,Otros,Otros,Sin asignar,-0.9247843819388938,0.1863269182422211,-0.0486121168270745,1.3979926970998924,8.574489336569398,1,test,8,0,Noe Valley,0,94114,0,37.75149983579,-122.4328619171
23PKT-00152,745.0,6.61472560020376,Otros,Otros,Sin asignar,-0.9247843819388938,0.1863269182422211,-0.0486121168270745,1.060259958694945,5.848694810703274,1,test,2,0,Marina,0,94123,0,37.79825584237,-122.43590230824
23PKT-00234,997.0,6.905753276311464,Otros,Otros,Sin asignar,-0.9247843819388938,0.1863269182422211,-0.0486121168270745,-1.6416019485446334,5.754701896018236,1,train,2,0,Marina,0,94123,0,37.79819153129,-122.43588923287
25IE-00292,518.0,6.251903883165888,StrtImprov,Otros,Sin asignar,-0.9247843819388938,0.1243291578121582,0.247534501480716,0.0470617434801031,0.6978830859631515,1,train,6,0,Mission Bay,0,94158,0,37.7720800656,-122.388247779
25VDR-00066,552.0,6.315358001522335,Referral,Otros,Sin asignar,-0.9247843819388938,-1.3429511723659968,0.5436811197885065,0.0470617434801031,-0.2044488950132202,1,train,9,0,Mission,0,94110,0,37.75463674829,-122.41867075857
25VDR-00067,566.0,6.340359303727752,Referral,Otros,Sin asignar,-0.9247843819388938,-1.50414534948416,0.5436811197885065,0.0470617434801031,-0.2044488950132202,1,train,9,0,Mission,0,94110,0,37.75303800744,-122.41851960702
25VDR-00034,620.0,6.431331081933479,Referral,Otros,Sin asignar,-0.9247843819388938,-1.6240076863156152,0.5436811197885065,-0.6284037333297915,-0.2044488950132202,1,train,9,0,Mission,0,94110,0,37.75143953847,-122.41836656926
24PKT-00003,142.0,4.962844630259907,Otros,Otros,Otros,-0.9247843819388938,0.1739273661562085,0.5436811197885065,-0.2906709949248441,7.220991365104839,1,train,9,0,Mission,0,94110,0,37.75222750364,-122.41653872288
25IE-00202,192.0,5.262690188904886,StrtImprov,Otros,Otros,-0.9247843819388938,0.2359251265862714,0.5436811197885065,0.7225272202899977,4.551592588049739,1,test,9,0,Portola,0,94134,0,37.7298478879,-122.40468830441
21IE-00267,30.0,3.4339872044851463,StrtImprov,Otros,Otros,-0.9247843819388938,0.2276587585289297,0.5436811197885065,0.3847944818850504,-0.5052262220053442,1,train,11,0,Oceanview/Merced/Ingleside,0,94112,0,37.71238719291,-122.45977405046
25VDR-00071,451.0,6.113682179832232,Referral,Otros,Sin asignar,-0.9247843819388938,0.1656609980988668,0.247534501480716,0.3847944818850504,0.1151270149159114,1,train,9,0,Mission,0,94103,0,37.7678993733,-122.41571385207
